solver,instance_number,objective,number_of_runways,landing_times,time_diff_to_target,runway_assignment,objective_value,penalty_objective,total_time_objective,makespan_objective,time_taken,ub,lb,gap
mip,1,penalty,1,"[165.0, 258.0, 98.0, 106.0, 118.0, 126.0, 134.0, 142.0, 150.0, 180.0]","[10.0, 0.0, 0.0, 0.0, -5.0, -9.0, -4.0, 2.0, 0.0, 0.0]","[0, 0, 0, 0, 0, 0, 0, 0, 0, 0]",700.0,700.0,1477.0,258.0,0.02131795883178711,700.0,700.0,0.0
mip,1,total_time,1,"[159.0, 195.0, 89.0, 97.0, 110.0, 120.0, 128.0, 136.0, 144.0, 174.0]","[4.0, -63.0, -9.0, -9.0, -13.0, -15.0, -10.0, -4.0, -6.0, -6.0]","[0, 0, 0, 0, 0, 0, 0, 0, 0, 0]",1352.0,2830.0,1352.0,195.0,0.02314925193786621,1352.0,1352.0,0.0
mip,1,makespan,1,"[159.0, 195.0, 104.0, 96.0, 112.0, 120.0, 128.0, 144.0, 136.0, 174.0]","[4.0, -63.0, 6.0, -10.0, -11.0, -15.0, -10.0, 4.0, -14.0, -6.0]","[0, 0, 0, 0, 0, 0, 0, 0, 0, 0]",195.0,2950.0,1368.0,195.0,0.0040531158447265625,195.0,195.0,0.0
mip,1,penalty,2,"[155.0, 258.0, 98.0, 106.0, 123.0, 134.0, 138.0, 142.0, 150.0, 180.0]","[0.0, 0.0, 0.0, 0.0, 0.0, -1.0, 0.0, 2.0, 0.0, 0.0]","[0, 0, 0, 1, 0, 1, 0, 1, 1, 0]",90.0,90.0,1484.0,258.0,0.056387901306152344,90.0,90.0,0.0
mip,1,total_time,2,"[139.0, 195.0, 89.0, 96.0, 110.0, 120.0, 124.0, 128.0, 136.0, 160.0]","[-16.0, -63.0, -9.0, -10.0, -13.0, -15.0, -14.0, -12.0, -14.0, -20.0]","[0, 1, 1, 0, 0, 1, 0, 1, 1, 1]",1297.0,4000.0,1297.0,195.0,0.05378293991088867,1297.0,1297.0,0.0
mip,1,makespan,2,"[129.0, 195.0, 89.0, 96.0, 110.0, 120.0, 144.0, 128.0, 136.0, 160.0]","[-26.0, -63.0, -9.0, -10.0, -13.0, -15.0, 6.0, -12.0, -14.0, -20.0]","[0, 0, 0, 1, 0, 1, 0, 1, 1, 1]",195.0,3860.0,1307.0,195.0,0.004387855529785156,195.0,195.0,0.0
mip,1,penalty,3,"[155.0, 258.0, 98.0, 106.0, 123.0, 135.0, 138.0, 140.0, 150.0, 180.0]","[0.0, 0.0, 0.0, 0.0, 0.0, 0.0, 0.0, 0.0, 0.0, 0.0]","[0, 1, 0, 1, 0, 2, 1, 0, 2, 2]",0.0,0.0,1483.0,258.0,0.004814863204956055,0.0,0.0,0.0
mip,1,total_time,3,"[129.0, 195.0, 89.0, 96.0, 110.0, 120.0, 124.0, 128.0, 135.0, 160.0]","[-26.0, -63.0, -9.0, -10.0, -13.0, -15.0, -14.0, -12.0, -15.0, -20.0]","[0, 1, 1, 2, 1, 1, 2, 1, 2, 1]",1286.0,4130.0,1286.0,195.0,0.016978025436401367,1286.0,1286.0,0.0
mip,1,makespan,3,"[139.0, 195.0, 89.0, 96.0, 110.0, 120.0, 124.0, 126.0, 135.0, 160.0]","[-16.0, -63.0, -9.0, -10.0, -13.0, -15.0, -14.0, -14.0, -15.0, -20.0]","[0, 1, 2, 0, 2, 1, 0, 2, 2, 0]",195.0,4090.0,1294.0,195.0,0.004518032073974609,195.0,195.0,0.0
mip,2,penalty,1,"[196.0, 250.0, 90.0, 98.0, 106.0, 114.0, 122.0, 130.0, 138.0, 151.0, 339.0, 313.0, 181.0, 171.0, 342.0]","[41.0, 0.0, -3.0, 0.0, -5.0, -6.0, 1.0, 10.0, 10.0, 0.0, -2.0, 0.0, 0.0, 0.0, 0.0]","[0, 0, 0, 0, 0, 0, 0, 0, 0, 0, 0, 0, 0, 0, 0]",1480.0,1480.0,2741.0,342.0,0.0731351375579834,1480.0,1480.0,0.0
mip,2,total_time,1,"[175.0, 190.0, 84.0, 92.0, 100.0, 108.0, 124.0, 132.0, 116.0, 140.0, 266.0, 251.0, 160.0, 152.0, 276.0]","[20.0, -60.0, -9.0, -6.0, -11.0, -12.0, 3.0, 12.0, -12.0, -11.0, -75.0, -62.0, -21.0, -19.0, -66.0]","[0, 0, 0, 0, 0, 0, 0, 0, 0, 0, 0, 0, 0, 0, 0]",2366.0,6310.0,2366.0,276.0,0.09224915504455566,2366.0,2366.0,0.0
mip,2,makespan,1,"[132.0, 194.0, 84.0, 92.0, 100.0, 117.0, 171.0, 109.0, 163.0, 147.0, 266.0, 251.0, 179.0, 155.0, 276.0]","[-23.0, -56.0, -9.0, -6.0, -11.0, -3.0, 50.0, -11.0, 35.0, -4.0, -75.0, -62.0, -2.0, -16.0, -66.0]","[0, 0, 0, 0, 0, 0, 0, 0, 0, 0, 0, 0, 0, 0, 0]",276.0,7230.0,2436.0,276.0,0.00584101676940918,276.0,276.0,0.0
mip,2,penalty,2,"[155.0, 250.0, 93.0, 98.0, 111.0, 120.0, 128.0, 120.0, 128.0, 151.0, 341.0, 313.0, 181.0, 171.0, 342.0]","[0.0, 0.0, 0.0, 0.0, 0.0, 0.0, 7.0, 0.0, 0.0, 0.0, 0.0, 0.0, 0.0, 0.0, 0.0]","[0, 1, 0, 1, 0, 0, 1, 1, 0, 1, 0, 0, 0, 0, 1]",210.0,210.0,2702.0,342.0,0.019178152084350586,210.0,210.0,0.0
mip,2,total_time,2,"[130.0, 190.0, 84.0, 89.0, 100.0, 107.0, 117.0, 109.0, 115.0, 134.0, 266.0, 251.0, 160.0, 152.0, 276.0]","[-25.0, -60.0, -9.0, -9.0, -11.0, -13.0, -4.0, -11.0, -13.0, -17.0, -75.0, -62.0, -21.0, -19.0, -66.0]","[0, 1, 1, 0, 1, 0, 1, 1, 0, 1, 1, 1, 1, 1, 1]",2280.0,6690.0,2280.0,276.0,0.022333145141601562,2280.0,2280.0,0.0
mip,2,makespan,2,"[129.0, 190.0, 84.0, 89.0, 100.0, 108.0, 116.0, 109.0, 129.0, 137.0, 266.0, 251.0, 160.0, 152.0, 276.0]","[-26.0, -60.0, -9.0, -9.0, -11.0, -12.0, -5.0, -11.0, 1.0, -14.0, -75.0, -62.0, -21.0, -19.0, -66.0]","[0, 0, 0, 1, 1, 1, 1, 0, 1, 1, 0, 0, 1, 0, 1]",276.0,6250.0,2296.0,276.0,0.00846409797668457,276.0,276.0,0.0
mip,2,penalty,3,"[155.0, 250.0, 93.0, 98.0, 111.0, 120.0, 121.0, 120.0, 128.0, 151.0, 341.0, 313.0, 181.0, 171.0, 342.0]","[0.0, 0.0, 0.0, 0.0, 0.0, 0.0, 0.0, 0.0, 0.0, 0.0, 0.0, 0.0, 0.0, 0.0, 0.0]","[0, 0, 1, 0, 0, 0, 1, 2, 2, 2, 0, 1, 1, 2, 2]",0.0,0.0,2695.0,342.0,0.01081395149230957,0.0,0.0,0.0
mip,2,total_time,3,"[129.0, 190.0, 84.0, 89.0, 100.0, 107.0, 109.0, 109.0, 115.0, 134.0, 266.0, 251.0, 160.0, 152.0, 276.0]","[-26.0, -60.0, -9.0, -9.0, -11.0, -13.0, -12.0, -11.0, -13.0, -17.0, -75.0, -62.0, -21.0, -19.0, -66.0]","[0, 0, 1, 0, 0, 1, 0, 2, 1, 2, 0, 1, 2, 2, 0]",2271.0,6940.0,2271.0,276.0,0.011014223098754883,2271.0,2271.0,0.0
mip,2,makespan,3,"[167.0, 190.0, 84.0, 92.0, 100.0, 107.0, 109.0, 115.0, 115.0, 134.0, 276.0, 276.0, 167.0, 152.0, 276.0]","[12.0, -60.0, -9.0, -6.0, -11.0, -13.0, -12.0, -5.0, -13.0, -17.0, -65.0, -37.0, -14.0, -19.0, -66.0]","[0, 2, 1, 1, 0, 2, 0, 2, 1, 2, 2, 1, 1, 0, 0]",276.0,5970.0,2360.0,276.0,0.010860681533813477,276.0,276.0,0.0
mip,3,penalty,1,"[82.0, 197.0, 184.0, 116.0, 261.0, 100.0, 229.0, 108.0, 132.0, 140.0, 149.0, 124.0, 335.0, 316.0, 258.0, 409.0, 338.0, 287.0, 160.0, 169.0]","[0.0, 0.0, 24.0, -1.0, 0.0, -6.0, 0.0, 0.0, 0.0, 10.0, 0.0, -2.0, -1.0, 0.0, 0.0, 0.0, 0.0, 0.0, 0.0, 0.0]","[0, 0, 0, 0, 0, 0, 0, 0, 0, 0, 0, 0, 0, 0, 0, 0, 0, 0, 0, 0]",820.0,820.0,4094.0,409.0,0.0219118595123291,820.0,820.0,0.0
mip,3,total_time,1,"[75.0, 177.0, 174.0, 103.0, 201.0, 95.0, 185.0, 111.0, 127.0, 135.0, 143.0, 119.0, 261.0, 250.0, 214.0, 310.0, 269.0, 237.0, 151.0, 159.0]","[-7.0, -20.0, 14.0, -14.0, -60.0, -11.0, -44.0, 3.0, -5.0, 5.0, -6.0, -7.0, -75.0, -66.0, -44.0, -99.0, -69.0, -50.0, -9.0, -10.0]","[0, 0, 0, 0, 0, 0, 0, 0, 0, 0, 0, 0, 0, 0, 0, 0, 0, 0, 0, 0]",3496.0,7720.0,3496.0,310.0,0.18316411972045898,3496.0,3496.0,0.0
mip,3,makespan,1,"[87.0, 208.0, 140.0, 106.0, 202.0, 125.0, 205.0, 98.0, 117.0, 171.0, 163.0, 155.0, 261.0, 250.0, 214.0, 310.0, 269.0, 237.0, 179.0, 187.0]","[5.0, 11.0, -20.0, -11.0, -59.0, 19.0, -24.0, -10.0, -15.0, 41.0, 14.0, 29.0, -75.0, -66.0, -44.0, -99.0, -69.0, -50.0, 19.0, 18.0]","[0, 0, 0, 0, 0, 0, 0, 0, 0, 0, 0, 0, 0, 0, 0, 0, 0, 0, 0, 0]",310.0,10600.0,3684.0,310.0,0.009016990661621094,310.0,310.0,0.0
mip,3,penalty,2,"[82.0, 197.0, 160.0, 117.0, 261.0, 106.0, 229.0, 108.0, 132.0, 130.0, 149.0, 124.0, 336.0, 316.0, 258.0, 409.0, 338.0, 287.0, 160.0, 169.0]","[0.0, 0.0, 0.0, 0.0, 0.0, 0.0, 0.0, 0.0, 0.0, 0.0, 0.0, -2.0, 0.0, 0.0, 0.0, 0.0, 0.0, 0.0, 0.0, 0.0]","[0, 1, 0, 0, 1, 0, 1, 1, 1, 0, 1, 1, 1, 1, 0, 1, 0, 1, 1, 1]",60.0,60.0,4068.0,409.0,0.023973941802978516,60.0,60.0,0.0
mip,3,total_time,2,"[75.0, 157.0, 134.0, 103.0, 201.0, 95.0, 185.0, 98.0, 122.0, 117.0, 132.0, 114.0, 261.0, 250.0, 214.0, 310.0, 269.0, 237.0, 144.0, 152.0]","[-7.0, -40.0, -26.0, -14.0, -60.0, -11.0, -44.0, -10.0, -10.0, -13.0, -17.0, -12.0, -75.0, -66.0, -44.0, -99.0, -69.0, -50.0, -16.0, -17.0]","[0, 0, 0, 1, 1, 1, 0, 0, 1, 0, 1, 1, 0, 0, 0, 1, 1, 1, 1, 1]",3370.0,9540.0,3370.0,310.0,0.029773950576782227,3370.0,3370.0,0.0
mip,3,makespan,2,"[87.0, 157.0, 145.0, 103.0, 201.0, 95.0, 185.0, 98.0, 122.0, 130.0, 132.0, 114.0, 261.0, 250.0, 240.0, 310.0, 269.0, 237.0, 144.0, 152.0]","[5.0, -40.0, -15.0, -14.0, -60.0, -11.0, -44.0, -10.0, -10.0, 0.0, -17.0, -12.0, -75.0, -66.0, -18.0, -99.0, -69.0, -50.0, -16.0, -17.0]","[0, 1, 1, 1, 1, 1, 1, 0, 1, 1, 0, 1, 0, 0, 0, 0, 0, 0, 0, 0]",310.0,8720.0,3432.0,310.0,0.017140865325927734,310.0,310.0,0.0
mip,3,penalty,3,"[82.0, 197.0, 160.0, 117.0, 261.0, 106.0, 229.0, 108.0, 132.0, 130.0, 149.0, 126.0, 336.0, 316.0, 258.0, 409.0, 338.0, 287.0, 160.0, 169.0]","[0.0, 0.0, 0.0, 0.0, 0.0, 0.0, 0.0, 0.0, 0.0, 0.0, 0.0, 0.0, 0.0, 0.0, 0.0, 0.0, 0.0, 0.0, 0.0, 0.0]","[0, 0, 2, 1, 1, 0, 0, 2, 2, 1, 1, 0, 2, 2, 0, 0, 1, 1, 1, 0]",0.0,0.0,4070.0,409.0,0.0167081356048584,0.0,0.0,0.0
mip,3,total_time,3,"[75.0, 157.0, 134.0, 103.0, 201.0, 95.0, 185.0, 98.0, 117.0, 117.0, 132.0, 114.0, 261.0, 250.0, 214.0, 310.0, 269.0, 237.0, 144.0, 151.0]","[-7.0, -40.0, -26.0, -14.0, -60.0, -11.0, -44.0, -10.0, -15.0, -13.0, -17.0, -12.0, -75.0, -66.0, -44.0, -99.0, -69.0, -50.0, -16.0, -18.0]","[0, 0, 2, 1, 0, 1, 0, 0, 0, 2, 0, 1, 2, 0, 1, 2, 2, 2, 1, 2]",3364.0,9720.0,3364.0,310.0,0.016754865646362305,3364.0,3364.0,0.0
mip,3,makespan,3,"[87.0, 157.0, 134.0, 103.0, 201.0, 95.0, 185.0, 98.0, 117.0, 117.0, 132.0, 114.0, 261.0, 250.0, 214.0, 310.0, 269.0, 237.0, 144.0, 151.0]","[5.0, -40.0, -26.0, -14.0, -60.0, -11.0, -44.0, -10.0, -15.0, -13.0, -17.0, -12.0, -75.0, -66.0, -44.0, -99.0, -69.0, -50.0, -16.0, -18.0]","[0, 0, 2, 0, 0, 1, 0, 2, 0, 2, 0, 1, 2, 0, 1, 2, 2, 2, 1, 2]",310.0,9660.0,3376.0,310.0,0.01764678955078125,310.0,310.0,0.0
mip,4,penalty,1,"[82.0, 90.0, 201.0, 270.0, 98.0, 130.0, 122.0, 114.0, 106.0, 280.0, 295.0, 154.0, 138.0, 291.0, 186.0, 146.0, 178.0, 170.0, 162.0, 357.0]","[-10.0, -3.0, 18.0, 0.0, 0.0, 13.0, 4.0, -2.0, -6.0, 0.0, 0.0, -2.0, 1.0, 0.0, 12.0, -10.0, 8.0, 1.0, -6.0, 0.0]","[0, 0, 0, 0, 0, 0, 0, 0, 0, 0, 0, 0, 0, 0, 0, 0, 0, 0, 0, 0]",2520.0,2520.0,3570.0,357.0,0.46775317192077637,2520.0,2520.0,0.0
mip,4,total_time,1,"[82.0, 98.0, 201.0, 204.0, 90.0, 130.0, 122.0, 114.0, 106.0, 221.0, 232.0, 154.0, 138.0, 235.0, 186.0, 146.0, 178.0, 170.0, 162.0, 286.0]","[-10.0, 5.0, 18.0, -66.0, -8.0, 13.0, 4.0, -2.0, -6.0, -59.0, -63.0, -2.0, 1.0, -56.0, 12.0, -10.0, 8.0, 1.0, -6.0, -71.0]","[0, 0, 0, 0, 0, 0, 0, 0, 0, 0, 0, 0, 0, 0, 0, 0, 0, 0, 0, 0]",3255.0,5970.0,3255.0,286.0,0.42743611335754395,3255.0,3255.0,0.0
mip,4,makespan,1,"[82.0, 90.0, 208.0, 205.0, 166.0, 133.0, 117.0, 109.0, 101.0, 221.0, 232.0, 141.0, 125.0, 235.0, 158.0, 174.0, 190.0, 182.0, 150.0, 286.0]","[-10.0, -3.0, 25.0, -65.0, 68.0, 16.0, -1.0, -7.0, -11.0, -59.0, -63.0, -15.0, -12.0, -56.0, -16.0, 18.0, 20.0, 13.0, -18.0, -71.0]","[0, 0, 0, 0, 0, 0, 0, 0, 0, 0, 0, 0, 0, 0, 0, 0, 0, 0, 0, 0]",286.0,10230.0,3305.0,286.0,0.009298086166381836,286.0,286.0,0.0
mip,4,penalty,2,"[90.0, 93.0, 187.0, 270.0, 98.0, 117.0, 124.0, 116.0, 109.0, 280.0, 295.0, 156.0, 137.0, 291.0, 174.0, 156.0, 172.0, 164.0, 166.0, 357.0]","[-2.0, 0.0, 4.0, 0.0, 0.0, 0.0, 6.0, 0.0, -3.0, 0.0, 0.0, 0.0, 0.0, 0.0, 0.0, 0.0, 2.0, -5.0, -2.0, 0.0]","[0, 1, 1, 1, 0, 1, 0, 0, 1, 0, 0, 0, 0, 1, 0, 1, 1, 1, 0, 0]",640.0,640.0,3552.0,357.0,0.16148090362548828,640.0,640.0,0.0
mip,4,total_time,2,"[82.0, 84.0, 173.0, 204.0, 90.0, 104.0, 109.0, 112.0, 101.0, 221.0, 232.0, 138.0, 123.0, 235.0, 159.0, 140.0, 158.0, 151.0, 150.0, 286.0]","[-10.0, -9.0, -10.0, -66.0, -8.0, -13.0, -9.0, -4.0, -11.0, -59.0, -63.0, -18.0, -14.0, -56.0, -15.0, -16.0, -12.0, -18.0, -18.0, -71.0]","[0, 1, 1, 0, 0, 0, 1, 0, 1, 1, 0, 0, 1, 0, 0, 1, 1, 0, 1, 1]",3052.0,8500.0,3052.0,286.0,0.6895842552185059,3052.0,3052.0,0.0
mip,4,makespan,2,"[84.0, 84.0, 174.0, 204.0, 96.0, 104.0, 117.0, 109.0, 101.0, 221.0, 232.0, 150.0, 123.0, 235.0, 159.0, 140.0, 167.0, 151.0, 159.0, 286.0]","[-8.0, -9.0, -9.0, -66.0, -2.0, -13.0, -1.0, -7.0, -11.0, -59.0, -63.0, -6.0, -14.0, -56.0, -15.0, -16.0, -3.0, -18.0, -9.0, -71.0]","[0, 1, 1, 1, 0, 0, 1, 1, 1, 1, 0, 0, 0, 0, 0, 0, 0, 1, 1, 0]",286.0,7200.0,3096.0,286.0,0.016909122467041016,286.0,286.0,0.0
mip,4,penalty,3,"[92.0, 93.0, 184.0, 270.0, 98.0, 117.0, 118.0, 116.0, 110.0, 280.0, 295.0, 156.0, 137.0, 291.0, 174.0, 156.0, 170.0, 169.0, 166.0, 357.0]","[0.0, 0.0, 1.0, 0.0, 0.0, 0.0, 0.0, 0.0, -2.0, 0.0, 0.0, 0.0, 0.0, 0.0, 0.0, 0.0, 0.0, 0.0, -2.0, 0.0]","[0, 1, 1, 0, 2, 2, 0, 1, 0, 2, 2, 2, 0, 2, 2, 0, 0, 1, 2, 1]",130.0,130.0,3549.0,357.0,0.03554201126098633,130.0,130.0,0.0
mip,4,total_time,3,"[82.0, 84.0, 150.0, 204.0, 89.0, 104.0, 109.0, 105.0, 101.0, 221.0, 232.0, 138.0, 123.0, 235.0, 159.0, 140.0, 158.0, 151.0, 150.0, 286.0]","[-10.0, -9.0, -33.0, -66.0, -9.0, -13.0, -9.0, -11.0, -11.0, -59.0, -63.0, -18.0, -14.0, -56.0, -15.0, -16.0, -12.0, -18.0, -18.0, -71.0]","[0, 1, 0, 0, 2, 0, 2, 1, 2, 2, 2, 2, 0, 0, 2, 1, 1, 2, 1, 0]",3021.0,8970.0,3021.0,286.0,0.10419511795043945,3021.0,3021.0,0.0
mip,4,makespan,3,"[93.0, 84.0, 155.0, 204.0, 89.0, 109.0, 109.0, 109.0, 101.0, 221.0, 232.0, 138.0, 150.0, 235.0, 170.0, 140.0, 158.0, 158.0, 150.0, 286.0]","[1.0, -9.0, -28.0, -66.0, -9.0, -8.0, -9.0, -7.0, -11.0, -59.0, -63.0, -18.0, 13.0, -56.0, -4.0, -16.0, -12.0, -11.0, -18.0, -71.0]","[0, 0, 1, 1, 2, 0, 1, 2, 0, 0, 1, 2, 2, 0, 1, 1, 0, 2, 0, 1]",286.0,7810.0,3091.0,286.0,0.019190073013305664,286.0,286.0,0.0
mip,5,penalty,1,"[201.0, 246.0, 82.0, 90.0, 98.0, 130.0, 114.0, 106.0, 122.0, 138.0, 307.0, 280.0, 170.0, 146.0, 301.0, 393.0, 162.0, 178.0, 154.0, 186.0]","[46.0, 0.0, -8.0, -4.0, -7.0, 18.0, 2.0, -5.0, 5.0, 1.0, 0.0, 0.0, 9.0, -5.0, 0.0, 0.0, 3.0, 16.0, 1.0, 4.0]","[0, 0, 0, 0, 0, 0, 0, 0, 0, 0, 0, 0, 0, 0, 0, 0, 0, 0, 0, 0]",3100.0,3100.0,3604.0,393.0,2.267535924911499,3100.0,3099.999999999636,1.173541550674746e-13
mip,5,total_time,1,"[201.0, 204.0, 82.0, 90.0, 98.0, 130.0, 122.0, 106.0, 114.0, 138.0, 240.0, 224.0, 170.0, 154.0, 243.0, 300.0, 186.0, 162.0, 146.0, 178.0]","[46.0, -42.0, -8.0, -4.0, -7.0, 18.0, 10.0, -5.0, -3.0, 1.0, -67.0, -56.0, 9.0, 3.0, -58.0, -93.0, 27.0, 0.0, -7.0, -4.0]","[0, 0, 0, 0, 0, 0, 0, 0, 0, 0, 0, 0, 0, 0, 0, 0, 0, 0, 0, 0]",3288.0,6800.0,3288.0,300.0,96.70929980278015,3288.0,3288.0,0.0
mip,5,makespan,1,"[195.0, 233.0, 108.0, 85.0, 210.0, 124.0, 132.0, 100.0, 116.0, 172.0, 245.0, 236.0, 156.0, 140.0, 242.0, 300.0, 164.0, 180.0, 148.0, 218.0]","[40.0, -13.0, 18.0, -9.0, 105.0, 12.0, 20.0, -11.0, -1.0, 35.0, -62.0, -44.0, -5.0, -11.0, -59.0, -93.0, 5.0, 18.0, -5.0, 36.0]","[0, 0, 0, 0, 0, 0, 0, 0, 0, 0, 0, 0, 0, 0, 0, 0, 0, 0, 0, 0]",300.0,11840.0,3504.0,300.0,0.014442205429077148,300.0,300.0,0.0
mip,5,penalty,2,"[138.0, 246.0, 90.0, 94.0, 104.0, 112.0, 112.0, 104.0, 120.0, 137.0, 307.0, 280.0, 161.0, 151.0, 301.0, 393.0, 159.0, 167.0, 153.0, 182.0]","[-17.0, 0.0, 0.0, 0.0, -1.0, 0.0, 0.0, -7.0, 3.0, 0.0, 0.0, 0.0, 0.0, 0.0, 0.0, 0.0, 0.0, 5.0, 0.0, 0.0]","[0, 0, 1, 0, 1, 1, 0, 0, 0, 1, 0, 1, 0, 1, 1, 0, 1, 1, 0, 0]",650.0,650.0,3511.0,393.0,0.198652982711792,650.0,650.0,0.0
mip,5,total_time,2,"[129.0, 187.0, 82.0, 85.0, 95.0, 103.0, 108.0, 100.0, 111.0, 122.0, 240.0, 224.0, 144.0, 135.0, 242.0, 300.0, 151.0, 152.0, 143.0, 162.0]","[-26.0, -59.0, -8.0, -9.0, -10.0, -9.0, -4.0, -11.0, -6.0, -15.0, -67.0, -56.0, -17.0, -16.0, -59.0, -93.0, -8.0, -10.0, -10.0, -20.0]","[0, 1, 1, 0, 1, 1, 0, 0, 1, 1, 1, 1, 0, 1, 0, 0, 1, 0, 1, 0]",3015.0,8190.0,3015.0,300.0,0.4780881404876709,3015.0,3015.0,0.0
mip,5,makespan,2,"[129.0, 187.0, 82.0, 90.0, 98.0, 100.0, 106.0, 108.0, 114.0, 122.0, 245.0, 224.0, 152.0, 144.0, 242.0, 300.0, 152.0, 160.0, 138.0, 168.0]","[-26.0, -59.0, -8.0, -4.0, -7.0, -12.0, -6.0, -3.0, -3.0, -15.0, -62.0, -56.0, -9.0, -7.0, -59.0, -93.0, -7.0, -2.0, -15.0, -14.0]","[0, 1, 1, 1, 1, 0, 1, 0, 1, 1, 0, 1, 1, 0, 0, 0, 0, 0, 1, 0]",300.0,6910.0,3061.0,300.0,0.020729780197143555,300.0,300.0,0.0
mip,5,penalty,3,"[147.0, 246.0, 90.0, 94.0, 105.0, 113.0, 112.0, 111.0, 119.0, 137.0, 307.0, 280.0, 161.0, 151.0, 301.0, 393.0, 159.0, 162.0, 153.0, 182.0]","[-8.0, 0.0, 0.0, 0.0, 0.0, 1.0, 0.0, 0.0, 2.0, 0.0, 0.0, 0.0, 0.0, 0.0, 0.0, 0.0, 0.0, 0.0, 0.0, 0.0]","[0, 0, 0, 1, 1, 1, 0, 2, 2, 1, 2, 1, 1, 2, 0, 0, 2, 0, 1, 1]",170.0,170.0,3523.0,393.0,0.07242226600646973,170.0,170.0,0.0
mip,5,total_time,3,"[129.0, 187.0, 82.0, 85.0, 95.0, 100.0, 103.0, 100.0, 108.0, 122.0, 240.0, 224.0, 143.0, 135.0, 242.0, 300.0, 144.0, 146.0, 138.0, 162.0]","[-26.0, -59.0, -8.0, -9.0, -10.0, -12.0, -9.0, -11.0, -9.0, -15.0, -67.0, -56.0, -18.0, -16.0, -59.0, -93.0, -15.0, -16.0, -15.0, -20.0]","[0, 0, 1, 0, 2, 1, 2, 0, 1, 1, 1, 0, 2, 2, 0, 0, 0, 1, 1, 0]",2985.0,9090.0,2985.0,300.0,0.10193467140197754,2985.0,2985.0,0.0
mip,5,makespan,3,"[129.0, 187.0, 82.0, 85.0, 95.0, 103.0, 108.0, 100.0, 108.0, 122.0, 240.0, 224.0, 152.5, 144.5, 242.0, 300.0, 146.0, 160.5, 138.0, 162.0]","[-26.0, -59.0, -8.0, -9.0, -10.0, -9.0, -4.0, -11.0, -9.0, -15.0, -67.0, -56.0, -8.5, -6.5, -59.0, -93.0, -13.0, -1.5, -15.0, -20.0]","[0, 0, 2, 1, 1, 1, 2, 0, 0, 1, 2, 1, 1, 1, 1, 0, 2, 1, 2, 0]",300.0,7785.0,3028.5,300.0,0.0232088565826416,300.0,300.0,0.0
mip,6,penalty,1,"[0.0, 96.0, 192.0, 392.0, 464.0, 560.0, 760.0, 832.0, 1032.0, 1112.0, 1184.0, 1280.0, 1461.0, 1591.0, 1671.0, 1751.0, 1831.0, 1903.0, 1999.0, 2180.0, 2252.0, 2348.0, 2576.0, 2656.0, 2728.0, 2928.0, 2998.0, 3098.0, 3170.0, 3266.0]","[0.0, 17.0, 48.0, 188.0, 200.0, 240.0, 232.0, 197.0, 302.0, 346.0, 394.0, 360.0, 415.0, 485.0, 535.0, 585.0, 598.0, 261.0, 284.0, 410.0, 178.0, 180.0, 317.0, 229.0, 247.0, 249.0, 115.0, 116.0, 124.0, 175.0]","[0, 0, 0, 0, 0, 0, 0, 0, 0, 0, 0, 0, 0, 0, 0, 0, 0, 0, 0, 0, 0, 0, 0, 0, 0, 0, 0, 0, 0, 0]",24442.0,24442.0,50311.0,3266.0,0.008163213729858398,24442.0,24442.0,0.0
mip,6,total_time,1,"[0.0, 96.0, 192.0, 392.0, 464.0, 560.0, 760.0, 832.0, 1032.0, 1112.0, 1184.0, 1280.0, 1461.0, 1591.0, 1671.0, 1751.0, 1831.0, 1903.0, 1999.0, 2180.0, 2252.0, 2348.0, 2576.0, 2656.0, 2728.0, 2928.0, 2998.0, 3098.0, 3170.0, 3266.0]","[0.0, 17.0, 48.0, 188.0, 200.0, 240.0, 232.0, 197.0, 302.0, 346.0, 394.0, 360.0, 415.0, 485.0, 535.0, 585.0, 598.0, 261.0, 284.0, 410.0, 178.0, 180.0, 317.0, 229.0, 247.0, 249.0, 115.0, 116.0, 124.0, 175.0]","[0, 0, 0, 0, 0, 0, 0, 0, 0, 0, 0, 0, 0, 0, 0, 0, 0, 0, 0, 0, 0, 0, 0, 0, 0, 0, 0, 0, 0, 0]",50311.0,24442.0,50311.0,3266.0,0.010497808456420898,50311.0,50311.0,0.0
mip,6,makespan,1,"[0.0, 96.0, 192.0, 392.0, 464.0, 560.0, 760.0, 832.0, 1032.0, 1112.0, 1184.0, 1280.0, 1461.0, 1591.0, 1671.0, 1751.0, 1831.0, 1903.0, 1999.0, 2180.0, 2252.0, 2348.0, 2576.0, 2656.0, 2728.0, 2928.0, 2998.0, 3098.0, 3170.0, 3266.0]","[0.0, 17.0, 48.0, 188.0, 200.0, 240.0, 232.0, 197.0, 302.0, 346.0, 394.0, 360.0, 415.0, 485.0, 535.0, 585.0, 598.0, 261.0, 284.0, 410.0, 178.0, 180.0, 317.0, 229.0, 247.0, 249.0, 115.0, 116.0, 124.0, 175.0]","[0, 0, 0, 0, 0, 0, 0, 0, 0, 0, 0, 0, 0, 0, 0, 0, 0, 0, 0, 0, 0, 0, 0, 0, 0, 0, 0, 0, 0, 0]",3266.0,24442.0,50311.0,3266.0,0.025091886520385742,3266.0,3266.0,0.0
mip,6,penalty,2,"[0.0, 79.0, 175.0, 204.0, 271.0, 320.0, 528.0, 635.0, 730.0, 810.0, 790.0, 920.0, 1046.0, 1276.0, 1136.0, 1166.0, 1233.0, 1642.0, 1738.0, 1770.0, 2074.0, 2170.0, 2259.0, 2427.0, 2481.0, 2679.0, 2883.0, 2982.0, 3046.0, 3091.0]","[0.0, 0.0, 31.0, 0.0, 7.0, 0.0, 0.0, 0.0, 0.0, 44.0, 0.0, 0.0, 0.0, 170.0, 0.0, 0.0, 0.0, 0.0, 23.0, 0.0, 0.0, 2.0, 0.0, 0.0, 0.0, 0.0, 0.0, 0.0, 0.0, 0.0]","[0, 1, 1, 0, 1, 0, 1, 1, 0, 0, 1, 1, 0, 0, 1, 0, 1, 0, 0, 1, 0, 0, 1, 1, 0, 1, 1, 0, 1, 0]",554.0,554.0,42561.0,3091.0,0.05260276794433594,554.0,554.0,0.0
mip,6,total_time,2,"[0.0, 79.0, 175.0, 204.0, 271.0, 320.0, 528.0, 635.0, 730.0, 810.0, 790.0, 920.0, 1046.0, 1148.0, 1146.0, 1226.0, 1233.0, 1642.0, 1738.0, 1770.0, 2074.0, 2170.0, 2259.0, 2427.0, 2481.0, 2679.0, 2883.0, 2982.0, 3046.0, 3091.0]","[0.0, 0.0, 31.0, 0.0, 7.0, 0.0, 0.0, 0.0, 0.0, 44.0, 0.0, 0.0, 0.0, 42.0, 10.0, 60.0, 0.0, 0.0, 23.0, 0.0, 0.0, 2.0, 0.0, 0.0, 0.0, 0.0, 0.0, 0.0, 0.0, 0.0]","[0, 1, 1, 0, 1, 0, 1, 0, 1, 1, 0, 1, 0, 1, 0, 0, 1, 0, 0, 1, 1, 1, 0, 1, 0, 1, 0, 1, 0, 1]",42503.0,636.0,42503.0,3091.0,0.08854413032531738,42503.0,42503.0,0.0
mip,6,makespan,2,"[0.0, 79.0, 175.0, 271.0, 271.0, 367.0, 528.0, 766.0, 966.0, 766.0, 1062.0, 966.0, 1393.0, 1523.0, 1393.0, 1313.0, 1233.0, 1842.0, 1842.0, 1770.0, 2074.0, 2170.0, 2427.0, 2427.0, 2499.0, 2679.0, 2883.0, 2982.0, 3091.0, 3091.0]","[0.0, 0.0, 31.0, 67.0, 7.0, 47.0, 0.0, 131.0, 236.0, 0.0, 272.0, 46.0, 347.0, 417.0, 257.0, 147.0, 0.0, 200.0, 127.0, 0.0, 0.0, 2.0, 168.0, 0.0, 18.0, 0.0, 0.0, 0.0, 45.0, 0.0]","[0, 1, 1, 0, 1, 1, 0, 0, 0, 1, 1, 1, 1, 1, 0, 0, 0, 0, 1, 1, 0, 0, 0, 1, 1, 0, 0, 1, 1, 0]",3091.0,7104.0,44849.0,3091.0,0.02399897575378418,3091.0,3091.0,0.0
mip,6,penalty,3,"[0.0, 79.0, 144.0, 204.0, 264.0, 320.0, 528.0, 635.0, 730.0, 766.0, 790.0, 920.0, 1046.0, 1106.0, 1136.0, 1166.0, 1233.0, 1642.0, 1715.0, 1770.0, 2074.0, 2168.0, 2259.0, 2427.0, 2481.0, 2679.0, 2883.0, 2982.0, 3046.0, 3091.0]","[0.0, 0.0, 0.0, 0.0, 0.0, 0.0, 0.0, 0.0, 0.0, 0.0, 0.0, 0.0, 0.0, 0.0, 0.0, 0.0, 0.0, 0.0, 0.0, 0.0, 0.0, 0.0, 0.0, 0.0, 0.0, 0.0, 0.0, 0.0, 0.0, 0.0]","[0, 1, 2, 0, 1, 2, 0, 2, 1, 0, 2, 0, 1, 2, 0, 1, 2, 1, 0, 2, 1, 0, 2, 1, 0, 1, 0, 2, 1, 2]",0.0,0.0,42284.0,3091.0,0.025146007537841797,0.0,0.0,0.0
mip,6,total_time,3,"[0.0, 79.0, 144.0, 204.0, 264.0, 320.0, 528.0, 635.0, 730.0, 766.0, 790.0, 920.0, 1046.0, 1106.0, 1136.0, 1166.0, 1233.0, 1642.0, 1715.0, 1770.0, 2074.0, 2168.0, 2259.0, 2427.0, 2481.0, 2679.0, 2883.0, 2982.0, 3046.0, 3091.0]","[0.0, 0.0, 0.0, 0.0, 0.0, 0.0, 0.0, 0.0, 0.0, 0.0, 0.0, 0.0, 0.0, 0.0, 0.0, 0.0, 0.0, 0.0, 0.0, 0.0, 0.0, 0.0, 0.0, 0.0, 0.0, 0.0, 0.0, 0.0, 0.0, 0.0]","[0, 1, 2, 0, 1, 2, 0, 2, 1, 0, 2, 0, 1, 2, 0, 1, 2, 1, 0, 2, 1, 0, 2, 1, 0, 1, 0, 2, 1, 2]",42284.0,0.0,42284.0,3091.0,0.0260007381439209,42284.0,42284.0,0.0
mip,6,makespan,3,"[0.0, 79.0, 144.0, 204.0, 264.0, 320.0, 528.0, 635.0, 730.0, 790.0, 790.0, 1028.0, 1046.0, 1106.0, 1186.0, 1186.0, 1233.0, 1642.0, 1715.0, 1770.0, 2074.0, 2168.0, 2259.0, 2427.0, 2481.0, 2679.0, 2883.0, 2982.0, 3046.0, 3091.0]","[0.0, 0.0, 0.0, 0.0, 0.0, 0.0, 0.0, 0.0, 0.0, 24.0, 0.0, 108.0, 0.0, 0.0, 50.0, 20.0, 0.0, 0.0, 0.0, 0.0, 0.0, 0.0, 0.0, 0.0, 0.0, 0.0, 0.0, 0.0, 0.0, 0.0]","[0, 1, 2, 0, 2, 1, 0, 0, 2, 1, 0, 1, 0, 2, 2, 0, 1, 2, 1, 0, 2, 1, 0, 0, 1, 0, 2, 1, 0, 2]",3091.0,714.0,42486.0,3091.0,0.02377915382385254,3091.0,3091.0,0.0
mip,7,penalty,1,"[0.0, 96.0, 296.0, 376.0, 456.0, 528.0, 624.0, 720.0, 920.0, 992.0, 1192.0, 1264.0, 1464.0, 1544.0, 1616.0, 1816.0, 1896.0, 1968.0, 2168.0, 2248.0, 2320.0, 2416.0, 2616.0, 2688.0, 2888.0, 2968.0, 3048.0, 3128.0, 3200.0, 3296.0, 3496.0, 3568.0, 3768.0, 3840.0, 3936.0, 4136.0, 4216.0, 4296.0, 4368.0, 4464.0, 4560.0, 4656.0, 4752.0, 4952.0]","[0.0, -41.0, 25.0, 25.0, 25.0, 25.0, -2.0, -7.0, 25.0, 25.0, 25.0, 25.0, 25.0, 25.0, 25.0, 25.0, 25.0, 25.0, 25.0, 25.0, 25.0, 25.0, 25.0, 25.0, 25.0, 25.0, 25.0, 25.0, 25.0, 25.0, 25.0, 25.0, 25.0, 25.0, 25.0, 25.0, 25.0, 25.0, 25.0, 25.0, 25.0, 25.0, 25.0, 25.0]","[0, 0, 0, 0, 0, 0, 0, 0, 0, 0, 0, 0, 0, 0, 0, 0, 0, 0, 0, 0, 0, 0, 0, 0, 0, 0, 0, 0, 0, 0, 0, 0, 0, 0, 0, 0, 0, 0, 0, 0, 0, 0, 0, 0]",1550.0,1550.0,109760.0,4952.0,0.06534576416015625,1550.0,1550.0,0.0
mip,7,total_time,1,"[0.0, 96.0, 296.0, 376.0, 456.0, 528.0, 624.0, 720.0, 920.0, 992.0, 1192.0, 1264.0, 1544.0, 1464.0, 1616.0, 1896.0, 1816.0, 1968.0, 2168.0, 2248.0, 2320.0, 2416.0, 2616.0, 2688.0, 2888.0, 3048.0, 2968.0, 3128.0, 3200.0, 3296.0, 3496.0, 3568.0, 3768.0, 3840.0, 3936.0, 4216.0, 4136.0, 4296.0, 4368.0, 4464.0, 4560.0, 4656.0, 4752.0, 4952.0]","[0.0, -41.0, 25.0, 25.0, 25.0, 25.0, -2.0, -7.0, 25.0, 25.0, 25.0, 25.0, 105.0, -55.0, 25.0, 105.0, -55.0, 25.0, 25.0, 25.0, 25.0, 25.0, 25.0, 25.0, 25.0, 105.0, -55.0, 25.0, 25.0, 25.0, 25.0, 25.0, 25.0, 25.0, 25.0, 105.0, -55.0, 25.0, 25.0, 25.0, 25.0, 25.0, 25.0, 25.0]","[0, 0, 0, 0, 0, 0, 0, 0, 0, 0, 0, 0, 0, 0, 0, 0, 0, 0, 0, 0, 0, 0, 0, 0, 0, 0, 0, 0, 0, 0, 0, 0, 0, 0, 0, 0, 0, 0, 0, 0, 0, 0, 0, 0]",109760.0,1990.0,109760.0,4952.0,0.08828067779541016,109760.0,109760.0,0.0
mip,7,makespan,1,"[0.0, 96.0, 296.0, 376.0, 456.0, 624.0, 528.0, 720.0, 920.0, 992.0, 1192.0, 1264.0, 1464.0, 1544.0, 1616.0, 1896.0, 1816.0, 1968.0, 2248.0, 2168.0, 2320.0, 2416.0, 2616.0, 2688.0, 2888.0, 3048.0, 2968.0, 3128.0, 3296.0, 3200.0, 3496.0, 3568.0, 3768.0, 3840.0, 3936.0, 4136.0, 4216.0, 4296.0, 4464.0, 4368.0, 4560.0, 4656.0, 4752.0, 4952.0]","[0.0, -41.0, 25.0, 25.0, 25.0, 121.0, -98.0, -7.0, 25.0, 25.0, 25.0, 25.0, 25.0, 25.0, 25.0, 105.0, -55.0, 25.0, 105.0, -55.0, 25.0, 25.0, 25.0, 25.0, 25.0, 105.0, -55.0, 25.0, 121.0, -71.0, 25.0, 25.0, 25.0, 25.0, 25.0, 25.0, 25.0, 25.0, 121.0, -71.0, 25.0, 25.0, 25.0, 25.0]","[0, 0, 0, 0, 0, 0, 0, 0, 0, 0, 0, 0, 0, 0, 0, 0, 0, 0, 0, 0, 0, 0, 0, 0, 0, 0, 0, 0, 0, 0, 0, 0, 0, 0, 0, 0, 0, 0, 0, 0, 0, 0, 0, 0]",4952.0,2832.0,109760.0,4952.0,0.9007930755615234,4952.0,4952.0,0.0
mip,7,penalty,2,"[0.0, 137.0, 271.0, 351.0, 431.0, 503.0, 626.0, 727.0, 895.0, 967.0, 1167.0, 1239.0, 1439.0, 1519.0, 1591.0, 1791.0, 1871.0, 1943.0, 2143.0, 2223.0, 2295.0, 2391.0, 2591.0, 2663.0, 2863.0, 2943.0, 3023.0, 3103.0, 3175.0, 3271.0, 3471.0, 3543.0, 3743.0, 3815.0, 3911.0, 4111.0, 4191.0, 4271.0, 4343.0, 4439.0, 4535.0, 4631.0, 4727.0, 4927.0]","[0.0, 0.0, 0.0, 0.0, 0.0, 0.0, 0.0, 0.0, 0.0, 0.0, 0.0, 0.0, 0.0, 0.0, 0.0, 0.0, 0.0, 0.0, 0.0, 0.0, 0.0, 0.0, 0.0, 0.0, 0.0, 0.0, 0.0, 0.0, 0.0, 0.0, 0.0, 0.0, 0.0, 0.0, 0.0, 0.0, 0.0, 0.0, 0.0, 0.0, 0.0, 0.0, 0.0, 0.0]","[0, 1, 0, 1, 0, 1, 1, 0, 1, 1, 0, 1, 1, 0, 1, 0, 1, 1, 0, 0, 1, 1, 0, 1, 1, 1, 0, 0, 1, 1, 0, 1, 0, 1, 1, 0, 1, 1, 1, 0, 0, 0, 1, 1]",0.0,0.0,108810.0,4927.0,0.06255197525024414,0.0,0.0,0.0
mip,7,total_time,2,"[0.0, 96.0, 146.0, 226.0, 306.0, 378.0, 528.0, 635.0, 770.0, 842.0, 1042.0, 1114.0, 1314.0, 1394.0, 1466.0, 1666.0, 1746.0, 1818.0, 2018.0, 2098.0, 2170.0, 2266.0, 2466.0, 2538.0, 2738.0, 2818.0, 2898.0, 2978.0, 3050.0, 3146.0, 3346.0, 3418.0, 3618.0, 3690.0, 3786.0, 3986.0, 4066.0, 4146.0, 4218.0, 4314.0, 4410.0, 4506.0, 4602.0, 4802.0]","[0.0, -41.0, -125.0, -125.0, -125.0, -125.0, -98.0, -92.0, -125.0, -125.0, -125.0, -125.0, -125.0, -125.0, -125.0, -125.0, -125.0, -125.0, -125.0, -125.0, -125.0, -125.0, -125.0, -125.0, -125.0, -125.0, -125.0, -125.0, -125.0, -125.0, -125.0, -125.0, -125.0, -125.0, -125.0, -125.0, -125.0, -125.0, -125.0, -125.0, -125.0, -125.0, -125.0, -125.0]","[0, 0, 1, 1, 1, 1, 0, 0, 1, 0, 0, 1, 1, 0, 1, 1, 0, 0, 1, 1, 0, 0, 1, 1, 1, 0, 1, 0, 0, 0, 1, 1, 0, 1, 1, 1, 0, 1, 1, 1, 0, 0, 0, 1]",103579.0,7712.0,103579.0,4802.0,0.04414224624633789,103579.0,103579.0,0.0
mip,7,makespan,2,"[0.0, 79.0, 359.0, 279.0, 431.0, 431.0, 528.0, 635.0, 842.0, 842.0, 1114.0, 1114.0, 1394.0, 1394.0, 1466.0, 1666.0, 1818.0, 1818.0, 2018.0, 2170.0, 2170.0, 2266.0, 2538.0, 2538.0, 2978.0, 2978.0, 2898.0, 3058.0, 3050.0, 3146.0, 3346.0, 3618.0, 3618.0, 3690.0, 3786.0, 3986.0, 4298.0, 4218.0, 4218.0, 4410.0, 4410.0, 4698.0, 4602.0, 4802.0]","[0.0, -58.0, 88.0, -72.0, 0.0, -72.0, -98.0, -92.0, -53.0, -125.0, -53.0, -125.0, -45.0, -125.0, -125.0, -125.0, -53.0, -125.0, -125.0, -53.0, -125.0, -125.0, -53.0, -125.0, 115.0, 35.0, -125.0, -45.0, -125.0, -125.0, -125.0, 75.0, -125.0, -125.0, -125.0, -125.0, 107.0, -53.0, -125.0, -29.0, -125.0, 67.0, -125.0, -125.0]","[0, 1, 1, 1, 0, 1, 0, 1, 1, 0, 0, 1, 1, 0, 1, 1, 0, 1, 1, 0, 1, 0, 0, 1, 1, 0, 0, 0, 1, 1, 0, 0, 1, 1, 0, 0, 1, 1, 0, 0, 1, 1, 1, 0]",4802.0,6307.0,105718.0,4802.0,0.0415191650390625,4802.0,4802.0,0.0
mip,7,penalty,3,"[0.0, 137.0, 271.0, 351.0, 431.0, 503.0, 626.0, 727.0, 895.0, 967.0, 1167.0, 1239.0, 1439.0, 1519.0, 1591.0, 1791.0, 1871.0, 1943.0, 2143.0, 2223.0, 2295.0, 2391.0, 2591.0, 2663.0, 2863.0, 2943.0, 3023.0, 3103.0, 3175.0, 3271.0, 3471.0, 3543.0, 3743.0, 3815.0, 3911.0, 4111.0, 4191.0, 4271.0, 4343.0, 4439.0, 4535.0, 4631.0, 4727.0, 4927.0]","[0.0, 0.0, 0.0, 0.0, 0.0, 0.0, 0.0, 0.0, 0.0, 0.0, 0.0, 0.0, 0.0, 0.0, 0.0, 0.0, 0.0, 0.0, 0.0, 0.0, 0.0, 0.0, 0.0, 0.0, 0.0, 0.0, 0.0, 0.0, 0.0, 0.0, 0.0, 0.0, 0.0, 0.0, 0.0, 0.0, 0.0, 0.0, 0.0, 0.0, 0.0, 0.0, 0.0, 0.0]","[0, 2, 1, 0, 2, 2, 1, 0, 1, 1, 2, 0, 0, 2, 1, 0, 2, 2, 1, 1, 0, 0, 1, 2, 0, 2, 1, 1, 0, 1, 2, 0, 1, 2, 0, 1, 0, 1, 0, 2, 2, 1, 0, 0]",0.0,0.0,108810.0,4927.0,0.04944801330566406,0.0,0.0,0.0
mip,7,total_time,3,"[0.0, 79.0, 146.0, 226.0, 306.0, 378.0, 528.0, 635.0, 770.0, 842.0, 1042.0, 1114.0, 1314.0, 1394.0, 1466.0, 1666.0, 1746.0, 1818.0, 2018.0, 2098.0, 2170.0, 2266.0, 2466.0, 2538.0, 2738.0, 2818.0, 2898.0, 2978.0, 3050.0, 3146.0, 3346.0, 3418.0, 3618.0, 3690.0, 3786.0, 3986.0, 4066.0, 4146.0, 4218.0, 4314.0, 4410.0, 4506.0, 4602.0, 4802.0]","[0.0, -58.0, -125.0, -125.0, -125.0, -125.0, -98.0, -92.0, -125.0, -125.0, -125.0, -125.0, -125.0, -125.0, -125.0, -125.0, -125.0, -125.0, -125.0, -125.0, -125.0, -125.0, -125.0, -125.0, -125.0, -125.0, -125.0, -125.0, -125.0, -125.0, -125.0, -125.0, -125.0, -125.0, -125.0, -125.0, -125.0, -125.0, -125.0, -125.0, -125.0, -125.0, -125.0, -125.0]","[0, 2, 1, 1, 0, 0, 0, 2, 1, 2, 0, 0, 1, 1, 2, 0, 0, 1, 0, 2, 1, 0, 1, 2, 0, 1, 0, 1, 2, 0, 1, 2, 0, 1, 1, 2, 0, 0, 2, 1, 2, 1, 0, 0]",103562.0,7746.0,103562.0,4802.0,0.046640872955322266,103562.0,103562.0,0.0
mip,7,makespan,3,"[0.0, 79.0, 306.0, 306.0, 306.0, 624.0, 528.0, 720.0, 920.0, 992.0, 1192.0, 1264.0, 1544.0, 1464.0, 1616.0, 1896.0, 1816.0, 1968.0, 2248.0, 2168.0, 2416.0, 2320.0, 2616.0, 2688.0, 2978.0, 2978.0, 2898.0, 3058.0, 3130.0, 3226.0, 3346.0, 3618.0, 3618.0, 3714.0, 3786.0, 4146.0, 4226.0, 4146.0, 4218.0, 4506.0, 4410.0, 4602.0, 4602.0, 4802.0]","[0.0, -58.0, 35.0, -45.0, -125.0, 121.0, -98.0, -7.0, 25.0, 25.0, 25.0, 25.0, 105.0, -55.0, 25.0, 105.0, -55.0, 25.0, 105.0, -55.0, 121.0, -71.0, 25.0, 25.0, 115.0, 35.0, -125.0, -45.0, -45.0, -45.0, -125.0, 75.0, -125.0, -101.0, -125.0, 35.0, 35.0, -125.0, -125.0, 67.0, -125.0, -29.0, -125.0, -125.0]","[0, 2, 1, 2, 0, 2, 2, 2, 2, 2, 2, 2, 2, 2, 2, 2, 2, 2, 2, 2, 2, 2, 2, 2, 0, 2, 2, 2, 2, 2, 1, 2, 0, 2, 1, 2, 2, 0, 0, 2, 2, 2, 1, 0]",4802.0,4576.0,108005.0,4802.0,0.04737281799316406,4802.0,4802.0,0.0
mip,8,penalty,1,"[82.0, 197.0, 152.0, 116.0, 261.0, 100.0, 229.0, 108.0, 132.0, 135.0, 149.0, 124.0, 325.0, 316.0, 258.0, 422.0, 341.0, 287.0, 160.0, 175.0, 619.0, 425.0, 333.0, 269.0, 392.0, 378.0, 428.0, 498.0, 516.0, 634.0, 688.0, 512.0, 524.0, 556.0, 407.0, 717.0, 564.0, 569.0, 654.0, 725.0, 740.0, 763.0, 401.0, 441.0, 456.0, 673.0, 527.0, 577.0, 471.0, 345.0]","[0.0, 0.0, -8.0, -1.0, 0.0, -6.0, 0.0, 0.0, 0.0, 5.0, 0.0, -2.0, -11.0, 0.0, 0.0, 13.0, 3.0, 0.0, 0.0, 6.0, -9.0, 0.0, 0.0, 0.0, -6.0, 0.0, 2.0, 0.0, -5.0, 0.0, 14.0, 0.0, 0.0, -6.0, -5.0, 0.0, 0.0, -3.0, 0.0, 0.0, 8.0, 0.0, 0.0, -9.0, 0.0, 0.0, 0.0, 0.0, 3.0, 0.0]","[0, 0, 0, 0, 0, 0, 0, 0, 0, 0, 0, 0, 0, 0, 0, 0, 0, 0, 0, 0, 0, 0, 0, 0, 0, 0, 0, 0, 0, 0, 0, 0, 0, 0, 0, 0, 0, 0, 0, 0, 0, 0, 0, 0, 0, 0, 0, 0, 0, 0]",1950.0,1950.0,19871.0,763.0,0.2100679874420166,1950.0,1949.9999999999864,0.0
mip,8,total_time,1,"[75.0, 157.0, 136.0, 111.0, 201.0, 95.0, 188.0, 103.0, 120.0, 117.0, 139.0, 128.0, 261.0, 250.0, 214.0, 329.0, 276.0, 237.0, 147.0, 172.0, 579.0, 332.0, 225.0, 180.0, 284.0, 295.0, 326.0, 340.0, 378.0, 496.0, 476.0, 335.0, 370.0, 394.0, 311.0, 492.0, 484.0, 439.0, 461.0, 504.0, 534.0, 519.0, 298.0, 319.0, 355.0, 424.0, 364.0, 386.0, 409.0, 211.0]","[-7.0, -40.0, -24.0, -6.0, -60.0, -11.0, -41.0, -5.0, -12.0, -13.0, -10.0, 2.0, -75.0, -66.0, -44.0, -80.0, -62.0, -50.0, -13.0, 3.0, -49.0, -93.0, -108.0, -89.0, -114.0, -83.0, -100.0, -158.0, -143.0, -138.0, -198.0, -177.0, -154.0, -168.0, -101.0, -225.0, -80.0, -133.0, -193.0, -221.0, -198.0, -244.0, -103.0, -131.0, -101.0, -249.0, -163.0, -191.0, -59.0, -134.0]","[0, 0, 0, 0, 0, 0, 0, 0, 0, 0, 0, 0, 0, 0, 0, 0, 0, 0, 0, 0, 0, 0, 0, 0, 0, 0, 0, 0, 0, 0, 0, 0, 0, 0, 0, 0, 0, 0, 0, 0, 0, 0, 0, 0, 0, 0, 0, 0, 0, 0]",14976.0,96715.0,14976.0,579.0,2.8223752975463867,14976.0,14976.0,0.0
mip,8,makespan,1,"[200.0, 252.0, 208.0, 185.0, 278.0, 236.0, 281.0, 136.0, 128.0, 188.0, 233.0, 114.0, 270.0, 335.0, 217.0, 398.0, 351.0, 244.0, 144.0, 159.0, 579.0, 332.0, 225.0, 176.0, 289.0, 295.0, 326.0, 343.0, 401.0, 508.0, 487.0, 329.0, 382.0, 446.0, 311.0, 492.0, 479.0, 449.0, 464.0, 500.0, 523.0, 538.0, 299.0, 323.0, 367.0, 431.0, 364.0, 390.0, 416.0, 211.0]","[118.0, 55.0, 48.0, 68.0, 17.0, 130.0, 52.0, 28.0, -4.0, 58.0, 84.0, -12.0, -66.0, 19.0, -41.0, -11.0, 13.0, -43.0, -16.0, -10.0, -49.0, -93.0, -108.0, -93.0, -109.0, -83.0, -100.0, -155.0, -120.0, -126.0, -187.0, -183.0, -142.0, -116.0, -101.0, -225.0, -85.0, -123.0, -190.0, -225.0, -209.0, -225.0, -102.0, -127.0, -89.0, -242.0, -163.0, -187.0, -52.0, -134.0]","[0, 0, 0, 0, 0, 0, 0, 0, 0, 0, 0, 0, 0, 0, 0, 0, 0, 0, 0, 0, 0, 0, 0, 0, 0, 0, 0, 0, 0, 0, 0, 0, 0, 0, 0, 0, 0, 0, 0, 0, 0, 0, 0, 0, 0, 0, 0, 0, 0, 0]",579.0,105730.0,16232.0,579.0,0.06464529037475586,579.0,579.0,0.0
mip,8,penalty,2,"[82.0, 197.0, 154.0, 117.0, 261.0, 106.0, 229.0, 108.0, 133.0, 130.0, 149.0, 126.0, 336.0, 316.0, 258.0, 409.0, 341.0, 287.0, 160.0, 169.0, 628.0, 425.0, 333.0, 269.0, 398.0, 378.0, 426.0, 498.0, 521.0, 634.0, 674.0, 512.0, 524.0, 562.0, 411.0, 717.0, 564.0, 572.0, 654.0, 725.0, 732.0, 763.0, 401.0, 450.0, 456.0, 673.0, 527.0, 577.0, 468.0, 345.0]","[0.0, 0.0, -6.0, 0.0, 0.0, 0.0, 0.0, 0.0, 1.0, 0.0, 0.0, 0.0, 0.0, 0.0, 0.0, 0.0, 3.0, 0.0, 0.0, 0.0, 0.0, 0.0, 0.0, 0.0, 0.0, 0.0, 0.0, 0.0, 0.0, 0.0, 0.0, 0.0, 0.0, 0.0, -1.0, 0.0, 0.0, 0.0, 0.0, 0.0, 0.0, 0.0, 0.0, 0.0, 0.0, 0.0, 0.0, 0.0, 0.0, 0.0]","[0, 0, 0, 1, 0, 0, 1, 1, 0, 0, 0, 1, 0, 1, 1, 1, 1, 0, 1, 0, 0, 1, 1, 1, 1, 0, 0, 1, 1, 1, 1, 0, 0, 0, 0, 1, 1, 1, 1, 0, 1, 0, 0, 1, 0, 0, 1, 0, 1, 0]",135.0,135.0,19885.0,763.0,0.19063806533813477,135.0,134.99999999999102,0.0
mip,8,total_time,2,"[75.0, 157.0, 134.0, 106.0, 201.0, 95.0, 185.0, 98.0, 120.0, 117.0, 132.0, 114.0, 261.0, 250.0, 214.0, 310.0, 269.0, 237.0, 144.0, 151.0, 579.0, 332.0, 225.0, 176.0, 278.0, 295.0, 325.0, 340.0, 362.0, 496.0, 476.0, 329.0, 356.0, 371.0, 311.0, 492.0, 471.0, 435.0, 461.0, 491.0, 512.0, 514.0, 298.0, 319.0, 329.0, 421.0, 364.0, 382.0, 377.0, 211.0]","[-7.0, -40.0, -26.0, -11.0, -60.0, -11.0, -44.0, -10.0, -12.0, -13.0, -17.0, -12.0, -75.0, -66.0, -44.0, -99.0, -69.0, -50.0, -16.0, -18.0, -49.0, -93.0, -108.0, -93.0, -120.0, -83.0, -101.0, -158.0, -159.0, -138.0, -198.0, -183.0, -168.0, -191.0, -101.0, -225.0, -93.0, -137.0, -193.0, -234.0, -220.0, -249.0, -103.0, -131.0, -127.0, -252.0, -163.0, -195.0, -91.0, -134.0]","[0, 0, 0, 1, 0, 0, 1, 1, 1, 1, 1, 0, 1, 1, 1, 1, 0, 0, 0, 1, 1, 1, 1, 1, 1, 0, 1, 1, 1, 1, 0, 1, 0, 0, 0, 1, 1, 1, 0, 0, 0, 1, 0, 1, 0, 0, 0, 0, 1, 1]",14698.0,101645.0,14698.0,579.0,0.19393610954284668,14698.0,14698.0,0.0
mip,8,makespan,2,"[80.0, 190.0, 153.0, 110.0, 201.0, 95.0, 193.0, 134.0, 118.0, 118.0, 137.0, 126.0, 261.0, 250.0, 214.0, 319.0, 276.0, 237.0, 145.0, 168.0, 579.0, 332.0, 225.0, 182.0, 284.0, 295.0, 326.0, 341.0, 409.0, 514.0, 499.0, 329.0, 401.0, 371.0, 311.0, 502.0, 476.0, 440.0, 461.0, 491.0, 529.0, 544.0, 298.0, 319.0, 356.0, 425.0, 366.0, 417.0, 386.0, 211.0]","[-2.0, -7.0, -7.0, -7.0, -60.0, -11.0, -36.0, 26.0, -14.0, -12.0, -12.0, 0.0, -75.0, -66.0, -44.0, -90.0, -62.0, -50.0, -15.0, -1.0, -49.0, -93.0, -108.0, -87.0, -114.0, -83.0, -100.0, -157.0, -112.0, -120.0, -175.0, -183.0, -123.0, -191.0, -101.0, -215.0, -88.0, -132.0, -193.0, -234.0, -203.0, -219.0, -103.0, -131.0, -100.0, -248.0, -161.0, -160.0, -82.0, -134.0]","[0, 1, 1, 1, 1, 1, 1, 1, 1, 0, 1, 1, 1, 1, 1, 1, 1, 1, 1, 1, 1, 1, 1, 1, 1, 0, 0, 0, 0, 0, 0, 0, 0, 0, 0, 0, 0, 0, 0, 0, 0, 0, 0, 0, 0, 0, 0, 0, 0, 0]",579.0,94295.0,15144.0,579.0,0.11307382583618164,579.0,579.0,0.0
mip,8,penalty,3,"[82.0, 197.0, 160.0, 117.0, 261.0, 106.0, 229.0, 108.0, 132.0, 130.0, 149.0, 126.0, 336.0, 316.0, 258.0, 409.0, 338.0, 287.0, 160.0, 169.0, 628.0, 425.0, 333.0, 269.0, 398.0, 378.0, 426.0, 498.0, 521.0, 634.0, 674.0, 512.0, 524.0, 562.0, 412.0, 717.0, 564.0, 572.0, 654.0, 725.0, 732.0, 763.0, 401.0, 450.0, 456.0, 673.0, 527.0, 577.0, 468.0, 345.0]","[0.0, 0.0, 0.0, 0.0, 0.0, 0.0, 0.0, 0.0, 0.0, 0.0, 0.0, 0.0, 0.0, 0.0, 0.0, 0.0, 0.0, 0.0, 0.0, 0.0, 0.0, 0.0, 0.0, 0.0, 0.0, 0.0, 0.0, 0.0, 0.0, 0.0, 0.0, 0.0, 0.0, 0.0, 0.0, 0.0, 0.0, 0.0, 0.0, 0.0, 0.0, 0.0, 0.0, 0.0, 0.0, 0.0, 0.0, 0.0, 0.0, 0.0]","[0, 2, 1, 0, 2, 1, 2, 0, 1, 2, 1, 0, 2, 2, 0, 1, 0, 1, 2, 0, 1, 0, 1, 0, 0, 1, 1, 2, 2, 2, 0, 2, 1, 1, 2, 0, 2, 0, 0, 2, 0, 1, 2, 2, 0, 2, 0, 1, 2, 1]",0.0,0.0,19888.0,763.0,0.1515181064605713,0.0,0.0,0.0
mip,8,total_time,3,"[75.0, 157.0, 134.0, 103.0, 201.0, 95.0, 185.0, 98.0, 117.0, 117.0, 132.0, 114.0, 261.0, 250.0, 214.0, 310.0, 269.0, 237.0, 144.0, 151.0, 579.0, 332.0, 225.0, 176.0, 278.0, 295.0, 325.0, 334.0, 362.0, 496.0, 475.0, 329.0, 356.0, 371.0, 311.0, 492.0, 471.0, 435.0, 461.0, 491.0, 512.0, 514.0, 298.0, 319.0, 329.0, 421.0, 364.0, 382.0, 377.0, 211.0]","[-7.0, -40.0, -26.0, -14.0, -60.0, -11.0, -44.0, -10.0, -15.0, -13.0, -17.0, -12.0, -75.0, -66.0, -44.0, -99.0, -69.0, -50.0, -16.0, -18.0, -49.0, -93.0, -108.0, -93.0, -120.0, -83.0, -101.0, -164.0, -159.0, -138.0, -199.0, -183.0, -168.0, -191.0, -101.0, -225.0, -93.0, -137.0, -193.0, -234.0, -220.0, -249.0, -103.0, -131.0, -127.0, -252.0, -163.0, -195.0, -91.0, -134.0]","[0, 1, 1, 2, 1, 1, 2, 0, 1, 0, 2, 2, 0, 0, 1, 2, 2, 1, 2, 0, 2, 2, 0, 2, 1, 2, 1, 1, 0, 2, 2, 2, 2, 2, 0, 1, 0, 0, 1, 0, 1, 2, 1, 2, 0, 1, 2, 0, 1, 1]",14685.0,101960.0,14685.0,579.0,0.131425142288208,14685.0,14685.0,0.0
mip,8,makespan,3,"[80.0, 157.0, 135.0, 110.0, 208.0, 95.0, 185.0, 98.0, 122.0, 117.0, 132.0, 114.0, 261.0, 250.0, 214.0, 326.0, 269.0, 237.0, 144.0, 151.0, 579.0, 332.0, 225.0, 176.0, 278.0, 295.0, 326.0, 334.0, 364.0, 512.0, 475.0, 329.0, 356.0, 371.0, 311.0, 492.0, 475.0, 435.0, 461.0, 491.0, 512.0, 514.0, 298.0, 319.0, 329.0, 421.0, 364.0, 382.0, 377.0, 211.0]","[-2.0, -40.0, -25.0, -7.0, -53.0, -11.0, -44.0, -10.0, -10.0, -13.0, -17.0, -12.0, -75.0, -66.0, -44.0, -83.0, -69.0, -50.0, -16.0, -18.0, -49.0, -93.0, -108.0, -93.0, -120.0, -83.0, -100.0, -164.0, -157.0, -122.0, -199.0, -183.0, -168.0, -191.0, -101.0, -225.0, -89.0, -137.0, -193.0, -234.0, -220.0, -249.0, -103.0, -131.0, -127.0, -252.0, -163.0, -195.0, -91.0, -134.0]","[0, 2, 1, 2, 1, 1, 1, 2, 1, 2, 1, 1, 2, 0, 2, 0, 1, 1, 2, 1, 2, 1, 1, 0, 2, 1, 1, 0, 2, 0, 0, 0, 2, 0, 0, 0, 1, 1, 2, 1, 1, 2, 2, 1, 2, 2, 0, 2, 1, 0]",579.0,100760.0,14749.0,579.0,0.12741613388061523,579.0,579.0,0.0
mip,9,penalty,1,"[888.0, 978.0, 1091.0, 1430.0, 1656.0, 1159.0, 1520.0, 1249.0, 1588.0, 1362.0, 2063.0, 1746.0, 1859.0, 1927.0, 2333.0, 1995.0, 2153.0, 2243.0, 2764.0, 2436.0, 3125.0, 2967.0, 3035.0, 2899.0, 3258.0, 3715.0, 3353.0, 3783.0, 3647.0, 3466.0, 3534.0, 4144.0, 4009.0, 3919.0, 3851.0, 4273.0, 4469.0, 4723.0, 4836.0, 4633.0, 4904.0, 5305.0, 5509.0, 5124.0, 5441.0, 5237.0, 5373.0, 5826.0, 5758.0, 5622.0, 5690.0, 5946.0, 6149.0, 6059.0, 6223.0, 6585.0, 6404.0, 6472.0, 6291.0, 6867.0, 6972.0, 7439.0, 7635.0, 7824.0, 8161.0, 8048.0, 7958.0, 8229.0, 8319.0, 8387.0, 8715.0, 8455.0, 8903.0, 9293.0, 9508.0, 9988.0, 9796.0, 10300.0, 10108.0, 10636.0, 10704.0, 10817.0, 10953.0, 10885.0, 10515.0, 11134.0, 11267.0, 11066.0, 11425.0, 11335.0, 11515.0, 11713.0, 11922.0, 12035.0, 12103.0, 12369.0, 12655.0, 12437.0, 12550.0, 12723.0]","[-20.0, -49.0, -287.0, -72.0, 38.0, -76.0, 0.0, -152.0, 4.0, 19.0, 276.0, 46.0, 135.0, 20.0, 99.0, -8.0, -16.0, 28.0, -17.0, 0.0, 14.0, 0.0, 64.0, -19.0, 0.0, -13.0, -115.0, 33.0, 0.0, -29.0, -45.0, 65.0, 245.0, 170.0, -3.0, 0.0, 0.0, -48.0, 0.0, -62.0, 75.0, -95.0, -27.0, -100.0, -2.0, -255.0, 0.0, 95.0, 9.0, 34.0, 54.0, 0.0, 4.0, -15.0, 0.0, 64.0, 0.0, 17.0, -53.0, 0.0, 0.0, 0.0, 0.0, 0.0, -1.0, -76.0, -122.0, 80.0, 28.0, 38.0, 0.0, 0.0, 0.0, 0.0, 0.0, 0.0, 0.0, 0.0, 0.0, -30.0, 0.0, 38.0, 9.0, -58.0, 0.0, 22.0, -21.0, -5.0, 72.0, 0.0, 87.0, 0.0, -37.0, 0.0, 72.0, -24.0, 0.0, 50.0, 0.0, 32.0]","[0, 0, 0, 0, 0, 0, 0, 0, 0, 0, 0, 0, 0, 0, 0, 0, 0, 0, 0, 0, 0, 0, 0, 0, 0, 0, 0, 0, 0, 0, 0, 0, 0, 0, 0, 0, 0, 0, 0, 0, 0, 0, 0, 0, 0, 0, 0, 0, 0, 0, 0, 0, 0, 0, 0, 0, 0, 0, 0, 0, 0, 0, 0, 0, 0, 0, 0, 0, 0, 0, 0, 0, 0, 0, 0, 0, 0, 0, 0, 0, 0, 0, 0, 0, 0, 0, 0, 0, 0, 0, 0, 0, 0, 0, 0, 0, 0, 0, 0, 0]",5611.700000000003,5611.7,633661.0,12723.0,300.1176769733429,5611.700000000003,4018.569503382763,0.2838944520585988
mip,9,total_time,1,"[601.0, 725.0, 928.0, 996.0, 1064.0, 1471.0, 1177.0, 1381.0, 1245.0, 1313.0, 1878.0, 1561.0, 1674.0, 1742.0, 1968.0, 1810.0, 2067.0, 2157.0, 2247.0, 2340.0, 2619.0, 2732.0, 2958.0, 2822.0, 2890.0, 3246.0, 3561.0, 3357.0, 3425.0, 3493.0, 3968.0, 3832.0, 3651.0, 4058.0, 3900.0, 3764.0, 4190.0, 4280.0, 4393.0, 4461.0, 4551.0, 4894.0, 4965.0, 5486.0, 5350.0, 5078.0, 5146.0, 5576.0, 5214.0, 5282.0, 5418.0, 5666.0, 5779.0, 5847.0, 5915.0, 6073.0, 6005.0, 6141.0, 6231.0, 6582.0, 6842.0, 7168.0, 7258.0, 7508.0, 7632.0, 7700.0, 7790.0, 7903.0, 8071.0, 8152.0, 8244.0, 8350.0, 8623.0, 9001.0, 9365.0, 9569.0, 9704.0, 9820.0, 9910.0, 10119.0, 10187.0, 10388.0, 10592.0, 10456.0, 10524.0, 10741.0, 10854.0, 10922.0, 10990.0, 11080.0, 11223.0, 11313.0, 11570.0, 11689.0, 11757.0, 11942.0, 12124.0, 12192.0, 12305.0, 12373.0]","[-307.0, -302.0, -450.0, -506.0, -554.0, 236.0, -343.0, -20.0, -339.0, -30.0, 91.0, -139.0, -50.0, -165.0, -266.0, -193.0, -102.0, -58.0, -534.0, -96.0, -492.0, -235.0, -13.0, -96.0, -368.0, -482.0, 93.0, -393.0, -222.0, -2.0, 389.0, -247.0, -113.0, 309.0, 46.0, -509.0, -279.0, -491.0, -443.0, -234.0, -278.0, -506.0, -571.0, 262.0, -93.0, -414.0, -227.0, -155.0, -535.0, -306.0, -218.0, -280.0, -366.0, -227.0, -308.0, -448.0, -399.0, -314.0, -113.0, -285.0, -130.0, -271.0, -377.0, -316.0, -530.0, -424.0, -290.0, -246.0, -220.0, -197.0, -471.0, -105.0, -280.0, -292.0, -143.0, -419.0, -92.0, -480.0, -198.0, -547.0, -517.0, -391.0, -352.0, -487.0, 9.0, -371.0, -434.0, -149.0, -363.0, -255.0, -205.0, -400.0, -389.0, -346.0, -274.0, -451.0, -531.0, -195.0, -245.0, -318.0]","[0, 0, 0, 0, 0, 0, 0, 0, 0, 0, 0, 0, 0, 0, 0, 0, 0, 0, 0, 0, 0, 0, 0, 0, 0, 0, 0, 0, 0, 0, 0, 0, 0, 0, 0, 0, 0, 0, 0, 0, 0, 0, 0, 0, 0, 0, 0, 0, 0, 0, 0, 0, 0, 0, 0, 0, 0, 0, 0, 0, 0, 0, 0, 0, 0, 0, 0, 0, 0, 0, 0, 0, 0, 0, 0, 0, 0, 0, 0, 0, 0, 0, 0, 0, 0, 0, 0, 0, 0, 0, 0, 0, 0, 0, 0, 0, 0, 0, 0, 0]",607095.0,44843.88,607095.0,12373.0,300.0989203453064,607095.0,603587.3711113305,0.005777726531547024
mip,9,makespan,1,"[635.0, 725.0, 928.0, 996.0, 1064.0, 1154.0, 1537.0, 1681.0, 1379.0, 1447.0, 1244.0, 1771.0, 1613.0, 1974.0, 1861.0, 2042.0, 2110.0, 2200.0, 2997.0, 2340.0, 2619.0, 2839.0, 2726.0, 2929.0, 3110.0, 3246.0, 3425.0, 3357.0, 3628.0, 4057.0, 3515.0, 3989.0, 3854.0, 3764.0, 3696.0, 4147.0, 4314.0, 4494.0, 4246.0, 4404.0, 4584.0, 4894.0, 4965.0, 5541.0, 5146.0, 5078.0, 5405.0, 5292.0, 5473.0, 5224.0, 6128.0, 5631.0, 5834.0, 5744.0, 5902.0, 5992.0, 6060.0, 6196.0, 6286.0, 6582.0, 6842.0, 7928.0, 7240.0, 7508.0, 7632.0, 7815.0, 7725.0, 8220.0, 8071.0, 8152.0, 8288.0, 8356.0, 8623.0, 9001.0, 9365.0, 9569.0, 9957.0, 10277.0, 9822.0, 10119.0, 10187.0, 10390.0, 10594.0, 10526.0, 10458.0, 10741.0, 10854.0, 10922.0, 10990.0, 11080.0, 11369.0, 11279.0, 11570.0, 11689.0, 11757.0, 11942.0, 12124.0, 12192.0, 12305.0, 12373.0]","[-273.0, -302.0, -450.0, -506.0, -554.0, -81.0, 17.0, 280.0, -205.0, 104.0, -543.0, 71.0, -111.0, 67.0, -373.0, 39.0, -59.0, -15.0, 216.0, -96.0, -492.0, -128.0, -245.0, 11.0, -148.0, -482.0, -43.0, -393.0, -19.0, 562.0, -64.0, -90.0, 90.0, 15.0, -158.0, -126.0, -155.0, -277.0, -590.0, -291.0, -245.0, -506.0, -571.0, 317.0, -297.0, -414.0, 32.0, -439.0, -276.0, -364.0, 492.0, -315.0, -311.0, -330.0, -321.0, -529.0, -344.0, -259.0, -58.0, -285.0, -130.0, 489.0, -395.0, -316.0, -530.0, -309.0, -355.0, 71.0, -220.0, -197.0, -427.0, -99.0, -280.0, -292.0, -143.0, -419.0, 161.0, -23.0, -286.0, -547.0, -517.0, -389.0, -350.0, -417.0, -57.0, -371.0, -434.0, -149.0, -363.0, -255.0, -59.0, -434.0, -389.0, -346.0, -274.0, -451.0, -531.0, -195.0, -245.0, -318.0]","[0, 0, 0, 0, 0, 0, 0, 0, 0, 0, 0, 0, 0, 0, 0, 0, 0, 0, 0, 0, 0, 0, 0, 0, 0, 0, 0, 0, 0, 0, 0, 0, 0, 0, 0, 0, 0, 0, 0, 0, 0, 0, 0, 0, 0, 0, 0, 0, 0, 0, 0, 0, 0, 0, 0, 0, 0, 0, 0, 0, 0, 0, 0, 0, 0, 0, 0, 0, 0, 0, 0, 0, 0, 0, 0, 0, 0, 0, 0, 0, 0, 0, 0, 0, 0, 0, 0, 0, 0, 0, 0, 0, 0, 0, 0, 0, 0, 0, 0, 0]",12373.0,42837.72,611866.0,12373.0,0.12903404235839844,12373.0,12373.0,0.0
mip,9,penalty,2,"[908.0, 1027.0, 1378.0, 1502.0, 1618.0, 1235.0, 1520.0, 1401.0, 1588.0, 1333.0, 1787.0, 1697.0, 1731.0, 1907.0, 2259.0, 2003.0, 2169.0, 2215.0, 2781.0, 2436.0, 3111.0, 2967.0, 2971.0, 2903.0, 3258.0, 3692.0, 3468.0, 3760.0, 3647.0, 3495.0, 3579.0, 4079.0, 3839.0, 3749.0, 3854.0, 4273.0, 4469.0, 4771.0, 4836.0, 4695.0, 4861.0, 5400.0, 5523.0, 5224.0, 5443.0, 5492.0, 5373.0, 5731.0, 5749.0, 5588.0, 5636.0, 5946.0, 6145.0, 6074.0, 6223.0, 6521.0, 6404.0, 6455.0, 6344.0, 6867.0, 6972.0, 7439.0, 7635.0, 7824.0, 8162.0, 8124.0, 8049.0, 8230.0, 8291.0, 8349.0, 8715.0, 8455.0, 8903.0, 9293.0, 9508.0, 9988.0, 9796.0, 10300.0, 10108.0, 10666.0, 10704.0, 10779.0, 10944.0, 10943.0, 10515.0, 11112.0, 11285.0, 11071.0, 11353.0, 11335.0, 11428.0, 11713.0, 11959.0, 12035.0, 12049.0, 12393.0, 12655.0, 12387.0, 12550.0, 12691.0]","[0.0, 0.0, 0.0, 0.0, 0.0, 0.0, 0.0, 0.0, 4.0, -10.0, 0.0, -3.0, 7.0, 0.0, 25.0, 0.0, 0.0, 0.0, 0.0, 0.0, 0.0, 0.0, 0.0, -15.0, 0.0, -36.0, 0.0, 10.0, 0.0, 0.0, 0.0, 0.0, 75.0, 0.0, 0.0, 0.0, 0.0, 0.0, 0.0, 0.0, 32.0, 0.0, -13.0, 0.0, 0.0, 0.0, 0.0, 0.0, 0.0, 0.0, 0.0, 0.0, 0.0, 0.0, 0.0, 0.0, 0.0, 0.0, 0.0, 0.0, 0.0, 0.0, 0.0, 0.0, 0.0, 0.0, -31.0, 81.0, 0.0, 0.0, 0.0, 0.0, 0.0, 0.0, 0.0, 0.0, 0.0, 0.0, 0.0, 0.0, 0.0, 0.0, 0.0, 0.0, 0.0, 0.0, -3.0, 0.0, 0.0, 0.0, 0.0, 0.0, 0.0, 0.0, 18.0, 0.0, 0.0, 0.0, 0.0, 0.0]","[0, 1, 1, 1, 1, 1, 0, 0, 0, 0, 0, 0, 1, 1, 0, 0, 0, 1, 0, 1, 1, 0, 1, 1, 1, 1, 0, 1, 0, 1, 1, 1, 0, 0, 1, 0, 1, 1, 0, 0, 1, 1, 0, 0, 0, 1, 0, 0, 1, 1, 0, 0, 1, 0, 0, 0, 0, 1, 1, 0, 0, 1, 0, 0, 1, 0, 1, 1, 0, 1, 1, 0, 0, 1, 0, 1, 0, 1, 0, 0, 1, 0, 1, 0, 1, 1, 1, 0, 1, 0, 0, 0, 0, 1, 0, 1, 0, 0, 0, 1]",444.09999999999997,444.1,633618.0,12691.0,0.8485980033874512,444.09999999999997,444.09999999999997,0.0
mip,9,total_time,2,"[601.0, 725.0, 928.0, 974.0, 1056.0, 1146.0, 1148.0, 1236.0, 1216.0, 1284.0, 1352.0, 1326.0, 1613.0, 1671.0, 1700.0, 1801.0, 2067.0, 2091.0, 2242.0, 2340.0, 2619.0, 2705.0, 2726.0, 2803.0, 2882.0, 3246.0, 3335.0, 3357.0, 3425.0, 3448.0, 3516.0, 3515.0, 3583.0, 3673.0, 3632.0, 3723.0, 4190.0, 4220.0, 4303.0, 4376.0, 4483.0, 4894.0, 4965.0, 4982.0, 5095.0, 5078.0, 5146.0, 5175.0, 5214.0, 5282.0, 5346.0, 5588.0, 5691.0, 5704.0, 5808.0, 5944.0, 5981.0, 6102.0, 6208.0, 6582.0, 6842.0, 7168.0, 7240.0, 7508.0, 7632.0, 7635.0, 7725.0, 7774.0, 8071.0, 8152.0, 8244.0, 8350.0, 8623.0, 9001.0, 9365.0, 9569.0, 9630.0, 9820.0, 9822.0, 10119.0, 10152.0, 10388.0, 10479.0, 10411.0, 10456.0, 10741.0, 10816.0, 10858.0, 10930.0, 11043.0, 11223.0, 11279.0, 11570.0, 11689.0, 11737.0, 11942.0, 12124.0, 12136.0, 12238.0, 12323.0]","[-307.0, -302.0, -450.0, -528.0, -562.0, -89.0, -372.0, -165.0, -368.0, -59.0, -435.0, -374.0, -111.0, -236.0, -534.0, -202.0, -102.0, -124.0, -539.0, -96.0, -492.0, -262.0, -245.0, -115.0, -376.0, -482.0, -133.0, -393.0, -222.0, -47.0, -63.0, -564.0, -181.0, -76.0, -222.0, -550.0, -279.0, -551.0, -533.0, -319.0, -346.0, -506.0, -571.0, -242.0, -348.0, -414.0, -227.0, -556.0, -535.0, -306.0, -290.0, -358.0, -454.0, -370.0, -415.0, -577.0, -423.0, -353.0, -136.0, -285.0, -130.0, -271.0, -395.0, -316.0, -530.0, -489.0, -355.0, -375.0, -220.0, -197.0, -471.0, -105.0, -280.0, -292.0, -143.0, -419.0, -166.0, -480.0, -286.0, -547.0, -552.0, -391.0, -465.0, -532.0, -59.0, -371.0, -472.0, -213.0, -423.0, -292.0, -205.0, -434.0, -389.0, -346.0, -294.0, -451.0, -531.0, -251.0, -312.0, -368.0]","[0, 1, 1, 0, 1, 1, 0, 1, 0, 0, 0, 1, 1, 0, 1, 0, 1, 0, 0, 0, 1, 0, 1, 0, 0, 0, 0, 1, 1, 0, 0, 1, 1, 1, 0, 0, 0, 1, 0, 0, 1, 1, 1, 0, 0, 1, 1, 0, 1, 1, 0, 1, 0, 1, 1, 0, 1, 1, 1, 0, 1, 0, 1, 1, 1, 0, 0, 1, 0, 1, 1, 0, 1, 1, 0, 0, 1, 1, 0, 0, 1, 0, 1, 1, 0, 1, 0, 1, 1, 1, 0, 1, 0, 1, 0, 1, 0, 1, 0, 1]",599887.0,51886.7,599887.0,12323.0,300.231153011322,599887.0,599820.8362108619,0.00011029375388711788
mip,9,makespan,2,"[635.0, 1793.0, 928.0, 996.0, 1064.0, 1703.0, 1148.0, 1613.0, 1201.0, 1545.0, 1224.0, 1288.0, 1613.0, 1703.0, 1793.0, 1906.0, 2067.0, 2091.0, 2242.0, 2340.0, 2619.0, 2705.0, 2726.0, 2803.0, 2882.0, 3246.0, 3335.0, 3436.0, 3368.0, 3504.0, 3504.0, 3594.0, 3594.0, 3662.0, 3707.0, 3775.0, 4190.0, 4220.0, 4303.0, 4376.0, 4483.0, 5253.0, 4982.0, 4982.0, 5095.0, 5095.0, 5185.0, 5175.0, 5288.0, 5321.0, 5356.0, 5588.0, 5701.0, 5704.0, 5808.0, 5944.0, 6012.0, 6102.0, 6208.0, 6582.0, 6842.0, 7168.0, 7240.0, 7725.0, 7632.0, 7635.0, 7725.0, 7793.0, 8244.0, 8152.0, 8244.0, 8350.0, 8623.0, 9001.0, 9365.0, 9569.0, 9630.0, 9820.0, 9822.0, 10119.0, 10152.0, 10388.0, 10456.0, 10569.0, 10456.0, 10741.0, 10816.0, 10858.0, 10930.0, 11043.0, 11223.0, 11279.0, 11570.0, 11689.0, 11757.0, 11942.0, 12124.0, 12136.0, 12238.0, 12323.0]","[-273.0, 766.0, -450.0, -506.0, -554.0, 468.0, -372.0, 212.0, -383.0, 202.0, -563.0, -412.0, -111.0, -204.0, -441.0, -97.0, -102.0, -124.0, -539.0, -96.0, -492.0, -262.0, -245.0, -115.0, -376.0, -482.0, -133.0, -314.0, -279.0, 9.0, -75.0, -485.0, -170.0, -87.0, -147.0, -498.0, -279.0, -551.0, -533.0, -319.0, -346.0, -147.0, -554.0, -242.0, -348.0, -397.0, -188.0, -556.0, -461.0, -267.0, -280.0, -358.0, -444.0, -370.0, -415.0, -577.0, -392.0, -353.0, -136.0, -285.0, -130.0, -271.0, -395.0, -99.0, -530.0, -489.0, -355.0, -356.0, -47.0, -197.0, -471.0, -105.0, -280.0, -292.0, -143.0, -419.0, -166.0, -480.0, -286.0, -547.0, -552.0, -391.0, -488.0, -374.0, -59.0, -371.0, -472.0, -213.0, -423.0, -292.0, -205.0, -434.0, -389.0, -346.0, -274.0, -451.0, -531.0, -251.0, -312.0, -368.0]","[0, 0, 1, 1, 1, 0, 0, 0, 1, 0, 0, 1, 1, 1, 1, 0, 0, 1, 1, 0, 0, 1, 0, 1, 0, 0, 0, 1, 1, 0, 1, 0, 1, 0, 1, 0, 1, 0, 1, 1, 1, 1, 1, 0, 1, 0, 1, 0, 0, 1, 0, 1, 1, 0, 1, 0, 0, 1, 1, 1, 1, 1, 0, 0, 0, 1, 1, 0, 0, 0, 1, 0, 1, 1, 1, 0, 1, 0, 1, 1, 0, 1, 0, 0, 1, 1, 0, 1, 0, 1, 0, 1, 0, 1, 1, 0, 1, 0, 1, 1]",12323.0,51315.28,603695.0,12323.0,0.2671499252319336,12323.0,12323.0,0.0
mip,9,penalty,3,"[908.0, 1027.0, 1378.0, 1502.0, 1618.0, 1235.0, 1520.0, 1401.0, 1584.0, 1343.0, 1787.0, 1700.0, 1724.0, 1907.0, 2234.0, 2003.0, 2169.0, 2215.0, 2781.0, 2436.0, 3111.0, 2967.0, 2971.0, 2918.0, 3258.0, 3728.0, 3468.0, 3750.0, 3647.0, 3495.0, 3579.0, 4079.0, 3796.0, 3749.0, 3854.0, 4273.0, 4469.0, 4771.0, 4836.0, 4695.0, 4829.0, 5400.0, 5536.0, 5224.0, 5443.0, 5492.0, 5373.0, 5731.0, 5749.0, 5588.0, 5636.0, 5946.0, 6145.0, 6074.0, 6223.0, 6521.0, 6404.0, 6455.0, 6344.0, 6867.0, 6972.0, 7439.0, 7635.0, 7824.0, 8162.0, 8124.0, 8049.0, 8149.0, 8291.0, 8349.0, 8715.0, 8455.0, 8903.0, 9293.0, 9508.0, 9988.0, 9796.0, 10300.0, 10108.0, 10666.0, 10704.0, 10779.0, 10944.0, 10943.0, 10515.0, 11112.0, 11288.0, 11071.0, 11353.0, 11335.0, 11428.0, 11713.0, 11959.0, 12035.0, 12031.0, 12393.0, 12655.0, 12387.0, 12550.0, 12691.0]","[0.0, 0.0, 0.0, 0.0, 0.0, 0.0, 0.0, 0.0, 0.0, 0.0, 0.0, 0.0, 0.0, 0.0, 0.0, 0.0, 0.0, 0.0, 0.0, 0.0, 0.0, 0.0, 0.0, 0.0, 0.0, 0.0, 0.0, 0.0, 0.0, 0.0, 0.0, 0.0, 32.0, 0.0, 0.0, 0.0, 0.0, 0.0, 0.0, 0.0, 0.0, 0.0, 0.0, 0.0, 0.0, 0.0, 0.0, 0.0, 0.0, 0.0, 0.0, 0.0, 0.0, 0.0, 0.0, 0.0, 0.0, 0.0, 0.0, 0.0, 0.0, 0.0, 0.0, 0.0, 0.0, 0.0, -31.0, 0.0, 0.0, 0.0, 0.0, 0.0, 0.0, 0.0, 0.0, 0.0, 0.0, 0.0, 0.0, 0.0, 0.0, 0.0, 0.0, 0.0, 0.0, 0.0, 0.0, 0.0, 0.0, 0.0, 0.0, 0.0, 0.0, 0.0, 0.0, 0.0, 0.0, 0.0, 0.0, 0.0]","[0, 0, 1, 2, 2, 0, 0, 0, 1, 2, 2, 1, 0, 1, 0, 2, 2, 1, 1, 2, 0, 0, 2, 1, 2, 2, 2, 1, 1, 1, 0, 0, 2, 0, 1, 0, 1, 0, 2, 2, 1, 0, 2, 2, 2, 1, 1, 0, 1, 1, 0, 0, 0, 1, 0, 2, 2, 0, 0, 0, 2, 2, 2, 0, 0, 1, 0, 2, 2, 1, 1, 0, 1, 0, 2, 2, 0, 2, 1, 2, 0, 2, 1, 0, 2, 2, 1, 1, 2, 0, 1, 1, 0, 1, 2, 2, 1, 1, 0, 0]",75.75,75.75,633478.0,12691.0,0.3996009826660156,75.75,75.75,0.0
mip,9,total_time,3,"[601.0, 725.0, 928.0, 974.0, 1056.0, 1119.0, 1148.0, 1209.0, 1201.0, 1218.0, 1269.0, 1288.0, 1613.0, 1671.0, 1700.0, 1801.0, 2067.0, 2091.0, 2242.0, 2340.0, 2619.0, 2705.0, 2726.0, 2803.0, 2882.0, 3246.0, 3335.0, 3357.0, 3368.0, 3428.0, 3463.0, 3495.0, 3544.0, 3623.0, 3632.0, 3723.0, 4190.0, 4220.0, 4246.0, 4376.0, 4483.0, 4894.0, 4965.0, 4982.0, 5021.0, 5078.0, 5145.0, 5175.0, 5214.0, 5224.0, 5346.0, 5588.0, 5691.0, 5704.0, 5808.0, 5944.0, 5981.0, 6102.0, 6208.0, 6582.0, 6842.0, 7168.0, 7240.0, 7508.0, 7632.0, 7635.0, 7725.0, 7774.0, 8071.0, 8152.0, 8244.0, 8350.0, 8623.0, 9001.0, 9365.0, 9569.0, 9630.0, 9820.0, 9822.0, 10119.0, 10152.0, 10388.0, 10397.0, 10411.0, 10456.0, 10741.0, 10816.0, 10858.0, 10930.0, 11043.0, 11223.0, 11279.0, 11570.0, 11689.0, 11737.0, 11942.0, 12124.0, 12136.0, 12238.0, 12323.0]","[-307.0, -302.0, -450.0, -528.0, -562.0, -116.0, -372.0, -192.0, -383.0, -125.0, -518.0, -412.0, -111.0, -236.0, -534.0, -202.0, -102.0, -124.0, -539.0, -96.0, -492.0, -262.0, -245.0, -115.0, -376.0, -482.0, -133.0, -393.0, -279.0, -67.0, -116.0, -584.0, -220.0, -126.0, -222.0, -550.0, -279.0, -551.0, -590.0, -319.0, -346.0, -506.0, -571.0, -242.0, -422.0, -414.0, -228.0, -556.0, -535.0, -364.0, -290.0, -358.0, -454.0, -370.0, -415.0, -577.0, -423.0, -353.0, -136.0, -285.0, -130.0, -271.0, -395.0, -316.0, -530.0, -489.0, -355.0, -375.0, -220.0, -197.0, -471.0, -105.0, -280.0, -292.0, -143.0, -419.0, -166.0, -480.0, -286.0, -547.0, -552.0, -391.0, -547.0, -532.0, -59.0, -371.0, -472.0, -213.0, -423.0, -292.0, -205.0, -434.0, -389.0, -346.0, -294.0, -451.0, -531.0, -251.0, -312.0, -368.0]","[0, 2, 1, 2, 0, 2, 1, 2, 0, 1, 0, 1, 2, 1, 2, 0, 0, 1, 2, 0, 1, 2, 0, 1, 2, 2, 1, 2, 0, 2, 0, 1, 2, 1, 0, 2, 1, 2, 0, 0, 0, 1, 1, 0, 2, 1, 2, 0, 1, 2, 1, 1, 2, 0, 2, 1, 0, 1, 1, 0, 0, 1, 0, 2, 1, 0, 0, 2, 1, 1, 0, 1, 0, 0, 2, 1, 0, 1, 2, 1, 0, 2, 1, 0, 2, 0, 1, 2, 2, 1, 0, 1, 1, 0, 2, 1, 2, 1, 0, 0]",599120.0,53016.75,599120.0,12323.0,0.42802000045776367,599120.0,599120.0,0.0
mip,9,makespan,3,"[635.0, 725.0, 928.0, 974.0, 1056.0, 1269.0, 1148.0, 1195.0, 1201.0, 1218.0, 1285.0, 1375.0, 1613.0, 1671.0, 1700.0, 1813.0, 2067.0, 2091.0, 2340.0, 2340.0, 2619.0, 2705.0, 2773.0, 2803.0, 2886.0, 3246.0, 3335.0, 3357.0, 3368.0, 3436.0, 3463.0, 3495.0, 3553.0, 3623.0, 3632.0, 3723.0, 4190.0, 4220.0, 4246.0, 4376.0, 4483.0, 4894.0, 4965.0, 5145.0, 5145.0, 5030.0, 5145.0, 5235.0, 5214.0, 5224.0, 5348.0, 5588.0, 5691.0, 5808.0, 5808.0, 5944.0, 5981.0, 6102.0, 6208.0, 6582.0, 6842.0, 7168.0, 7240.0, 7508.0, 7632.0, 7635.0, 7725.0, 7774.0, 8071.0, 8152.0, 8244.0, 8350.0, 8623.0, 9001.0, 9365.0, 9569.0, 9630.0, 9820.0, 9822.0, 10119.0, 10152.0, 10388.0, 10397.0, 10411.0, 10456.0, 10741.0, 10816.0, 10858.0, 10930.0, 11043.0, 11223.0, 11279.0, 11570.0, 11689.0, 11737.0, 11942.0, 12124.0, 12136.0, 12238.0, 12323.0]","[-273.0, -302.0, -450.0, -528.0, -562.0, 34.0, -372.0, -206.0, -383.0, -125.0, -502.0, -325.0, -111.0, -236.0, -534.0, -190.0, -102.0, -124.0, -441.0, -96.0, -492.0, -262.0, -198.0, -115.0, -372.0, -482.0, -133.0, -393.0, -279.0, -59.0, -116.0, -584.0, -211.0, -126.0, -222.0, -550.0, -279.0, -551.0, -590.0, -319.0, -346.0, -506.0, -571.0, -79.0, -298.0, -462.0, -228.0, -496.0, -535.0, -364.0, -288.0, -358.0, -454.0, -266.0, -415.0, -577.0, -423.0, -353.0, -136.0, -285.0, -130.0, -271.0, -395.0, -316.0, -530.0, -489.0, -355.0, -375.0, -220.0, -197.0, -471.0, -105.0, -280.0, -292.0, -143.0, -419.0, -166.0, -480.0, -286.0, -547.0, -552.0, -391.0, -547.0, -532.0, -59.0, -371.0, -472.0, -213.0, -423.0, -292.0, -205.0, -434.0, -389.0, -346.0, -294.0, -451.0, -531.0, -251.0, -312.0, -368.0]","[0, 1, 1, 0, 0, 1, 2, 0, 1, 2, 0, 2, 1, 2, 1, 1, 2, 0, 1, 0, 1, 0, 0, 2, 1, 0, 2, 1, 0, 0, 1, 2, 1, 0, 2, 1, 2, 1, 0, 2, 0, 1, 0, 2, 0, 2, 1, 2, 0, 1, 2, 1, 0, 2, 0, 2, 0, 1, 2, 0, 1, 1, 2, 2, 0, 1, 2, 1, 2, 2, 0, 0, 2, 2, 1, 0, 1, 1, 2, 2, 0, 2, 0, 1, 2, 0, 1, 2, 2, 1, 0, 2, 0, 1, 0, 2, 2, 0, 1, 2]",12323.0,51814.29,599976.0,12323.0,0.29290294647216797,12323.0,12323.0,0.0
mip,10,penalty,1,"[871.0, 1120.0, 939.0, 1188.0, 1481.0, 1007.0, 1346.0, 1617.0, 1256.0, 1549.0, 1753.0, 1685.0, 1866.0, 2276.0, 2016.0, 2186.0, 2344.0, 2564.0, 2496.0, 3094.0, 3310.0, 3242.0, 3446.0, 2981.0, 3536.0, 3378.0, 3832.0, 3707.0, 4298.0, 4161.0, 4411.0, 4611.0, 4479.0, 4688.0, 4891.0, 4823.0, 5049.0, 4959.0, 5198.0, 5288.0, 5378.0, 5663.0, 5550.0, 5731.0, 5866.0, 6002.0, 6092.0, 5934.0, 6733.0, 6912.0, 6530.0, 6643.0, 7122.0, 7032.0, 7267.0, 7386.0, 7542.0, 8110.0, 7657.0, 7770.0, 8200.0, 8290.0, 7838.0, 7974.0, 8607.0, 7906.0, 8675.0, 8042.0, 8471.0, 8403.0, 9533.0, 8539.0, 8788.0, 9014.0, 9194.0, 9104.0, 9375.0, 8856.0, 8946.0, 9623.0, 9307.0, 9443.0, 9722.0, 9997.0, 10252.0, 10995.0, 11108.0, 11513.0, 11445.0, 12019.0, 12133.0, 12450.0, 12518.0, 12653.0, 12382.0, 12909.0, 13244.0, 13154.0, 13312.0, 13425.0, 13561.0, 13629.0, 13493.0, 13719.0, 14036.0, 13832.0, 14194.0, 13968.0, 13900.0, 14104.0, 14375.0, 14443.0, 14606.0, 14307.0, 14882.0, 14950.0, 14679.0, 15018.0, 15266.0, 15176.0, 15086.0, 14769.0, 15401.0, 15469.0, 15539.0, 15629.0, 15722.0, 15812.0, 15902.0, 16504.0, 16617.0, 16238.0, 16404.0, 16947.0, 17015.0, 17173.0, 17353.0, 17083.0, 17263.0, 17514.0, 17668.0, 18088.0, 18468.0, 18625.0, 18697.0, 18787.0, 18877.0, 19199.0, 19331.0, 19122.0]","[-286.0, -113.0, -129.0, 7.0, 73.0, -116.0, 9.0, 320.0, -20.0, 0.0, 11.0, -21.0, 34.0, -35.0, 0.0, 0.0, 70.0, 0.0, -28.0, 0.0, 42.0, -19.0, 50.0, -88.0, 0.0, -28.0, 0.0, 0.0, -3.0, 0.0, 0.0, 0.0, 69.0, -39.0, 42.0, -20.0, 245.0, 0.0, 0.0, -41.0, 0.0, -14.0, -60.0, -121.0, 0.0, 150.0, 35.0, 33.0, 72.0, 0.0, -72.0, 0.0, 92.0, 0.0, 0.0, 0.0, 0.0, 51.0, -182.0, -300.0, 38.0, -27.0, -132.0, 67.0, 259.0, -133.0, 134.0, -59.0, 34.0, -3.0, 800.0, 87.0, 237.0, 59.0, 105.0, 165.0, 206.0, 53.0, 55.0, 392.0, 36.0, 81.0, 0.0, 0.0, 0.0, 0.0, 4.0, 0.0, -78.0, 0.0, 0.0, 18.0, 3.0, 54.0, -87.0, 0.0, -65.0, -49.0, -171.0, -192.0, 14.0, 18.0, -9.0, -26.0, 227.0, -5.0, 39.0, 5.0, 67.0, 241.0, 286.0, 80.0, 0.0, 0.0, -25.0, 1.0, -14.0, 87.0, 127.0, 168.0, 99.0, -133.0, 137.0, 21.0, -30.0, 0.0, -17.0, 0.0, 34.0, 0.0, 107.0, 0.0, 0.0, -195.0, -136.0, 0.0, 42.0, -26.0, 93.0, 0.0, 0.0, 0.0, 0.0, 0.0, 0.0, -22.0, 40.0, 0.0, 0.0, 0.0]","[0, 0, 0, 0, 0, 0, 0, 0, 0, 0, 0, 0, 0, 0, 0, 0, 0, 0, 0, 0, 0, 0, 0, 0, 0, 0, 0, 0, 0, 0, 0, 0, 0, 0, 0, 0, 0, 0, 0, 0, 0, 0, 0, 0, 0, 0, 0, 0, 0, 0, 0, 0, 0, 0, 0, 0, 0, 0, 0, 0, 0, 0, 0, 0, 0, 0, 0, 0, 0, 0, 0, 0, 0, 0, 0, 0, 0, 0, 0, 0, 0, 0, 0, 0, 0, 0, 0, 0, 0, 0, 0, 0, 0, 0, 0, 0, 0, 0, 0, 0, 0, 0, 0, 0, 0, 0, 0, 0, 0, 0, 0, 0, 0, 0, 0, 0, 0, 0, 0, 0, 0, 0, 0, 0, 0, 0, 0, 0, 0, 0, 0, 0, 0, 0, 0, 0, 0, 0, 0, 0, 0, 0, 0, 0, 0, 0, 0, 0, 0, 0]",13154.81,13154.81,1457661.0,19331.0,300.1802098751068,13154.81,6094.550925372046,0.5367055149126406
mip,10,total_time,1,"[601.0, 672.0, 740.0, 869.0, 959.0, 1027.0, 1117.0, 1298.0, 1434.0, 1230.0, 1524.0, 1366.0, 1637.0, 1741.0, 1816.0, 1884.0, 2074.0, 2202.0, 2274.0, 2619.0, 2687.0, 2813.0, 2881.0, 2971.0, 3061.0, 3248.0, 3478.0, 3587.0, 3739.0, 3887.0, 3977.0, 4045.0, 4184.0, 4320.0, 4252.0, 4455.0, 4567.0, 4678.0, 4944.0, 5168.0, 5258.0, 5461.0, 5348.0, 5619.0, 5551.0, 5709.0, 5799.0, 5934.0, 6172.0, 6329.0, 6498.0, 6611.0, 6679.0, 6812.0, 6972.0, 7085.0, 7208.0, 7540.0, 7657.0, 7770.0, 8178.0, 8923.0, 7838.0, 8042.0, 7974.0, 7906.0, 8833.0, 8110.0, 8359.0, 8291.0, 8563.0, 8427.0, 8495.0, 9488.0, 8743.0, 8653.0, 9104.0, 9240.0, 9172.0, 9308.0, 9036.0, 9398.0, 9578.0, 9905.0, 9975.0, 10872.0, 10804.0, 11197.0, 11129.0, 11427.0, 11557.0, 11903.0, 12011.0, 12223.0, 12382.0, 12664.0, 12952.0, 13020.0, 13109.0, 13222.0, 13358.0, 13426.0, 13290.0, 13901.0, 13607.0, 13539.0, 13811.0, 13743.0, 13675.0, 13991.0, 14104.0, 14308.0, 14240.0, 14172.0, 14457.0, 14525.0, 14593.0, 15066.0, 14683.0, 14953.0, 14773.0, 14863.0, 15156.0, 15252.0, 15354.0, 15444.0, 15534.0, 15682.0, 15795.0, 15923.0, 16104.0, 16036.0, 16172.0, 16649.0, 16717.0, 16834.0, 16924.0, 17020.0, 17110.0, 17328.0, 17396.0, 17509.0, 17889.0, 18110.0, 18442.0, 18532.0, 18622.0, 19086.0, 18950.0, 19018.0]","[-556.0, -561.0, -328.0, -312.0, -449.0, -96.0, -220.0, 1.0, 158.0, -319.0, -218.0, -340.0, -195.0, -570.0, -200.0, -302.0, -200.0, -362.0, -250.0, -475.0, -581.0, -448.0, -515.0, -98.0, -475.0, -158.0, -354.0, -120.0, -562.0, -274.0, -434.0, -566.0, -226.0, -407.0, -597.0, -388.0, -237.0, -281.0, -254.0, -161.0, -120.0, -216.0, -262.0, -233.0, -315.0, -143.0, -258.0, 33.0, -489.0, -583.0, -104.0, -32.0, -351.0, -220.0, -295.0, -301.0, -334.0, -519.0, -182.0, -300.0, 16.0, 606.0, -132.0, 135.0, -374.0, -133.0, 292.0, 9.0, -78.0, -115.0, -170.0, -25.0, -56.0, 533.0, -346.0, -286.0, -65.0, 437.0, 281.0, 77.0, -235.0, 36.0, -144.0, -92.0, -277.0, -123.0, -300.0, -316.0, -394.0, -592.0, -576.0, -529.0, -504.0, -376.0, -87.0, -245.0, -357.0, -183.0, -374.0, -395.0, -189.0, -185.0, -212.0, 156.0, -202.0, -298.0, -344.0, -220.0, -158.0, 128.0, 15.0, -55.0, -366.0, -135.0, -450.0, -424.0, -100.0, 135.0, -456.0, -55.0, -214.0, -39.0, -108.0, -196.0, -215.0, -185.0, -205.0, -130.0, -73.0, -581.0, -406.0, -202.0, -232.0, -493.0, -434.0, -339.0, -387.0, -89.0, -60.0, -186.0, -272.0, -579.0, -579.0, -515.0, -255.0, -277.0, -215.0, -113.0, -381.0, -104.0]","[0, 0, 0, 0, 0, 0, 0, 0, 0, 0, 0, 0, 0, 0, 0, 0, 0, 0, 0, 0, 0, 0, 0, 0, 0, 0, 0, 0, 0, 0, 0, 0, 0, 0, 0, 0, 0, 0, 0, 0, 0, 0, 0, 0, 0, 0, 0, 0, 0, 0, 0, 0, 0, 0, 0, 0, 0, 0, 0, 0, 0, 0, 0, 0, 0, 0, 0, 0, 0, 0, 0, 0, 0, 0, 0, 0, 0, 0, 0, 0, 0, 0, 0, 0, 0, 0, 0, 0, 0, 0, 0, 0, 0, 0, 0, 0, 0, 0, 0, 0, 0, 0, 0, 0, 0, 0, 0, 0, 0, 0, 0, 0, 0, 0, 0, 0, 0, 0, 0, 0, 0, 0, 0, 0, 0, 0, 0, 0, 0, 0, 0, 0, 0, 0, 0, 0, 0, 0, 0, 0, 0, 0, 0, 0, 0, 0, 0, 0, 0, 0]",1419715.0,61072.53,1419715.0,19086.0,300.290030002594,1419715.0,1411335.9356553573,0.005901934081588687
mip,10,makespan,1,"[1278.0, 672.0, 1775.0, 1188.0, 890.0, 978.0, 1075.0, 1685.0, 1414.0, 1346.0, 1504.0, 1911.0, 1617.0, 1843.0, 1979.0, 2047.0, 2115.0, 2228.0, 2296.0, 2619.0, 2687.0, 2813.0, 3094.0, 2914.0, 3004.0, 3248.0, 3478.0, 3587.0, 3739.0, 3887.0, 3977.0, 4045.0, 4310.0, 4197.0, 4378.0, 4468.0, 4567.0, 4678.0, 4944.0, 5168.0, 5353.0, 5285.0, 5443.0, 5736.0, 5578.0, 5646.0, 5826.0, 5961.0, 6172.0, 6329.0, 6607.0, 6539.0, 6697.0, 6812.0, 6972.0, 7276.0, 7208.0, 7540.0, 7657.0, 8041.0, 7747.0, 7928.0, 8335.0, 8109.0, 7860.0, 8267.0, 8539.0, 8832.0, 9442.0, 8199.0, 8629.0, 8471.0, 8403.0, 9261.0, 8990.0, 9080.0, 8764.0, 9193.0, 8922.0, 9510.0, 9374.0, 9600.0, 9690.0, 9905.0, 9975.0, 10872.0, 10804.0, 11197.0, 11129.0, 11427.0, 11557.0, 11903.0, 12011.0, 12223.0, 12382.0, 13088.0, 12952.0, 13020.0, 13336.0, 13178.0, 14593.0, 13246.0, 13619.0, 13687.0, 13461.0, 13551.0, 13777.0, 14161.0, 13890.0, 13958.0, 14319.0, 14048.0, 14229.0, 14387.0, 14457.0, 14525.0, 14661.0, 14774.0, 15112.0, 15022.0, 14932.0, 14842.0, 15247.0, 15315.0, 15473.0, 15383.0, 15563.0, 15682.0, 15795.0, 15923.0, 16104.0, 16036.0, 16172.0, 16649.0, 16717.0, 16834.0, 16924.0, 17020.0, 17110.0, 17490.0, 17377.0, 17558.0, 17889.0, 18110.0, 18442.0, 18622.0, 18532.0, 19086.0, 18950.0, 19018.0]","[121.0, -561.0, 707.0, 7.0, -518.0, -145.0, -262.0, 388.0, 138.0, -203.0, -238.0, 205.0, -215.0, -468.0, -37.0, -139.0, -159.0, -336.0, -228.0, -475.0, -581.0, -448.0, -302.0, -155.0, -532.0, -158.0, -354.0, -120.0, -562.0, -274.0, -434.0, -566.0, -100.0, -530.0, -471.0, -375.0, -237.0, -281.0, -254.0, -161.0, -25.0, -392.0, -167.0, -116.0, -288.0, -206.0, -231.0, 60.0, -489.0, -583.0, 5.0, -104.0, -333.0, -220.0, -295.0, -110.0, -334.0, -519.0, -182.0, -29.0, -415.0, -389.0, 365.0, 202.0, -488.0, 228.0, -2.0, 731.0, 1005.0, -207.0, -104.0, 19.0, -148.0, 306.0, -99.0, 141.0, -405.0, 390.0, 31.0, 279.0, 103.0, 238.0, -32.0, -92.0, -277.0, -123.0, -300.0, -316.0, -394.0, -592.0, -576.0, -529.0, -504.0, -376.0, -87.0, 179.0, -357.0, -183.0, -147.0, -439.0, 1046.0, -365.0, 117.0, -58.0, -348.0, -286.0, -378.0, 198.0, 57.0, 95.0, 230.0, -315.0, -377.0, 80.0, -450.0, -424.0, -32.0, -157.0, -27.0, 14.0, -55.0, -60.0, -17.0, -133.0, -96.0, -246.0, -176.0, -130.0, -73.0, -581.0, -406.0, -202.0, -232.0, -493.0, -434.0, -339.0, -387.0, -89.0, -60.0, -24.0, -291.0, -530.0, -579.0, -515.0, -255.0, -187.0, -305.0, -113.0, -381.0, -104.0]","[0, 0, 0, 0, 0, 0, 0, 0, 0, 0, 0, 0, 0, 0, 0, 0, 0, 0, 0, 0, 0, 0, 0, 0, 0, 0, 0, 0, 0, 0, 0, 0, 0, 0, 0, 0, 0, 0, 0, 0, 0, 0, 0, 0, 0, 0, 0, 0, 0, 0, 0, 0, 0, 0, 0, 0, 0, 0, 0, 0, 0, 0, 0, 0, 0, 0, 0, 0, 0, 0, 0, 0, 0, 0, 0, 0, 0, 0, 0, 0, 0, 0, 0, 0, 0, 0, 0, 0, 0, 0, 0, 0, 0, 0, 0, 0, 0, 0, 0, 0, 0, 0, 0, 0, 0, 0, 0, 0, 0, 0, 0, 0, 0, 0, 0, 0, 0, 0, 0, 0, 0, 0, 0, 0, 0, 0, 0, 0, 0, 0, 0, 0, 0, 0, 0, 0, 0, 0, 0, 0, 0, 0, 0, 0, 0, 0, 0, 0, 0, 0]",19086.0,60994.28,1428697.0,19086.0,0.2669789791107178,19086.0,19086.0,0.0
mip,10,penalty,2,"[1136.0, 1233.0, 1068.0, 1204.0, 1408.0, 1120.0, 1366.0, 1301.0, 1276.0, 1549.0, 1742.0, 1706.0, 1832.0, 2311.0, 2016.0, 2186.0, 2274.0, 2564.0, 2524.0, 3094.0, 3268.0, 3261.0, 3396.0, 3069.0, 3536.0, 3406.0, 3832.0, 3707.0, 4298.0, 4161.0, 4411.0, 4611.0, 4410.0, 4714.0, 4849.0, 4781.0, 4804.0, 4959.0, 5198.0, 5329.0, 5378.0, 5677.0, 5610.0, 5762.0, 5866.0, 5852.0, 6057.0, 5934.0, 6661.0, 6912.0, 6602.0, 6715.0, 7030.0, 7032.0, 7267.0, 7386.0, 7542.0, 8059.0, 7839.0, 8070.0, 8162.0, 8293.0, 7970.0, 7907.0, 8347.0, 8002.0, 8541.0, 8138.0, 8437.0, 8406.0, 8733.0, 8474.0, 8551.0, 8955.0, 9089.0, 8939.0, 9169.0, 8803.0, 8887.0, 9231.0, 9271.0, 9362.0, 9722.0, 9997.0, 10252.0, 10995.0, 11104.0, 11513.0, 11523.0, 12019.0, 12133.0, 12432.0, 12515.0, 12599.0, 12469.0, 12909.0, 13309.0, 13203.0, 13483.0, 13617.0, 13547.0, 13615.0, 13479.0, 13724.0, 13765.0, 13837.0, 14155.0, 13963.0, 13833.0, 13901.0, 14089.0, 14363.0, 14606.0, 14307.0, 14881.0, 14949.0, 14693.0, 14931.0, 15139.0, 15017.0, 14999.0, 14818.0, 15264.0, 15448.0, 15569.0, 15629.0, 15739.0, 15812.0, 15868.0, 16504.0, 16510.0, 16238.0, 16404.0, 17083.0, 17151.0, 17173.0, 17311.0, 17083.0, 17219.0, 17514.0, 17668.0, 18088.0, 18468.0, 18625.0, 18697.0, 18809.0, 18837.0, 19199.0, 19331.0, 19122.0]","[-21.0, 0.0, 0.0, 23.0, 0.0, -3.0, 29.0, 4.0, 0.0, 0.0, 0.0, 0.0, 0.0, 0.0, 0.0, 0.0, 0.0, 0.0, 0.0, 0.0, 0.0, 0.0, 0.0, 0.0, 0.0, 0.0, 0.0, 0.0, -3.0, 0.0, 0.0, 0.0, 0.0, -13.0, 0.0, -62.0, 0.0, 0.0, 0.0, 0.0, 0.0, 0.0, 0.0, -90.0, 0.0, 0.0, 0.0, 33.0, 0.0, 0.0, 0.0, 72.0, 0.0, 0.0, 0.0, 0.0, 0.0, 0.0, 0.0, 0.0, 0.0, -24.0, 0.0, 0.0, -1.0, -37.0, 0.0, 37.0, 0.0, 0.0, 0.0, 22.0, 0.0, 0.0, 0.0, 0.0, 0.0, 0.0, -4.0, 0.0, 0.0, 0.0, 0.0, 0.0, 0.0, 0.0, 0.0, 0.0, 0.0, 0.0, 0.0, 0.0, 0.0, 0.0, 0.0, 0.0, 0.0, 0.0, 0.0, 0.0, 0.0, 4.0, -23.0, -21.0, -44.0, 0.0, 0.0, 0.0, 0.0, 38.0, 0.0, 0.0, 0.0, 0.0, -26.0, 0.0, 0.0, 0.0, 0.0, 9.0, 12.0, -84.0, 0.0, 0.0, 0.0, 0.0, 0.0, 0.0, 0.0, 0.0, 0.0, 0.0, 0.0, -59.0, 0.0, 0.0, 0.0, -26.0, 49.0, 0.0, 0.0, 0.0, 0.0, 0.0, 0.0, 0.0, 0.0, 0.0, 0.0, 0.0]","[0, 1, 0, 0, 1, 1, 0, 1, 0, 1, 1, 0, 0, 0, 1, 1, 1, 1, 0, 0, 0, 1, 1, 1, 1, 0, 1, 1, 0, 1, 0, 1, 1, 0, 1, 1, 0, 0, 0, 0, 1, 0, 1, 0, 1, 0, 1, 1, 0, 1, 1, 1, 0, 1, 0, 1, 1, 1, 1, 0, 1, 0, 1, 0, 1, 0, 1, 0, 1, 0, 0, 0, 0, 0, 1, 1, 0, 1, 0, 1, 0, 0, 1, 1, 0, 1, 0, 1, 0, 1, 1, 1, 1, 0, 0, 1, 0, 1, 0, 0, 1, 1, 1, 0, 1, 0, 0, 0, 1, 1, 1, 0, 0, 1, 1, 1, 0, 0, 0, 1, 0, 0, 1, 0, 0, 1, 0, 1, 0, 0, 1, 0, 0, 0, 0, 1, 1, 1, 0, 1, 0, 1, 1, 0, 0, 1, 0, 1, 1, 1]",1143.6999999999998,1143.7,1454596.0,19331.0,20.66576910018921,1143.6999999999998,1143.699999999917,0.0
mip,10,total_time,2,"[601.0, 672.0, 723.0, 869.0, 890.0, 978.0, 1075.0, 1081.0, 1165.0, 1171.0, 1314.0, 1328.0, 1492.0, 1741.0, 1816.0, 1880.0, 2074.0, 2202.0, 2274.0, 2619.0, 2673.0, 2813.0, 2826.0, 2914.0, 2984.0, 3248.0, 3478.0, 3587.0, 3739.0, 3887.0, 3940.0, 4020.0, 4184.0, 4197.0, 4252.0, 4418.0, 4567.0, 4678.0, 4944.0, 5168.0, 5169.0, 5285.0, 5335.0, 5505.0, 5529.0, 5606.0, 5742.0, 5831.0, 6172.0, 6329.0, 6498.0, 6539.0, 6658.0, 6812.0, 6972.0, 7072.0, 7208.0, 7540.0, 7657.0, 7659.0, 7727.0, 7747.0, 7840.0, 7860.0, 7976.0, 7908.0, 7941.0, 8044.0, 8076.0, 8148.0, 8269.0, 8365.0, 8403.0, 8486.0, 8534.0, 8576.0, 8669.0, 8692.0, 8780.0, 8911.0, 8990.0, 9004.0, 9305.0, 9905.0, 9975.0, 10788.0, 10804.0, 11129.0, 11129.0, 11427.0, 11557.0, 11903.0, 12011.0, 12223.0, 12382.0, 12664.0, 12952.0, 12969.0, 13109.0, 13177.0, 13222.0, 13290.0, 13255.0, 13456.0, 13461.0, 13551.0, 13562.0, 13619.0, 13675.0, 13773.0, 13981.0, 14039.0, 14063.0, 14152.0, 14457.0, 14460.0, 14553.0, 14619.0, 14682.0, 14698.0, 14772.0, 14788.0, 14952.0, 15252.0, 15354.0, 15377.0, 15513.0, 15682.0, 15795.0, 15923.0, 15949.0, 16036.0, 16043.0, 16649.0, 16684.0, 16834.0, 16840.0, 17020.0, 17077.0, 17328.0, 17377.0, 17497.0, 17889.0, 18110.0, 18442.0, 18481.0, 18532.0, 18939.0, 18950.0, 19018.0]","[-556.0, -561.0, -345.0, -312.0, -518.0, -145.0, -262.0, -216.0, -111.0, -378.0, -428.0, -378.0, -340.0, -570.0, -200.0, -306.0, -200.0, -362.0, -250.0, -475.0, -595.0, -448.0, -570.0, -155.0, -552.0, -158.0, -354.0, -120.0, -562.0, -274.0, -471.0, -591.0, -226.0, -530.0, -597.0, -425.0, -237.0, -281.0, -254.0, -161.0, -209.0, -392.0, -275.0, -347.0, -337.0, -246.0, -315.0, -70.0, -489.0, -583.0, -104.0, -104.0, -372.0, -220.0, -295.0, -314.0, -334.0, -519.0, -182.0, -411.0, -435.0, -570.0, -130.0, -47.0, -372.0, -131.0, -600.0, -57.0, -361.0, -258.0, -464.0, -87.0, -148.0, -469.0, -555.0, -363.0, -500.0, -111.0, -111.0, -320.0, -281.0, -358.0, -417.0, -92.0, -277.0, -207.0, -300.0, -384.0, -394.0, -592.0, -576.0, -529.0, -504.0, -376.0, -87.0, -245.0, -357.0, -234.0, -374.0, -440.0, -325.0, -321.0, -247.0, -289.0, -348.0, -286.0, -593.0, -344.0, -158.0, -90.0, -108.0, -324.0, -543.0, -155.0, -450.0, -489.0, -140.0, -312.0, -457.0, -310.0, -215.0, -114.0, -312.0, -196.0, -215.0, -252.0, -226.0, -130.0, -73.0, -581.0, -561.0, -202.0, -361.0, -493.0, -467.0, -339.0, -471.0, -89.0, -93.0, -186.0, -291.0, -591.0, -579.0, -515.0, -255.0, -328.0, -305.0, -260.0, -381.0, -104.0]","[0, 1, 0, 0, 1, 1, 1, 0, 1, 0, 1, 0, 0, 0, 1, 0, 1, 0, 1, 1, 0, 1, 0, 1, 0, 1, 1, 1, 0, 1, 0, 1, 0, 1, 0, 0, 0, 1, 0, 0, 1, 0, 1, 1, 0, 0, 0, 1, 0, 1, 1, 0, 1, 0, 1, 0, 1, 1, 1, 0, 0, 1, 0, 1, 0, 0, 1, 0, 1, 1, 0, 1, 0, 1, 0, 1, 0, 1, 0, 0, 1, 0, 1, 1, 0, 0, 1, 0, 1, 0, 1, 0, 1, 1, 0, 1, 1, 0, 1, 0, 1, 1, 0, 0, 1, 1, 0, 1, 0, 0, 1, 0, 1, 0, 0, 1, 1, 0, 1, 0, 1, 0, 0, 0, 0, 1, 0, 1, 1, 1, 0, 1, 0, 0, 1, 1, 0, 1, 0, 0, 1, 1, 0, 1, 0, 1, 0, 1, 0, 0]",1405626.0,72544.07,1405626.0,19018.0,1.6297848224639893,1405626.0,1405626.0,0.0
mip,10,makespan,2,"[1046.0, 978.0, 1249.0, 1396.0, 890.0, 978.0, 1159.0, 1091.0, 1249.0, 1148.0, 1396.0, 1328.0, 1492.0, 1741.0, 1816.0, 1884.0, 2074.0, 2202.0, 2274.0, 2619.0, 2687.0, 2813.0, 2826.0, 2914.0, 2984.0, 3248.0, 3478.0, 3587.0, 3887.0, 3887.0, 4022.0, 4022.0, 4184.0, 4197.0, 4252.0, 4418.0, 4567.0, 4678.0, 4944.0, 5168.0, 5169.0, 5285.0, 5335.0, 5505.0, 5529.0, 5606.0, 5742.0, 5831.0, 6172.0, 6329.0, 6498.0, 6539.0, 6658.0, 6812.0, 6972.0, 7085.0, 7208.0, 7540.0, 7657.0, 7659.0, 8101.0, 7913.0, 8214.0, 7823.0, 7830.0, 7913.0, 7981.0, 8033.0, 8123.0, 8214.0, 8282.0, 8365.0, 8433.0, 8486.0, 8534.0, 8624.0, 8630.0, 8698.0, 8788.0, 8911.0, 8990.0, 9004.0, 9305.0, 9905.0, 9975.0, 11219.0, 10804.0, 11129.0, 11129.0, 11427.0, 11557.0, 11903.0, 12011.0, 12223.0, 12382.0, 12664.0, 12952.0, 12969.0, 13109.0, 13222.0, 13196.0, 13264.0, 13290.0, 13456.0, 13461.0, 13551.0, 13562.0, 13619.0, 13687.0, 13773.0, 13981.0, 14049.0, 14063.0, 14153.0, 14457.0, 14460.0, 14553.0, 14619.0, 14687.0, 14698.0, 14788.0, 14777.0, 14952.0, 15252.0, 15354.0, 15377.0, 15513.0, 15682.0, 15795.0, 15923.0, 15949.0, 16036.0, 16043.0, 16649.0, 16684.0, 16834.0, 16840.0, 17020.0, 17077.0, 17328.0, 17377.0, 17497.0, 17889.0, 18110.0, 18442.0, 18481.0, 18532.0, 19018.0, 18950.0, 19015.0]","[-111.0, -255.0, 181.0, 215.0, -518.0, -145.0, -178.0, -206.0, -27.0, -401.0, -346.0, -378.0, -340.0, -570.0, -200.0, -302.0, -200.0, -362.0, -250.0, -475.0, -581.0, -448.0, -570.0, -155.0, -552.0, -158.0, -354.0, -120.0, -414.0, -274.0, -389.0, -589.0, -226.0, -530.0, -597.0, -425.0, -237.0, -281.0, -254.0, -161.0, -209.0, -392.0, -275.0, -347.0, -337.0, -246.0, -315.0, -70.0, -489.0, -583.0, -104.0, -104.0, -372.0, -220.0, -295.0, -301.0, -334.0, -519.0, -182.0, -411.0, -61.0, -404.0, 244.0, -84.0, -518.0, -126.0, -560.0, -68.0, -314.0, -192.0, -451.0, -87.0, -118.0, -469.0, -555.0, -315.0, -539.0, -105.0, -103.0, -320.0, -281.0, -358.0, -417.0, -92.0, -277.0, 224.0, -300.0, -384.0, -394.0, -592.0, -576.0, -529.0, -504.0, -376.0, -87.0, -245.0, -357.0, -234.0, -374.0, -395.0, -351.0, -347.0, -212.0, -289.0, -348.0, -286.0, -593.0, -344.0, -146.0, -90.0, -108.0, -314.0, -543.0, -154.0, -450.0, -489.0, -140.0, -312.0, -452.0, -310.0, -199.0, -125.0, -312.0, -196.0, -215.0, -252.0, -226.0, -130.0, -73.0, -581.0, -561.0, -202.0, -361.0, -493.0, -467.0, -339.0, -471.0, -89.0, -93.0, -186.0, -291.0, -591.0, -579.0, -515.0, -255.0, -328.0, -305.0, -181.0, -381.0, -107.0]","[0, 0, 0, 1, 0, 1, 1, 1, 1, 0, 0, 0, 1, 0, 1, 1, 1, 0, 1, 1, 1, 1, 0, 1, 0, 0, 1, 1, 0, 1, 1, 0, 0, 1, 0, 1, 1, 1, 0, 0, 1, 0, 1, 0, 1, 1, 1, 0, 1, 1, 0, 1, 1, 1, 1, 1, 1, 1, 0, 1, 0, 1, 1, 0, 1, 0, 0, 1, 1, 0, 1, 0, 0, 1, 0, 0, 1, 1, 0, 1, 0, 1, 1, 1, 1, 1, 0, 1, 0, 0, 1, 1, 1, 1, 1, 1, 1, 0, 1, 1, 0, 0, 1, 1, 0, 0, 1, 0, 0, 0, 0, 0, 1, 1, 0, 1, 1, 0, 0, 1, 1, 0, 1, 1, 1, 0, 1, 1, 1, 0, 1, 0, 1, 1, 0, 0, 1, 1, 0, 0, 1, 0, 1, 1, 0, 1, 0, 1, 1, 0]",19018.0,69220.61,1409442.0,19018.0,0.6075329780578613,19018.0,19018.0,0.0
mip,10,penalty,3,"[1157.0, 1233.0, 1068.0, 1181.0, 1408.0, 1123.0, 1337.0, 1297.0, 1276.0, 1549.0, 1742.0, 1706.0, 1832.0, 2311.0, 2016.0, 2186.0, 2274.0, 2564.0, 2524.0, 3094.0, 3268.0, 3261.0, 3396.0, 3069.0, 3536.0, 3406.0, 3832.0, 3707.0, 4301.0, 4161.0, 4411.0, 4611.0, 4410.0, 4727.0, 4849.0, 4843.0, 4804.0, 4959.0, 5198.0, 5329.0, 5378.0, 5677.0, 5610.0, 5852.0, 5866.0, 5852.0, 6057.0, 5934.0, 6661.0, 6912.0, 6602.0, 6643.0, 7030.0, 7032.0, 7267.0, 7386.0, 7542.0, 8059.0, 7839.0, 8070.0, 8162.0, 8317.0, 7970.0, 7907.0, 8347.0, 8033.0, 8541.0, 8101.0, 8437.0, 8406.0, 8733.0, 8452.0, 8551.0, 8955.0, 9089.0, 8939.0, 9169.0, 8803.0, 8891.0, 9231.0, 9271.0, 9362.0, 9722.0, 9997.0, 10252.0, 10995.0, 11104.0, 11513.0, 11523.0, 12019.0, 12133.0, 12432.0, 12515.0, 12599.0, 12469.0, 12909.0, 13309.0, 13203.0, 13483.0, 13617.0, 13547.0, 13611.0, 13502.0, 13745.0, 13795.0, 13837.0, 14155.0, 13963.0, 13858.0, 13863.0, 14089.0, 14363.0, 14606.0, 14307.0, 14881.0, 14949.0, 14693.0, 14931.0, 15139.0, 15008.0, 14987.0, 14897.0, 15264.0, 15448.0, 15569.0, 15629.0, 15739.0, 15812.0, 15868.0, 16504.0, 16510.0, 16238.0, 16404.0, 17105.0, 17151.0, 17173.0, 17311.0, 17109.0, 17199.0, 17514.0, 17668.0, 18088.0, 18468.0, 18625.0, 18697.0, 18809.0, 18837.0, 19199.0, 19331.0, 19122.0]","[0.0, 0.0, 0.0, 0.0, 0.0, 0.0, 0.0, 0.0, 0.0, 0.0, 0.0, 0.0, 0.0, 0.0, 0.0, 0.0, 0.0, 0.0, 0.0, 0.0, 0.0, 0.0, 0.0, 0.0, 0.0, 0.0, 0.0, 0.0, 0.0, 0.0, 0.0, 0.0, 0.0, 0.0, 0.0, 0.0, 0.0, 0.0, 0.0, 0.0, 0.0, 0.0, 0.0, 0.0, 0.0, 0.0, 0.0, 33.0, 0.0, 0.0, 0.0, 0.0, 0.0, 0.0, 0.0, 0.0, 0.0, 0.0, 0.0, 0.0, 0.0, 0.0, 0.0, 0.0, -1.0, -6.0, 0.0, 0.0, 0.0, 0.0, 0.0, 0.0, 0.0, 0.0, 0.0, 0.0, 0.0, 0.0, 0.0, 0.0, 0.0, 0.0, 0.0, 0.0, 0.0, 0.0, 0.0, 0.0, 0.0, 0.0, 0.0, 0.0, 0.0, 0.0, 0.0, 0.0, 0.0, 0.0, 0.0, 0.0, 0.0, 0.0, 0.0, 0.0, -14.0, 0.0, 0.0, 0.0, 25.0, 0.0, 0.0, 0.0, 0.0, 0.0, -26.0, 0.0, 0.0, 0.0, 0.0, 0.0, 0.0, -5.0, 0.0, 0.0, 0.0, 0.0, 0.0, 0.0, 0.0, 0.0, 0.0, 0.0, 0.0, -37.0, 0.0, 0.0, 0.0, 0.0, 29.0, 0.0, 0.0, 0.0, 0.0, 0.0, 0.0, 0.0, 0.0, 0.0, 0.0, 0.0]","[0, 0, 0, 1, 1, 2, 0, 1, 2, 0, 0, 2, 1, 1, 0, 0, 2, 1, 2, 2, 2, 1, 0, 1, 0, 1, 2, 1, 1, 2, 0, 2, 2, 0, 0, 1, 2, 2, 2, 0, 1, 0, 2, 2, 0, 1, 1, 0, 1, 1, 2, 0, 2, 0, 2, 1, 2, 1, 1, 2, 1, 0, 1, 2, 2, 0, 1, 0, 2, 1, 1, 0, 2, 1, 0, 0, 2, 0, 2, 0, 1, 1, 0, 1, 0, 0, 2, 0, 1, 1, 0, 0, 0, 1, 2, 0, 0, 0, 0, 0, 2, 1, 1, 0, 1, 2, 1, 0, 0, 1, 2, 2, 0, 0, 2, 2, 2, 0, 1, 0, 1, 1, 0, 1, 0, 1, 0, 2, 0, 2, 0, 0, 1, 0, 2, 0, 0, 1, 1, 0, 2, 0, 1, 2, 2, 2, 1, 0, 1, 0]",205.21,205.21,1454803.0,19331.0,0.8714268207550049,205.21,205.20999999999998,0.0
mip,10,total_time,3,"[601.0, 672.0, 723.0, 869.0, 890.0, 978.0, 1075.0, 1081.0, 1149.0, 1148.0, 1314.0, 1328.0, 1492.0, 1741.0, 1816.0, 1880.0, 2074.0, 2202.0, 2274.0, 2619.0, 2673.0, 2813.0, 2826.0, 2914.0, 2984.0, 3248.0, 3478.0, 3587.0, 3739.0, 3887.0, 3940.0, 4020.0, 4184.0, 4197.0, 4250.0, 4418.0, 4567.0, 4678.0, 4944.0, 5168.0, 5169.0, 5285.0, 5335.0, 5505.0, 5529.0, 5606.0, 5742.0, 5831.0, 6172.0, 6329.0, 6498.0, 6539.0, 6658.0, 6812.0, 6972.0, 7072.0, 7208.0, 7540.0, 7657.0, 7659.0, 7713.0, 7735.0, 7816.0, 7826.0, 7848.0, 7884.0, 7941.0, 8033.0, 8072.0, 8148.0, 8269.0, 8365.0, 8403.0, 8486.0, 8534.0, 8576.0, 8630.0, 8692.0, 8780.0, 8911.0, 8990.0, 9004.0, 9305.0, 9905.0, 9975.0, 10788.0, 10804.0, 11129.0, 11129.0, 11427.0, 11557.0, 11903.0, 12011.0, 12223.0, 12382.0, 12664.0, 12952.0, 12969.0, 13109.0, 13177.0, 13196.0, 13208.0, 13255.0, 13456.0, 13461.0, 13532.0, 13562.0, 13603.0, 13626.0, 13773.0, 13981.0, 14039.0, 14063.0, 14123.0, 14457.0, 14460.0, 14553.0, 14619.0, 14682.0, 14698.0, 14749.0, 14772.0, 14952.0, 15252.0, 15354.0, 15377.0, 15513.0, 15682.0, 15795.0, 15923.0, 15949.0, 16013.0, 16043.0, 16649.0, 16684.0, 16834.0, 16840.0, 17020.0, 17077.0, 17328.0, 17377.0, 17497.0, 17889.0, 18110.0, 18442.0, 18481.0, 18512.0, 18939.0, 18950.0, 19015.0]","[-556.0, -561.0, -345.0, -312.0, -518.0, -145.0, -262.0, -216.0, -127.0, -401.0, -428.0, -378.0, -340.0, -570.0, -200.0, -306.0, -200.0, -362.0, -250.0, -475.0, -595.0, -448.0, -570.0, -155.0, -552.0, -158.0, -354.0, -120.0, -562.0, -274.0, -471.0, -591.0, -226.0, -530.0, -599.0, -425.0, -237.0, -281.0, -254.0, -161.0, -209.0, -392.0, -275.0, -347.0, -337.0, -246.0, -315.0, -70.0, -489.0, -583.0, -104.0, -104.0, -372.0, -220.0, -295.0, -314.0, -334.0, -519.0, -182.0, -411.0, -449.0, -582.0, -154.0, -81.0, -500.0, -155.0, -600.0, -68.0, -365.0, -258.0, -464.0, -87.0, -148.0, -469.0, -555.0, -363.0, -539.0, -111.0, -111.0, -320.0, -281.0, -358.0, -417.0, -92.0, -277.0, -207.0, -300.0, -384.0, -394.0, -592.0, -576.0, -529.0, -504.0, -376.0, -87.0, -245.0, -357.0, -234.0, -374.0, -440.0, -351.0, -403.0, -247.0, -289.0, -348.0, -305.0, -593.0, -360.0, -207.0, -90.0, -108.0, -324.0, -543.0, -184.0, -450.0, -489.0, -140.0, -312.0, -457.0, -310.0, -238.0, -130.0, -312.0, -196.0, -215.0, -252.0, -226.0, -130.0, -73.0, -581.0, -561.0, -225.0, -361.0, -493.0, -467.0, -339.0, -471.0, -89.0, -93.0, -186.0, -291.0, -591.0, -579.0, -515.0, -255.0, -328.0, -325.0, -260.0, -381.0, -107.0]","[0, 1, 0, 2, 0, 0, 0, 2, 2, 1, 1, 0, 0, 0, 1, 0, 0, 0, 0, 1, 0, 0, 1, 0, 1, 0, 0, 0, 0, 1, 0, 0, 1, 0, 2, 0, 0, 0, 0, 1, 0, 0, 2, 0, 1, 0, 1, 0, 0, 0, 1, 0, 0, 0, 1, 0, 0, 0, 1, 0, 2, 0, 1, 2, 0, 1, 2, 1, 0, 1, 0, 1, 2, 0, 2, 1, 0, 2, 0, 0, 1, 0, 0, 0, 0, 1, 0, 1, 0, 0, 0, 0, 0, 0, 0, 0, 1, 0, 2, 1, 0, 2, 1, 1, 2, 0, 2, 0, 1, 0, 0, 2, 1, 0, 1, 0, 1, 0, 2, 1, 0, 2, 0, 0, 1, 0, 0, 0, 0, 1, 2, 0, 1, 1, 0, 1, 0, 1, 0, 0, 1, 0, 0, 0, 1, 2, 0, 1, 2, 0]",1404989.0,73400.02,1404989.0,19015.0,0.7742648124694824,1404989.0,1404989.0,0.0
mip,10,makespan,3,"[672.0, 672.0, 723.0, 869.0, 890.0, 1216.0, 1075.0, 1148.0, 1216.0, 1148.0, 1314.0, 1329.0, 1492.0, 1741.0, 1816.0, 1880.0, 2074.0, 2202.0, 2274.0, 2619.0, 2673.0, 2813.0, 2881.0, 3248.0, 2984.0, 3248.0, 3478.0, 3587.0, 3739.0, 3887.0, 3977.0, 4045.0, 4184.0, 4197.0, 4252.0, 4418.0, 4567.0, 4678.0, 4944.0, 5168.0, 5285.0, 5285.0, 5335.0, 5505.0, 5529.0, 5606.0, 5742.0, 5831.0, 6172.0, 6329.0, 6498.0, 6539.0, 6658.0, 6812.0, 6972.0, 7085.0, 7208.0, 7988.0, 7657.0, 7659.0, 7898.0, 7770.0, 7816.0, 7884.0, 7830.0, 7884.0, 7952.0, 8033.0, 8123.0, 8148.0, 8269.0, 8382.0, 8403.0, 8486.0, 8534.0, 8576.0, 8630.0, 8692.0, 8782.0, 8911.0, 8990.0, 9004.0, 9305.0, 9905.0, 9975.0, 10788.0, 10804.0, 11129.0, 11129.0, 11427.0, 11557.0, 11903.0, 12011.0, 12223.0, 12382.0, 12664.0, 13286.0, 12969.0, 13109.0, 13321.0, 13196.0, 13208.0, 13255.0, 13456.0, 13461.0, 13551.0, 13562.0, 13603.0, 13626.0, 13773.0, 13981.0, 14039.0, 14063.0, 14123.0, 14457.0, 14460.0, 14553.0, 14619.0, 14682.0, 14698.0, 14772.0, 14772.0, 14952.0, 15252.0, 15354.0, 15377.0, 15513.0, 15682.0, 15795.0, 15923.0, 15949.0, 16013.0, 16043.0, 16649.0, 16684.0, 17077.0, 16840.0, 17020.0, 17077.0, 17328.0, 17377.0, 17497.0, 17889.0, 18481.0, 19015.0, 18481.0, 18512.0, 18939.0, 19015.0, 19015.0]","[-485.0, -561.0, -345.0, -312.0, -518.0, 93.0, -262.0, -149.0, -60.0, -401.0, -428.0, -377.0, -340.0, -570.0, -200.0, -306.0, -200.0, -362.0, -250.0, -475.0, -595.0, -448.0, -515.0, 179.0, -552.0, -158.0, -354.0, -120.0, -562.0, -274.0, -434.0, -566.0, -226.0, -530.0, -597.0, -425.0, -237.0, -281.0, -254.0, -161.0, -93.0, -392.0, -275.0, -347.0, -337.0, -246.0, -315.0, -70.0, -489.0, -583.0, -104.0, -104.0, -372.0, -220.0, -295.0, -301.0, -334.0, -71.0, -182.0, -411.0, -264.0, -547.0, -154.0, -23.0, -518.0, -155.0, -589.0, -68.0, -314.0, -258.0, -464.0, -70.0, -148.0, -469.0, -555.0, -363.0, -539.0, -111.0, -109.0, -320.0, -281.0, -358.0, -417.0, -92.0, -277.0, -207.0, -300.0, -384.0, -394.0, -592.0, -576.0, -529.0, -504.0, -376.0, -87.0, -245.0, -23.0, -234.0, -374.0, -296.0, -351.0, -403.0, -247.0, -289.0, -348.0, -286.0, -593.0, -360.0, -207.0, -90.0, -108.0, -324.0, -543.0, -184.0, -450.0, -489.0, -140.0, -312.0, -457.0, -310.0, -215.0, -130.0, -312.0, -196.0, -215.0, -252.0, -226.0, -130.0, -73.0, -581.0, -561.0, -225.0, -361.0, -493.0, -467.0, -96.0, -471.0, -89.0, -93.0, -186.0, -291.0, -591.0, -579.0, -144.0, 318.0, -328.0, -325.0, -260.0, -316.0, -107.0]","[0, 1, 2, 1, 2, 0, 0, 1, 1, 2, 1, 2, 0, 2, 2, 0, 0, 1, 2, 0, 2, 0, 0, 0, 0, 1, 2, 1, 0, 2, 2, 1, 0, 1, 0, 2, 2, 0, 0, 0, 0, 1, 2, 0, 1, 2, 2, 0, 1, 2, 0, 2, 1, 1, 0, 0, 0, 0, 2, 1, 0, 1, 2, 1, 0, 2, 2, 1, 2, 0, 2, 2, 0, 2, 0, 1, 2, 1, 2, 0, 1, 0, 2, 2, 0, 1, 0, 1, 0, 2, 2, 2, 0, 0, 0, 0, 1, 0, 0, 0, 1, 0, 2, 0, 1, 1, 2, 0, 1, 2, 0, 1, 2, 0, 2, 1, 1, 2, 1, 2, 1, 0, 2, 0, 2, 1, 0, 1, 0, 2, 1, 0, 1, 0, 2, 0, 2, 1, 2, 1, 2, 2, 1, 1, 0, 2, 0, 0, 1, 2]",19015.0,69776.43,1408576.0,19015.0,0.6185910701751709,19015.0,19015.0,0.0
mip,11,penalty,1,"[945.0, 1193.0, 1013.0, 1374.0, 1103.0, 1442.0, 1736.0, 1306.0, 1646.0, 1578.0, 1510.0, 1849.0, 1917.0, 2139.0, 2582.0, 2514.0, 2721.0, 2789.0, 2653.0, 3060.0, 2879.0, 3173.0, 2992.0, 3246.0, 3424.0, 3973.0, 3860.0, 3724.0, 3611.0, 4154.0, 3792.0, 4041.0, 4222.0, 4400.0, 4829.0, 4581.0, 4649.0, 4509.0, 4739.0, 5470.0, 5651.0, 5538.0, 5334.0, 5402.0, 5787.0, 5877.0, 5719.0, 5990.0, 6080.0, 6381.0, 6449.0, 6954.0, 6864.0, 7096.0, 7186.0, 7392.0, 7279.0, 7756.0, 8279.0, 8008.0, 7940.0, 8211.0, 8098.0, 8401.0, 8582.0, 8514.0, 8994.0, 8650.0, 8853.0, 8718.0, 9461.0, 9275.0, 9551.0, 9726.0, 9816.0, 10507.0, 10259.0, 10801.0, 10327.0, 10417.0, 10620.0, 10688.0, 11056.0, 10920.0, 11146.0, 10988.0, 11236.0, 11439.0, 11575.0, 11643.0, 11507.0, 11326.0, 11983.0, 11847.0, 11733.0, 12096.0, 12164.0, 11915.0, 12277.0, 12367.0, 12905.0, 13009.0, 13077.0, 13389.0, 13547.0, 13457.0, 13851.0, 14032.0, 14100.0, 13964.0, 14251.0, 14364.0, 14454.0, 14563.0, 14682.0, 14854.0, 14989.0, 15524.0, 15456.0, 15658.0, 15929.0, 15839.0, 16132.0, 16019.0, 15726.0, 16290.0, 16358.0, 16222.0, 16743.0, 16426.0, 16675.0, 16607.0, 16833.0, 16539.0, 17018.0, 17157.0, 17270.0, 17496.0, 17338.0, 17406.0, 17700.0, 17564.0, 17632.0, 17993.0, 17790.0, 17880.0, 18418.0, 18576.0, 18486.0, 18147.0, 18260.0, 18644.0, 18350.0, 18746.0, 18939.0, 19179.0, 18849.0, 19269.0, 19111.0, 19607.0, 19905.0, 19782.0, 20037.0, 19692.0, 20595.0, 20341.0, 21072.0, 21298.0, 20891.0, 21004.0, 21162.0, 21366.0, 21230.0, 21823.0, 21615.0, 21946.0, 22225.0, 22348.0, 22461.0, 22800.0, 22732.0, 22529.0, 23162.0, 22619.0, 22913.0, 23230.0, 23049.0, 22981.0, 23298.0, 23663.0, 23370.0, 23483.0, 23595.0, 23731.0, 24002.0, 23844.0, 24070.0, 23934.0, 24167.0, 24265.0]","[-209.0, -166.0, -60.0, -43.0, -158.0, 0.0, 213.0, -17.0, 41.0, 122.0, 39.0, 87.0, 10.0, 0.0, 0.0, -265.0, -47.0, 13.0, -77.0, -32.0, 0.0, 19.0, 52.0, 0.0, 0.0, 35.0, 2.0, -55.0, -24.0, 108.0, -56.0, 0.0, 154.0, 0.0, 35.0, -85.0, -2.0, 0.0, 0.0, -48.0, -7.0, 0.0, -211.0, -146.0, 58.0, 39.0, -20.0, 10.0, 103.0, -90.0, 0.0, 0.0, -57.0, -117.0, 0.0, 110.0, 0.0, 0.0, 98.0, -136.0, -29.0, 15.0, 0.0, -62.0, 4.0, 0.0, 0.0, -73.0, 0.0, 1.0, 0.0, 0.0, 0.0, -26.0, 0.0, 48.0, -84.0, 3.0, -146.0, 0.0, -42.0, 4.0, 25.0, -13.0, 0.0, -24.0, -44.0, 59.0, 59.0, 23.0, 78.0, -79.0, -1.0, -24.0, 84.0, 0.0, 62.0, -48.0, 82.0, 73.0, 0.0, 0.0, 0.0, -13.0, 8.0, 0.0, -137.0, 0.0, 35.0, -46.0, -46.0, 0.0, 30.0, 0.0, 0.0, -70.0, 0.0, 0.0, -58.0, -25.0, -30.0, 0.0, -28.0, -143.0, 0.0, -39.0, -16.0, 0.0, 305.0, 28.0, 5.0, 87.0, 11.0, 10.0, 0.0, -4.0, 53.0, 27.0, -176.0, -21.0, 0.0, -134.0, -67.0, 18.0, 85.0, 162.0, 0.0, 78.0, 5.0, -323.0, -60.0, 60.0, -2.0, 0.0, 0.0, 0.0, -63.0, 72.0, -6.0, 0.0, 0.0, 20.0, 0.0, -64.0, 0.0, 0.0, 0.0, 69.0, -64.0, -47.0, 42.0, 88.0, -16.0, 0.0, 0.0, 0.0, 0.0, -101.0, -111.0, 0.0, -77.0, -68.0, 116.0, 4.0, -19.0, 107.0, 11.0, 7.0, 79.0, -5.0, 0.0, 0.0, -189.0, -33.0, 141.0, 8.0, 120.0, 0.0, 0.0, 0.0]","[0, 0, 0, 0, 0, 0, 0, 0, 0, 0, 0, 0, 0, 0, 0, 0, 0, 0, 0, 0, 0, 0, 0, 0, 0, 0, 0, 0, 0, 0, 0, 0, 0, 0, 0, 0, 0, 0, 0, 0, 0, 0, 0, 0, 0, 0, 0, 0, 0, 0, 0, 0, 0, 0, 0, 0, 0, 0, 0, 0, 0, 0, 0, 0, 0, 0, 0, 0, 0, 0, 0, 0, 0, 0, 0, 0, 0, 0, 0, 0, 0, 0, 0, 0, 0, 0, 0, 0, 0, 0, 0, 0, 0, 0, 0, 0, 0, 0, 0, 0, 0, 0, 0, 0, 0, 0, 0, 0, 0, 0, 0, 0, 0, 0, 0, 0, 0, 0, 0, 0, 0, 0, 0, 0, 0, 0, 0, 0, 0, 0, 0, 0, 0, 0, 0, 0, 0, 0, 0, 0, 0, 0, 0, 0, 0, 0, 0, 0, 0, 0, 0, 0, 0, 0, 0, 0, 0, 0, 0, 0, 0, 0, 0, 0, 0, 0, 0, 0, 0, 0, 0, 0, 0, 0, 0, 0, 0, 0, 0, 0, 0, 0, 0, 0, 0, 0, 0, 0, 0, 0, 0, 0, 0, 0, 0, 0, 0, 0, 0, 0]",12418.319999999992,12418.32,2541506.0,24265.0,300.29565501213074,12418.319999999992,8407.212988259445,0.32299916669408985
mip,11,total_time,1,"[601.0, 807.0, 1049.0, 981.0, 1139.0, 1320.0, 1614.0, 1252.0, 1524.0, 1388.0, 1456.0, 1727.0, 1795.0, 1867.0, 2232.0, 2300.0, 2368.0, 2436.0, 2581.0, 2649.0, 3056.0, 2762.0, 2830.0, 2966.0, 2898.0, 3373.0, 3441.0, 3636.0, 4020.0, 3568.0, 3704.0, 3930.0, 3794.0, 3862.0, 4258.0, 4439.0, 4507.0, 4371.0, 4613.0, 5054.0, 5144.0, 5212.0, 5393.0, 5325.0, 5461.0, 5551.0, 5664.0, 5768.0, 5858.0, 6115.0, 6381.0, 6488.0, 6589.0, 6829.0, 6919.0, 7032.0, 7216.0, 7391.0, 7725.0, 7815.0, 7928.0, 8004.0, 8153.0, 8243.0, 8085.0, 8393.0, 8529.0, 8461.0, 8619.0, 8709.0, 8929.0, 9084.0, 9200.0, 9313.0, 9403.0, 9930.0, 10043.0, 10258.0, 10326.0, 10416.0, 10687.0, 10506.0, 10755.0, 10619.0, 10845.0, 10958.0, 11388.0, 11094.0, 11026.0, 11230.0, 11162.0, 11298.0, 11478.0, 11659.0, 11591.0, 11782.0, 12076.0, 11850.0, 11918.0, 12008.0, 12436.0, 12662.0, 12815.0, 12933.0, 13040.0, 13355.0, 13526.0, 13725.0, 13861.0, 13793.0, 13929.0, 14137.0, 14232.0, 14439.0, 14613.0, 14854.0, 14989.0, 15057.0, 15125.0, 15193.0, 15397.0, 15543.0, 15679.0, 15747.0, 15611.0, 15860.0, 16017.0, 16107.0, 16264.0, 16354.0, 16603.0, 16535.0, 16739.0, 16467.0, 16671.0, 16829.0, 17010.0, 16942.0, 17146.0, 17078.0, 17214.0, 17327.0, 17395.0, 17463.0, 17531.0, 17621.0, 17909.0, 17977.0, 18045.0, 18181.0, 18113.0, 18271.0, 18474.0, 18361.0, 18703.0, 18793.0, 18883.0, 18973.0, 19108.0, 19176.0, 19329.0, 19397.0, 19682.0, 19772.0, 20079.0, 20147.0, 20599.0, 20668.0, 20964.0, 20736.0, 20828.0, 20896.0, 21078.0, 21331.0, 21399.0, 21523.0, 21627.0, 21863.0, 22198.0, 22327.0, 22464.0, 22532.0, 22713.0, 22985.0, 22645.0, 22781.0, 23324.0, 22849.0, 22917.0, 23098.0, 23166.0, 23256.0, 23464.0, 23532.0, 23645.0, 23713.0, 23781.0, 23939.0, 23849.0, 24007.0]","[-553.0, -552.0, -24.0, -436.0, -122.0, -122.0, 91.0, -71.0, -81.0, -68.0, -15.0, -35.0, -112.0, -272.0, -350.0, -479.0, -400.0, -340.0, -149.0, -443.0, 177.0, -392.0, -110.0, -280.0, -526.0, -565.0, -417.0, -143.0, 385.0, -478.0, -144.0, -111.0, -274.0, -538.0, -536.0, -227.0, -144.0, -138.0, -126.0, -464.0, -514.0, -326.0, -152.0, -223.0, -268.0, -287.0, -75.0, -212.0, -119.0, -356.0, -68.0, -466.0, -332.0, -384.0, -267.0, -250.0, -63.0, -365.0, -456.0, -329.0, -41.0, -192.0, 55.0, -220.0, -493.0, -121.0, -465.0, -262.0, -234.0, -8.0, -532.0, -191.0, -351.0, -439.0, -413.0, -529.0, -300.0, -540.0, -147.0, -1.0, 25.0, -178.0, -276.0, -314.0, -301.0, -54.0, 108.0, -286.0, -490.0, -390.0, -267.0, -107.0, -506.0, -212.0, -58.0, -314.0, -26.0, -113.0, -277.0, -286.0, -469.0, -347.0, -262.0, -469.0, -499.0, -102.0, -462.0, -307.0, -204.0, -217.0, -368.0, -227.0, -192.0, -124.0, -69.0, -70.0, 0.0, -467.0, -389.0, -490.0, -562.0, -296.0, -481.0, -415.0, -115.0, -469.0, -357.0, -115.0, -174.0, -44.0, -67.0, 15.0, -83.0, -62.0, -347.0, -332.0, -207.0, -527.0, -368.0, -349.0, -486.0, -371.0, -304.0, -512.0, -174.0, -97.0, -509.0, -521.0, -436.0, -289.0, -207.0, -313.0, 122.0, -385.0, -236.0, -386.0, -29.0, -224.0, -9.0, -431.0, -576.0, -365.0, -355.0, 16.0, -516.0, -194.0, -473.0, -561.0, 9.0, -315.0, -292.0, -382.0, -168.0, -492.0, -216.0, -423.0, -598.0, -586.0, -374.0, -473.0, -345.0, -65.0, -333.0, 370.0, -287.0, -342.0, 286.0, -125.0, -302.0, -570.0, -204.0, -227.0, -320.0, -232.0, -216.0, -123.0, -169.0, 5.0, -318.0, -258.0]","[0, 0, 0, 0, 0, 0, 0, 0, 0, 0, 0, 0, 0, 0, 0, 0, 0, 0, 0, 0, 0, 0, 0, 0, 0, 0, 0, 0, 0, 0, 0, 0, 0, 0, 0, 0, 0, 0, 0, 0, 0, 0, 0, 0, 0, 0, 0, 0, 0, 0, 0, 0, 0, 0, 0, 0, 0, 0, 0, 0, 0, 0, 0, 0, 0, 0, 0, 0, 0, 0, 0, 0, 0, 0, 0, 0, 0, 0, 0, 0, 0, 0, 0, 0, 0, 0, 0, 0, 0, 0, 0, 0, 0, 0, 0, 0, 0, 0, 0, 0, 0, 0, 0, 0, 0, 0, 0, 0, 0, 0, 0, 0, 0, 0, 0, 0, 0, 0, 0, 0, 0, 0, 0, 0, 0, 0, 0, 0, 0, 0, 0, 0, 0, 0, 0, 0, 0, 0, 0, 0, 0, 0, 0, 0, 0, 0, 0, 0, 0, 0, 0, 0, 0, 0, 0, 0, 0, 0, 0, 0, 0, 0, 0, 0, 0, 0, 0, 0, 0, 0, 0, 0, 0, 0, 0, 0, 0, 0, 0, 0, 0, 0, 0, 0, 0, 0, 0, 0, 0, 0, 0, 0, 0, 0, 0, 0, 0, 0, 0, 0]",2489934.0,84950.01,2489934.0,24007.0,300.28900718688965,2489934.0,2484619.3903169264,0.002134437974289114
mip,11,makespan,1,"[739.0, 868.0, 958.0, 1714.0, 1104.0, 1307.0, 1511.0, 1375.0, 1194.0, 1624.0, 1443.0, 1782.0, 2032.0, 2100.0, 2393.0, 2235.0, 2303.0, 2485.0, 2598.0, 2756.0, 2666.0, 2869.0, 4497.0, 4565.0, 2937.0, 4678.0, 4746.0, 5311.0, 4927.0, 4859.0, 5130.0, 5198.0, 5062.0, 5401.0, 5695.0, 5469.0, 5605.0, 5537.0, 5785.0, 5898.0, 6169.0, 5966.0, 6079.0, 6237.0, 6305.0, 6395.0, 6508.0, 6576.0, 6666.0, 6734.0, 7013.0, 7103.0, 7193.0, 7373.0, 7283.0, 7576.0, 7463.0, 7666.0, 7915.0, 7734.0, 7847.0, 8195.0, 8331.0, 8082.0, 8263.0, 8591.0, 8659.0, 8444.0, 8839.0, 8749.0, 8929.0, 9084.0, 10761.0, 10693.0, 10874.0, 11191.0, 10942.0, 11304.0, 11010.0, 11710.0, 11123.0, 11440.0, 11620.0, 11372.0, 11530.0, 11823.0, 12298.0, 11959.0, 12027.0, 12840.0, 11891.0, 12388.0, 12095.0, 12230.0, 12930.0, 12772.0, 12659.0, 12501.0, 12998.0, 12591.0, 13088.0, 13156.0, 13224.0, 13337.0, 13405.0, 13495.0, 13585.0, 13725.0, 13861.0, 13793.0, 14444.0, 14557.0, 14647.0, 14715.0, 14805.0, 15126.0, 15058.0, 14990.0, 15261.0, 15379.0, 15497.0, 15700.0, 15610.0, 15836.0, 15768.0, 16049.0, 16117.0, 16207.0, 16275.0, 16456.0, 16659.0, 16817.0, 16546.0, 16388.0, 16727.0, 16885.0, 17782.0, 17027.0, 17127.0, 17353.0, 17489.0, 17217.0, 17285.0, 17421.0, 17579.0, 17669.0, 18336.0, 18087.0, 18155.0, 18223.0, 18517.0, 18404.0, 18607.0, 18675.0, 18765.0, 18855.0, 18945.0, 19148.0, 19080.0, 19650.0, 19718.0, 19786.0, 19966.0, 19876.0, 20418.0, 20521.0, 20634.0, 20815.0, 20702.0, 21678.0, 21768.0, 21610.0, 21836.0, 21972.0, 21904.0, 22040.0, 22130.0, 22266.0, 22198.0, 22356.0, 22469.0, 22627.0, 23328.0, 22718.0, 22559.0, 22853.0, 22989.0, 23102.0, 22921.0, 23238.0, 23170.0, 23396.0, 23464.0, 23532.0, 23713.0, 23645.0, 23781.0, 23939.0, 23849.0, 24007.0]","[-415.0, -491.0, -115.0, 297.0, -157.0, -135.0, -12.0, 52.0, -411.0, 168.0, -28.0, 20.0, 125.0, -39.0, -189.0, -544.0, -465.0, -291.0, -132.0, -336.0, -213.0, -285.0, 1557.0, 1319.0, -487.0, 740.0, 888.0, 1532.0, 1292.0, 813.0, 1282.0, 1157.0, 994.0, 1001.0, 901.0, 803.0, 954.0, 1028.0, 1046.0, 380.0, 511.0, 428.0, 534.0, 689.0, 576.0, 557.0, 769.0, 596.0, 689.0, 263.0, 564.0, 149.0, 272.0, 160.0, 97.0, 294.0, 184.0, -90.0, -266.0, -410.0, -122.0, -1.0, 233.0, -381.0, -315.0, 77.0, -335.0, -279.0, -14.0, 32.0, -532.0, -191.0, 1210.0, 941.0, 1058.0, 732.0, 599.0, 506.0, 537.0, 1293.0, 461.0, 756.0, 589.0, 439.0, 384.0, 811.0, 1018.0, 579.0, 511.0, 1220.0, 462.0, 983.0, 111.0, 359.0, 1281.0, 676.0, 557.0, 538.0, 803.0, 297.0, 183.0, 147.0, 147.0, -65.0, -134.0, 38.0, -403.0, -307.0, -204.0, -217.0, 147.0, 193.0, 223.0, 152.0, 123.0, 202.0, 69.0, -534.0, -253.0, -304.0, -462.0, -139.0, -550.0, -326.0, 42.0, -280.0, -257.0, -15.0, -163.0, 58.0, -11.0, 297.0, -276.0, -141.0, -291.0, -276.0, 565.0, -442.0, -387.0, -74.0, -211.0, -481.0, -414.0, -554.0, -126.0, -49.0, -82.0, -411.0, -326.0, -247.0, 197.0, -180.0, 255.0, -71.0, -174.0, -324.0, 33.0, -49.0, -37.0, 43.0, -187.0, 24.0, -71.0, 120.0, -177.0, 180.0, -438.0, -414.0, -253.0, 627.0, 648.0, 332.0, 590.0, 149.0, 289.0, 94.0, -95.0, -183.0, -374.0, -444.0, -340.0, 30.0, 282.0, 103.0, -373.0, -270.0, -49.0, 128.0, -298.0, -430.0, -200.0, -87.0, -320.0, -232.0, -148.0, -191.0, -169.0, 5.0, -318.0, -258.0]","[0, 0, 0, 0, 0, 0, 0, 0, 0, 0, 0, 0, 0, 0, 0, 0, 0, 0, 0, 0, 0, 0, 0, 0, 0, 0, 0, 0, 0, 0, 0, 0, 0, 0, 0, 0, 0, 0, 0, 0, 0, 0, 0, 0, 0, 0, 0, 0, 0, 0, 0, 0, 0, 0, 0, 0, 0, 0, 0, 0, 0, 0, 0, 0, 0, 0, 0, 0, 0, 0, 0, 0, 0, 0, 0, 0, 0, 0, 0, 0, 0, 0, 0, 0, 0, 0, 0, 0, 0, 0, 0, 0, 0, 0, 0, 0, 0, 0, 0, 0, 0, 0, 0, 0, 0, 0, 0, 0, 0, 0, 0, 0, 0, 0, 0, 0, 0, 0, 0, 0, 0, 0, 0, 0, 0, 0, 0, 0, 0, 0, 0, 0, 0, 0, 0, 0, 0, 0, 0, 0, 0, 0, 0, 0, 0, 0, 0, 0, 0, 0, 0, 0, 0, 0, 0, 0, 0, 0, 0, 0, 0, 0, 0, 0, 0, 0, 0, 0, 0, 0, 0, 0, 0, 0, 0, 0, 0, 0, 0, 0, 0, 0, 0, 0, 0, 0, 0, 0, 0, 0, 0, 0, 0, 0, 0, 0, 0, 0, 0, 0]",24007.0,114657.45,2570973.0,24007.0,0.6323549747467041,24007.0,24007.0,0.0
mip,11,penalty,2,"[1154.0, 1358.0, 1073.0, 1374.0, 1261.0, 1442.0, 1539.0, 1306.0, 1605.0, 1510.0, 1471.0, 1762.0, 1907.0, 2139.0, 2582.0, 2779.0, 2708.0, 2776.0, 2711.0, 3092.0, 2879.0, 3154.0, 2940.0, 3246.0, 3424.0, 3938.0, 3858.0, 3779.0, 3635.0, 4046.0, 3848.0, 4041.0, 4113.999985191946, 4400.0, 4794.0, 4666.0, 4651.0, 4509.0, 4739.0, 5518.0, 5658.0, 5586.0, 5480.0, 5548.0, 5729.0, 5838.0, 5739.0, 5980.0, 5977.0, 6471.0, 6449.0, 6954.0, 6921.0, 7189.0, 7186.0, 7299.0, 7279.0, 7756.0, 8181.0, 8083.0, 7969.0, 8196.0, 8091.0, 8463.0, 8578.0, 8514.0, 8994.0, 8723.0, 8853.0, 8717.0, 9461.0, 9275.0, 9551.0, 9752.0, 9816.0, 10459.0, 10343.0, 10798.0, 10507.0, 10417.0, 10662.0, 10684.0, 11031.0, 10933.0, 11146.0, 11012.0, 11280.0, 11380.0, 11516.0, 11620.0, 11448.0, 11405.0, 11984.0, 11871.0, 11649.0, 12096.0, 12102.0, 11963.0, 12195.0, 12294.0, 12905.0, 13009.0, 13077.0, 13402.0, 13539.0, 13457.0, 13919.0, 14032.0, 14078.0, 14010.0, 14297.0, 14364.0, 14432.0, 14563.0, 14682.0, 14924.0, 14989.0, 15524.0, 15514.0, 15683.0, 15959.0, 15839.0, 16160.0, 16162.0, 15726.0, 16329.0, 16370.0, 16250.0, 16438.0, 16397.0, 16670.0, 16532.0, 16822.0, 16551.0, 17018.0, 17161.0, 17217.0, 17469.0, 17514.0, 17427.0, 17615.0, 17631.0, 17699.0, 17975.0, 17705.0, 17767.0, 18418.0, 18498.0, 18481.0, 18549.0, 18320.0, 18584.0, 18352.0, 18746.0, 18939.0, 19179.0, 18912.0, 19197.0, 19117.0, 19607.0, 19905.0, 19762.0, 20037.0, 19756.0, 20595.0, 20341.0, 21072.0, 21210.0, 20955.0, 21030.0, 21120.0, 21278.0, 21246.0, 21823.0, 21615.0, 21946.0, 22225.0, 22449.0, 22572.0, 22800.0, 22809.0, 22597.0, 23046.0, 22640.0, 22932.0, 23123.0, 23042.0, 22974.0, 23219.0, 23668.0, 23370.0, 23483.0, 23776.0, 23764.0, 23877.0, 23844.0, 23950.0, 23934.0, 24167.0, 24265.0]","[0.0, -1.0, 0.0, -43.0, 0.0, 0.0, 16.0, -17.0, 0.0, 54.0, 0.0, 0.0, 0.0, 0.0, 0.0, 0.0, -60.0, 0.0, -19.0, 0.0, 0.0, 0.0, 0.0, 0.0, 0.0, 0.0, 0.0, 0.0, 0.0, 0.0, 0.0, 0.0, 45.9999851919456, 0.0, 0.0, 0.0, 0.0, 0.0, 0.0, 0.0, 0.0, 48.0, -65.0, 0.0, 0.0, 0.0, 0.0, 0.0, 0.0, 0.0, 0.0, 0.0, 0.0, -24.0, 0.0, 17.0, 0.0, 0.0, 0.0, -61.0, 0.0, 0.0, -7.0, 0.0, 0.0, 0.0, 0.0, 0.0, 0.0, 0.0, 0.0, 0.0, 0.0, 0.0, 0.0, 0.0, 0.0, 0.0, 34.0, 0.0, 0.0, 0.0, 0.0, 0.0, 0.0, 0.0, 0.0, 0.0, 0.0, 0.0, 19.0, 0.0, 0.0, 0.0, 0.0, 0.0, 0.0, 0.0, 0.0, 0.0, 0.0, 0.0, 0.0, 0.0, 0.0, 0.0, -69.0, 0.0, 13.0, 0.0, 0.0, 0.0, 8.0, 0.0, 0.0, 0.0, 0.0, 0.0, 0.0, 0.0, 0.0, 0.0, 0.0, 0.0, 0.0, 0.0, -4.0, 28.0, 0.0, -1.0, 0.0, 12.0, 0.0, 22.0, 0.0, 0.0, 0.0, 0.0, 0.0, 0.0, -85.0, -67.0, 0.0, 0.0, 0.0, 49.0, 0.0, 0.0, 0.0, 79.0, 0.0, 0.0, 0.0, 0.0, 0.0, 0.0, 0.0, 0.0, 0.0, 0.0, 0.0, 0.0, 0.0, 0.0, 0.0, 0.0, 0.0, -19.0, 0.0, -21.0, 0.0, 0.0, 0.0, 0.0, 0.0, 0.0, 0.0, 0.0, 0.0, 0.0, 0.0, 0.0, 0.0, 25.0, 0.0, 0.0, 4.0, 0.0, 0.0, 0.0, 0.0, 0.0, -8.0, 0.0, 16.0, 8.0, 0.0, 0.0, 0.0, 0.0]","[0, 1, 1, 0, 1, 0, 1, 0, 0, 0, 1, 0, 1, 0, 1, 1, 0, 0, 1, 0, 1, 1, 0, 1, 1, 0, 1, 1, 0, 1, 0, 0, 1, 1, 0, 1, 0, 0, 1, 0, 1, 0, 1, 1, 1, 0, 0, 1, 0, 0, 1, 0, 1, 0, 1, 1, 0, 1, 1, 0, 1, 0, 1, 0, 0, 1, 1, 0, 0, 1, 1, 1, 0, 1, 0, 0, 0, 0, 1, 1, 0, 1, 1, 1, 0, 0, 0, 1, 1, 1, 1, 0, 0, 0, 0, 1, 0, 1, 1, 0, 0, 0, 1, 1, 1, 0, 0, 0, 1, 1, 1, 0, 1, 0, 1, 0, 1, 0, 1, 0, 1, 0, 1, 0, 1, 0, 1, 1, 1, 0, 1, 0, 1, 1, 0, 0, 1, 1, 0, 0, 1, 0, 0, 0, 1, 0, 1, 1, 0, 0, 1, 1, 0, 1, 0, 1, 1, 0, 0, 0, 1, 1, 0, 0, 1, 0, 0, 0, 0, 1, 1, 0, 1, 0, 1, 1, 0, 1, 1, 0, 1, 0, 0, 1, 0, 0, 1, 1, 1, 0, 0, 0, 1, 0, 0, 1, 0, 1, 0, 1]",1330.9099773436762,1330.9099773436767,2542697.999985192,24265.0,300.79068183898926,1330.9099773436762,1246.8822164548303,0.06313557063908594
mip,11,total_time,2,"[601.0, 807.0, 958.0, 981.0, 1099.0, 1174.0, 1348.0, 1242.0, 1310.0, 1212.0, 1280.0, 1490.0, 1785.0, 1867.0, 2232.0, 2235.0, 2300.0, 2391.0, 2581.0, 2634.0, 2666.0, 2747.0, 2829.0, 2868.0, 2897.0, 3373.0, 3427.0, 3511.0, 3579.0, 3568.0, 3689.0, 3757.0, 3757.0, 3825.0, 4258.0, 4297.0, 4348.0, 4365.0, 4613.0, 5054.0, 5117.0, 5143.0, 5221.0, 5321.0, 5442.0, 5521.0, 5649.0, 5768.0, 5805.0, 6115.0, 6381.0, 6488.0, 6589.0, 6829.0, 6891.0, 6965.0, 7216.0, 7391.0, 7725.0, 7734.0, 7838.0, 8004.0, 8037.0, 8127.0, 8085.0, 8393.0, 8416.0, 8461.0, 8565.0, 8586.0, 8929.0, 9084.0, 9200.0, 9232.0, 9327.0, 9930.0, 10028.0, 10258.0, 10288.0, 10334.0, 10434.0, 10505.0, 10558.0, 10618.0, 10830.0, 10870.0, 10943.0, 10976.0, 11056.0, 11044.0, 11140.0, 11222.0, 11422.0, 11462.0, 11530.0, 11782.0, 11880.0, 11812.0, 11857.0, 11947.0, 12436.0, 12662.0, 12815.0, 12933.0, 13040.0, 13355.0, 13526.0, 13725.0, 13734.0, 13793.0, 13861.0, 14137.0, 14232.0, 14439.0, 14613.0, 14854.0, 14922.0, 14989.0, 15071.0, 15177.0, 15397.0, 15543.0, 15560.0, 15628.0, 15611.0, 15792.0, 16017.0, 16098.0, 16264.0, 16285.0, 16377.0, 16466.0, 16445.0, 16398.0, 16534.0, 16704.0, 16834.0, 16902.0, 16917.0, 16970.0, 17134.0, 17185.0, 17256.0, 17421.0, 17451.0, 17489.0, 17909.0, 17915.0, 17983.0, 17977.0, 18095.0, 18186.0, 18268.0, 18342.0, 18703.0, 18787.0, 18793.0, 18949.0, 18999.0, 19171.0, 19329.0, 19337.0, 19682.0, 19692.0, 20079.0, 20133.0, 20599.0, 20668.0, 20702.0, 20736.0, 20828.0, 20849.0, 21078.0, 21331.0, 21366.0, 21523.0, 21627.0, 21863.0, 22198.0, 22327.0, 22464.0, 22532.0, 22498.0, 22622.0, 22566.0, 22706.0, 22725.0, 22794.0, 22838.0, 23072.0, 23157.0, 23206.0, 23464.0, 23527.0, 23615.0, 23645.0, 23714.0, 23720.0, 23793.0, 23999.0]","[-553.0, -552.0, -115.0, -436.0, -162.0, -268.0, -175.0, -81.0, -295.0, -244.0, -191.0, -272.0, -122.0, -272.0, -350.0, -544.0, -468.0, -385.0, -149.0, -458.0, -213.0, -407.0, -111.0, -378.0, -527.0, -565.0, -431.0, -268.0, -56.0, -478.0, -159.0, -284.0, -311.0, -575.0, -536.0, -369.0, -303.0, -144.0, -126.0, -464.0, -541.0, -395.0, -324.0, -227.0, -287.0, -317.0, -90.0, -212.0, -172.0, -356.0, -68.0, -466.0, -332.0, -384.0, -295.0, -317.0, -63.0, -365.0, -456.0, -410.0, -131.0, -192.0, -61.0, -336.0, -493.0, -121.0, -578.0, -262.0, -288.0, -131.0, -532.0, -191.0, -351.0, -520.0, -489.0, -529.0, -315.0, -540.0, -185.0, -83.0, -228.0, -179.0, -473.0, -315.0, -316.0, -142.0, -337.0, -404.0, -460.0, -576.0, -289.0, -183.0, -562.0, -409.0, -119.0, -314.0, -222.0, -151.0, -338.0, -347.0, -469.0, -347.0, -262.0, -469.0, -499.0, -102.0, -462.0, -307.0, -331.0, -217.0, -436.0, -227.0, -192.0, -124.0, -69.0, -70.0, -67.0, -535.0, -443.0, -506.0, -562.0, -296.0, -600.0, -534.0, -115.0, -537.0, -357.0, -124.0, -174.0, -113.0, -293.0, -54.0, -377.0, -131.0, -484.0, -457.0, -383.0, -567.0, -597.0, -457.0, -566.0, -513.0, -443.0, -554.0, -254.0, -229.0, -509.0, -583.0, -498.0, -493.0, -225.0, -398.0, -84.0, -404.0, -236.0, -392.0, -119.0, -248.0, -118.0, -436.0, -576.0, -425.0, -355.0, -64.0, -516.0, -208.0, -473.0, -561.0, -253.0, -315.0, -292.0, -429.0, -168.0, -492.0, -249.0, -423.0, -598.0, -586.0, -374.0, -473.0, -345.0, -65.0, -548.0, 7.0, -366.0, -417.0, -313.0, -180.0, -381.0, -596.0, -213.0, -277.0, -320.0, -237.0, -246.0, -191.0, -236.0, -214.0, -374.0, -266.0]","[0, 1, 1, 0, 1, 0, 1, 0, 0, 1, 1, 1, 1, 1, 0, 1, 0, 0, 1, 0, 1, 0, 1, 0, 1, 1, 0, 1, 1, 0, 0, 0, 1, 1, 0, 1, 0, 1, 1, 1, 0, 1, 0, 1, 0, 1, 1, 0, 1, 1, 1, 1, 1, 0, 1, 0, 1, 1, 0, 1, 0, 0, 1, 1, 0, 0, 1, 0, 0, 1, 0, 1, 1, 0, 1, 1, 0, 1, 0, 1, 0, 1, 0, 1, 1, 0, 0, 1, 0, 1, 1, 0, 1, 0, 0, 1, 0, 0, 1, 1, 0, 1, 1, 1, 1, 1, 0, 1, 0, 1, 0, 0, 1, 1, 1, 0, 1, 0, 1, 1, 1, 1, 0, 0, 1, 1, 1, 0, 0, 1, 0, 1, 0, 1, 1, 0, 0, 1, 0, 1, 0, 1, 1, 0, 1, 0, 1, 0, 0, 1, 0, 1, 0, 0, 0, 1, 0, 1, 0, 1, 0, 1, 1, 0, 1, 0, 1, 1, 0, 1, 1, 0, 1, 0, 1, 0, 0, 1, 1, 1, 0, 0, 1, 0, 1, 1, 0, 1, 0, 0, 0, 1, 0, 1, 0, 1, 1, 0, 0, 0]",2476949.0,99745.09,2476949.0,23999.0,300.7826428413391,2476949.0,2476606.447783571,0.0001382960312985038
mip,11,makespan,2,"[739.0, 1378.0, 958.0, 981.0, 1099.0, 1174.0, 1189.0, 1242.0, 1279.0, 1310.0, 1392.0, 1490.0, 1785.0, 1867.0, 2232.0, 2235.0, 2300.0, 2391.0, 2581.0, 2634.0, 2666.0, 2747.0, 2829.0, 2868.0, 2897.0, 3373.0, 3441.0, 3511.0, 3579.0, 3579.0, 3689.0, 3825.0, 3757.0, 3825.0, 4258.0, 4297.0, 4365.0, 4371.0, 4613.0, 5521.0, 5117.0, 5143.0, 5221.0, 5321.0, 5442.0, 5532.0, 5649.0, 5768.0, 5805.0, 6115.0, 6381.0, 6488.0, 6589.0, 6829.0, 6965.0, 6965.0, 7216.0, 7391.0, 7725.0, 7734.0, 7838.0, 8150.0, 8037.0, 8064.0, 8177.0, 8393.0, 8461.0, 8444.0, 8565.0, 8586.0, 8929.0, 9084.0, 9200.0, 9232.0, 9327.0, 9930.0, 10043.0, 10258.0, 10288.0, 10334.0, 10447.0, 10505.0, 10558.0, 10618.0, 10830.0, 10870.0, 10943.0, 10976.0, 11044.0, 11056.0, 11140.0, 11222.0, 11422.0, 11462.0, 11535.0, 11782.0, 11850.0, 11850.0, 11918.0, 12008.0, 12436.0, 12662.0, 12815.0, 12933.0, 13040.0, 13355.0, 13802.0, 13734.0, 13734.0, 13915.0, 13892.0, 14137.0, 14232.0, 14439.0, 14613.0, 14854.0, 14922.0, 14989.0, 15071.0, 15177.0, 15397.0, 15543.0, 15560.0, 15628.0, 15611.0, 15792.0, 16017.0, 16107.0, 16985.0, 16285.0, 16398.0, 16579.0, 16466.0, 16398.0, 16579.0, 16704.0, 16834.0, 16902.0, 16917.0, 16985.0, 17134.0, 17185.0, 17269.0, 17421.0, 17489.0, 17489.0, 17909.0, 17915.0, 17977.0, 17983.0, 18096.0, 18186.0, 18268.0, 18342.0, 18703.0, 18787.0, 18793.0, 18949.0, 18999.0, 19171.0, 19329.0, 19337.0, 19682.0, 19692.0, 20079.0, 20147.0, 20599.0, 20702.0, 20702.0, 20770.0, 20828.0, 20849.0, 21078.0, 21331.0, 21366.0, 21523.0, 21627.0, 21863.0, 22198.0, 22327.0, 22464.0, 22532.0, 22498.0, 22622.0, 22566.0, 22706.0, 22774.0, 22794.0, 22887.0, 23072.0, 23157.0, 23206.0, 23464.0, 23527.0, 23615.0, 23645.0, 23714.0, 23735.0, 23793.0, 23999.0]","[-415.0, 19.0, -115.0, -436.0, -162.0, -268.0, -334.0, -81.0, -326.0, -146.0, -79.0, -272.0, -122.0, -272.0, -350.0, -544.0, -468.0, -385.0, -149.0, -458.0, -213.0, -407.0, -111.0, -378.0, -527.0, -565.0, -417.0, -268.0, -56.0, -467.0, -159.0, -216.0, -311.0, -575.0, -536.0, -369.0, -286.0, -138.0, -126.0, 3.0, -541.0, -395.0, -324.0, -227.0, -287.0, -306.0, -90.0, -212.0, -172.0, -356.0, -68.0, -466.0, -332.0, -384.0, -221.0, -317.0, -63.0, -365.0, -456.0, -410.0, -131.0, -46.0, -61.0, -399.0, -401.0, -121.0, -533.0, -279.0, -288.0, -131.0, -532.0, -191.0, -351.0, -520.0, -489.0, -529.0, -300.0, -540.0, -185.0, -83.0, -215.0, -179.0, -473.0, -315.0, -316.0, -142.0, -337.0, -404.0, -472.0, -564.0, -289.0, -183.0, -562.0, -409.0, -114.0, -314.0, -252.0, -113.0, -277.0, -286.0, -469.0, -347.0, -262.0, -469.0, -499.0, -102.0, -186.0, -298.0, -331.0, -95.0, -405.0, -227.0, -192.0, -124.0, -69.0, -70.0, -67.0, -535.0, -443.0, -506.0, -562.0, -296.0, -600.0, -534.0, -115.0, -537.0, -357.0, -115.0, 547.0, -113.0, -272.0, 59.0, -356.0, -131.0, -439.0, -457.0, -383.0, -567.0, -597.0, -442.0, -566.0, -513.0, -430.0, -554.0, -216.0, -229.0, -509.0, -583.0, -504.0, -487.0, -224.0, -398.0, -84.0, -404.0, -236.0, -392.0, -119.0, -248.0, -118.0, -436.0, -576.0, -425.0, -355.0, -64.0, -516.0, -194.0, -473.0, -527.0, -253.0, -281.0, -292.0, -429.0, -168.0, -492.0, -249.0, -423.0, -598.0, -586.0, -374.0, -473.0, -345.0, -65.0, -548.0, 7.0, -366.0, -417.0, -264.0, -180.0, -332.0, -596.0, -213.0, -277.0, -320.0, -237.0, -246.0, -191.0, -236.0, -199.0, -374.0, -266.0]","[0, 0, 1, 0, 1, 0, 1, 0, 1, 0, 1, 1, 1, 1, 1, 0, 1, 1, 0, 1, 0, 1, 1, 0, 1, 1, 1, 0, 0, 1, 1, 0, 0, 1, 1, 0, 0, 1, 1, 0, 1, 0, 1, 1, 1, 1, 1, 0, 1, 0, 1, 1, 1, 1, 0, 1, 1, 1, 0, 1, 0, 1, 1, 0, 0, 0, 0, 1, 1, 0, 1, 1, 0, 1, 1, 1, 1, 1, 0, 1, 0, 1, 0, 1, 1, 0, 0, 1, 1, 0, 0, 1, 0, 1, 0, 0, 1, 0, 0, 0, 1, 1, 1, 1, 1, 1, 0, 0, 1, 1, 0, 1, 1, 1, 1, 0, 1, 0, 0, 1, 1, 0, 1, 1, 0, 0, 0, 1, 1, 0, 0, 1, 0, 1, 0, 1, 1, 0, 1, 0, 0, 1, 1, 1, 1, 0, 0, 1, 0, 1, 1, 1, 0, 0, 0, 1, 0, 0, 1, 1, 0, 1, 1, 0, 1, 1, 1, 1, 0, 1, 0, 1, 1, 0, 1, 1, 1, 0, 1, 1, 1, 1, 0, 1, 0, 0, 0, 1, 0, 0, 0, 1, 1, 0, 1, 0, 1, 0, 1, 0]",23999.0,96234.56,2480342.0,23999.0,0.9253487586975098,23999.0,23999.0,0.0
mip,11,penalty,3,"[1154.0, 1358.0, 1073.0, 1417.0, 1261.0, 1442.0, 1523.0, 1323.0, 1605.0, 1485.0, 1471.0, 1762.0, 1907.0, 2139.0, 2582.0, 2779.0, 2768.0, 2776.0, 2711.0, 3092.0, 2879.0, 3154.0, 2940.0, 3246.0, 3424.0, 3938.0, 3858.0, 3779.0, 3635.0, 4046.0, 3848.0, 4041.0, 4068.0, 4400.0, 4794.0, 4666.0, 4651.0, 4509.0, 4739.0, 5518.0, 5658.0, 5538.0, 5586.0, 5548.0, 5729.0, 5838.0, 5739.0, 5980.0, 5977.0, 6471.0, 6449.0, 6954.0, 6921.0, 7213.0, 7186.0, 7282.0, 7279.0, 7756.0, 8181.0, 8144.0, 7969.0, 8196.0, 8091.0, 8463.0, 8578.0, 8514.0, 8994.0, 8723.0, 8853.0, 8717.0, 9461.0, 9275.0, 9551.0, 9752.0, 9816.0, 10459.0, 10343.0, 10798.0, 10473.0, 10417.0, 10662.0, 10684.0, 11031.0, 10933.0, 11146.0, 11012.0, 11280.0, 11380.0, 11516.0, 11620.0, 11429.0, 11405.0, 11984.0, 11871.0, 11649.0, 12096.0, 12102.0, 11963.0, 12195.0, 12294.0, 12905.0, 13009.0, 13077.0, 13402.0, 13539.0, 13457.0, 13988.0, 14032.0, 14078.0, 14010.0, 14297.0, 14364.0, 14424.0, 14563.0, 14682.0, 14924.0, 14989.0, 15524.0, 15514.0, 15683.0, 15959.0, 15839.0, 16160.0, 16162.0, 15726.0, 16329.0, 16374.0, 16222.0, 16438.0, 16398.0, 16670.0, 16520.0, 16822.0, 16529.0, 17018.0, 17161.0, 17217.0, 17469.0, 17514.0, 17427.0, 17700.0, 17637.0, 17650.0, 17975.0, 17705.0, 17718.0, 18418.0, 18498.0, 18481.0, 18470.0, 18320.0, 18584.0, 18352.0, 18746.0, 18939.0, 19179.0, 18912.0, 19197.0, 19117.0, 19607.0, 19905.0, 19762.0, 20037.0, 19756.0, 20595.0, 20341.0, 21072.0, 21229.0, 20955.0, 21051.0, 21120.0, 21278.0, 21246.0, 21823.0, 21615.0, 21946.0, 22225.0, 22449.0, 22572.0, 22800.0, 22809.0, 22597.0, 23046.0, 22615.0, 22932.0, 23123.0, 23038.0, 22974.0, 23219.0, 23668.0, 23370.0, 23483.0, 23784.0, 23764.0, 23861.0, 23836.0, 23950.0, 23934.0, 24167.0, 24265.0]","[0.0, -1.0, 0.0, 0.0, 0.0, 0.0, 0.0, 0.0, 0.0, 29.0, 0.0, 0.0, 0.0, 0.0, 0.0, 0.0, 0.0, 0.0, -19.0, 0.0, 0.0, 0.0, 0.0, 0.0, 0.0, 0.0, 0.0, 0.0, 0.0, 0.0, 0.0, 0.0, 0.0, 0.0, 0.0, 0.0, 0.0, 0.0, 0.0, 0.0, 0.0, 0.0, 41.0, 0.0, 0.0, 0.0, 0.0, 0.0, 0.0, 0.0, 0.0, 0.0, 0.0, 0.0, 0.0, 0.0, 0.0, 0.0, 0.0, 0.0, 0.0, 0.0, -7.0, 0.0, 0.0, 0.0, 0.0, 0.0, 0.0, 0.0, 0.0, 0.0, 0.0, 0.0, 0.0, 0.0, 0.0, 0.0, 0.0, 0.0, 0.0, 0.0, 0.0, 0.0, 0.0, 0.0, 0.0, 0.0, 0.0, 0.0, 0.0, 0.0, 0.0, 0.0, 0.0, 0.0, 0.0, 0.0, 0.0, 0.0, 0.0, 0.0, 0.0, 0.0, 0.0, 0.0, 0.0, 0.0, 13.0, 0.0, 0.0, 0.0, 0.0, 0.0, 0.0, 0.0, 0.0, 0.0, 0.0, 0.0, 0.0, 0.0, 0.0, 0.0, 0.0, 0.0, 0.0, 0.0, 0.0, 0.0, 0.0, 0.0, 0.0, 0.0, 0.0, 0.0, 0.0, 0.0, 0.0, 0.0, 0.0, -61.0, -49.0, 0.0, 0.0, 0.0, 0.0, 0.0, 0.0, 0.0, 0.0, 0.0, 0.0, 0.0, 0.0, 0.0, 0.0, 0.0, 0.0, 0.0, 0.0, 0.0, 0.0, 0.0, 0.0, 0.0, 0.0, 0.0, 0.0, 0.0, 0.0, 0.0, 0.0, 0.0, 0.0, 0.0, 0.0, 0.0, 0.0, 0.0, 0.0, 0.0, 0.0, 0.0, 0.0, 0.0, 0.0, 0.0, 0.0, 0.0, 0.0, 0.0, 0.0, 0.0, 0.0, 0.0, 0.0, 0.0, 0.0, 0.0]","[0, 2, 1, 1, 2, 0, 0, 0, 1, 1, 2, 0, 0, 0, 0, 1, 2, 0, 1, 0, 0, 1, 1, 0, 0, 0, 2, 0, 0, 1, 1, 2, 0, 0, 1, 2, 1, 0, 0, 0, 2, 2, 0, 1, 0, 2, 1, 0, 2, 1, 0, 0, 1, 1, 0, 2, 0, 0, 2, 0, 0, 1, 2, 1, 0, 2, 0, 1, 0, 2, 1, 0, 0, 1, 0, 1, 2, 1, 2, 0, 2, 0, 1, 2, 1, 0, 0, 2, 0, 2, 0, 1, 2, 1, 0, 0, 2, 1, 0, 1, 2, 2, 1, 1, 2, 0, 2, 1, 0, 0, 2, 0, 1, 2, 1, 1, 0, 0, 1, 2, 1, 0, 0, 1, 1, 1, 2, 2, 1, 0, 2, 2, 2, 0, 0, 0, 2, 1, 2, 0, 2, 0, 1, 0, 0, 1, 2, 2, 1, 0, 1, 1, 0, 2, 0, 0, 1, 1, 2, 0, 2, 0, 0, 1, 0, 1, 0, 2, 2, 1, 2, 0, 1, 0, 0, 1, 2, 1, 1, 0, 1, 2, 1, 0, 2, 1, 2, 0, 1, 2, 1, 0, 1, 0, 1, 2, 1, 0, 2, 0]",253.07000000000002,253.07,2542717.0,24265.0,1.4102520942687988,253.07000000000002,253.07000000000002,0.0
mip,11,total_time,3,"[601.0, 807.0, 958.0, 981.0, 1099.0, 1174.0, 1189.0, 1189.0, 1279.0, 1242.0, 1257.0, 1490.0, 1785.0, 1867.0, 2232.0, 2235.0, 2286.0, 2391.0, 2581.0, 2634.0, 2666.0, 2719.0, 2829.0, 2868.0, 2877.0, 3373.0, 3427.0, 3511.0, 3557.0, 3568.0, 3689.0, 3738.0, 3757.0, 3809.0, 4258.0, 4297.0, 4316.0, 4365.0, 4613.0, 5054.0, 5117.0, 5143.0, 5221.0, 5321.0, 5442.0, 5521.0, 5649.0, 5768.0, 5805.0, 6115.0, 6381.0, 6488.0, 6589.0, 6829.0, 6891.0, 6965.0, 7216.0, 7391.0, 7725.0, 7734.0, 7783.0, 8004.0, 8037.0, 8064.0, 8085.0, 8393.0, 8416.0, 8444.0, 8565.0, 8586.0, 8929.0, 9084.0, 9200.0, 9232.0, 9327.0, 9930.0, 10028.0, 10258.0, 10288.0, 10334.0, 10434.0, 10505.0, 10558.0, 10612.0, 10830.0, 10870.0, 10943.0, 10976.0, 11016.0, 11044.0, 11140.0, 11222.0, 11422.0, 11462.0, 11524.0, 11782.0, 11809.0, 11812.0, 11857.0, 11913.0, 12436.0, 12662.0, 12815.0, 12933.0, 13040.0, 13355.0, 13526.0, 13725.0, 13734.0, 13757.0, 13861.0, 14137.0, 14232.0, 14439.0, 14613.0, 14854.0, 14922.0, 14940.0, 15071.0, 15177.0, 15397.0, 15543.0, 15560.0, 15578.0, 15611.0, 15792.0, 16017.0, 16098.0, 16264.0, 16285.0, 16332.0, 16422.0, 16386.0, 16388.0, 16480.0, 16704.0, 16834.0, 16902.0, 16917.0, 16935.0, 17134.0, 17185.0, 17256.0, 17421.0, 17451.0, 17455.0, 17909.0, 17915.0, 17949.0, 17977.0, 18095.0, 18186.0, 18268.0, 18342.0, 18703.0, 18787.0, 18789.0, 18949.0, 18999.0, 19171.0, 19329.0, 19337.0, 19682.0, 19692.0, 20079.0, 20133.0, 20599.0, 20668.0, 20702.0, 20730.0, 20828.0, 20849.0, 21078.0, 21331.0, 21366.0, 21523.0, 21627.0, 21863.0, 22198.0, 22327.0, 22464.0, 22494.0, 22498.0, 22532.0, 22566.0, 22706.0, 22725.0, 22794.0, 22830.0, 23072.0, 23157.0, 23206.0, 23464.0, 23527.0, 23615.0, 23645.0, 23714.0, 23720.0, 23793.0, 23999.0]","[-553.0, -552.0, -115.0, -436.0, -162.0, -268.0, -334.0, -134.0, -326.0, -214.0, -214.0, -272.0, -122.0, -272.0, -350.0, -544.0, -482.0, -385.0, -149.0, -458.0, -213.0, -435.0, -111.0, -378.0, -547.0, -565.0, -431.0, -268.0, -78.0, -478.0, -159.0, -303.0, -311.0, -591.0, -536.0, -369.0, -335.0, -144.0, -126.0, -464.0, -541.0, -395.0, -324.0, -227.0, -287.0, -317.0, -90.0, -212.0, -172.0, -356.0, -68.0, -466.0, -332.0, -384.0, -295.0, -317.0, -63.0, -365.0, -456.0, -410.0, -186.0, -192.0, -61.0, -399.0, -493.0, -121.0, -578.0, -279.0, -288.0, -131.0, -532.0, -191.0, -351.0, -520.0, -489.0, -529.0, -315.0, -540.0, -185.0, -83.0, -228.0, -179.0, -473.0, -321.0, -316.0, -142.0, -337.0, -404.0, -500.0, -576.0, -289.0, -183.0, -562.0, -409.0, -125.0, -314.0, -293.0, -151.0, -338.0, -381.0, -469.0, -347.0, -262.0, -469.0, -499.0, -102.0, -462.0, -307.0, -331.0, -253.0, -436.0, -227.0, -192.0, -124.0, -69.0, -70.0, -67.0, -584.0, -443.0, -506.0, -562.0, -296.0, -600.0, -584.0, -115.0, -537.0, -357.0, -124.0, -174.0, -113.0, -338.0, -98.0, -436.0, -141.0, -538.0, -457.0, -383.0, -567.0, -597.0, -492.0, -566.0, -513.0, -443.0, -554.0, -254.0, -263.0, -509.0, -583.0, -532.0, -493.0, -225.0, -398.0, -84.0, -404.0, -236.0, -392.0, -123.0, -248.0, -118.0, -436.0, -576.0, -425.0, -355.0, -64.0, -516.0, -208.0, -473.0, -561.0, -253.0, -321.0, -292.0, -429.0, -168.0, -492.0, -249.0, -423.0, -598.0, -586.0, -374.0, -473.0, -345.0, -103.0, -548.0, -83.0, -366.0, -417.0, -313.0, -180.0, -389.0, -596.0, -213.0, -277.0, -320.0, -237.0, -246.0, -191.0, -236.0, -214.0, -374.0, -266.0]","[0, 2, 1, 0, 1, 0, 1, 2, 1, 0, 2, 0, 1, 0, 2, 0, 1, 2, 0, 2, 0, 1, 2, 0, 1, 2, 0, 1, 2, 0, 2, 1, 0, 2, 0, 2, 1, 2, 0, 2, 0, 1, 2, 1, 1, 0, 0, 2, 1, 1, 1, 0, 2, 1, 0, 1, 2, 0, 0, 2, 1, 0, 2, 1, 0, 2, 1, 0, 1, 2, 0, 2, 1, 0, 1, 2, 0, 1, 0, 2, 1, 1, 0, 2, 1, 2, 0, 1, 2, 1, 1, 0, 2, 0, 1, 0, 1, 2, 0, 2, 0, 2, 2, 2, 2, 0, 1, 2, 1, 0, 0, 0, 1, 0, 1, 0, 1, 2, 1, 0, 1, 0, 1, 2, 0, 0, 0, 1, 0, 2, 1, 1, 2, 0, 0, 1, 0, 2, 1, 0, 2, 1, 0, 0, 2, 1, 2, 1, 0, 2, 2, 1, 2, 0, 1, 0, 2, 2, 1, 0, 1, 2, 0, 1, 0, 1, 1, 1, 0, 2, 1, 0, 1, 0, 2, 1, 1, 2, 2, 2, 1, 2, 0, 1, 0, 0, 1, 2, 0, 1, 0, 2, 1, 2, 1, 0, 2, 1, 0, 2]",2475674.0,101704.89,2475674.0,23999.0,1.6774330139160156,2475674.0,2475674.0,0.0
mip,11,makespan,3,"[739.0, 807.0, 958.0, 981.0, 1099.0, 1174.0, 1189.0, 1189.0, 1257.0, 1302.0, 1257.0, 1490.0, 1785.0, 1867.0, 2232.0, 2666.0, 2491.0, 2391.0, 2581.0, 2649.0, 2666.0, 2779.0, 2829.0, 2868.0, 2897.0, 3373.0, 3441.0, 3511.0, 3557.0, 3568.0, 3689.0, 3738.0, 3779.0, 3809.0, 4258.0, 4297.0, 4316.0, 4365.0, 4613.0, 5054.0, 5321.0, 5143.0, 5521.0, 5321.0, 5521.0, 5521.0, 5649.0, 5768.0, 5805.0, 6115.0, 6381.0, 6589.0, 6589.0, 6829.0, 6891.0, 6965.0, 7216.0, 7391.0, 8037.0, 7891.0, 7783.0, 8004.0, 8037.0, 8127.0, 8127.0, 8393.0, 8416.0, 8461.0, 8565.0, 8586.0, 8929.0, 9084.0, 9200.0, 9232.0, 9327.0, 9930.0, 10043.0, 10505.0, 10870.0, 10334.0, 10434.0, 10505.0, 10595.0, 10612.0, 10830.0, 10870.0, 10943.0, 10976.0, 11016.0, 11056.0, 11140.0, 11222.0, 11422.0, 11462.0, 11535.0, 11782.0, 11850.0, 11812.0, 11857.0, 11913.0, 12436.0, 12933.0, 12815.0, 12933.0, 13040.0, 13355.0, 13526.0, 13725.0, 13734.0, 13757.0, 13861.0, 14137.0, 14232.0, 14439.0, 14613.0, 14854.0, 14922.0, 14940.0, 15071.0, 15177.0, 15543.0, 15543.0, 15560.0, 15628.0, 15611.0, 16098.0, 16017.0, 16098.0, 16264.0, 16285.0, 16332.0, 16399.0, 16399.0, 16467.0, 16480.0, 16704.0, 16834.0, 16924.0, 16917.0, 16935.0, 17134.0, 17185.0, 17256.0, 17421.0, 17451.0, 17455.0, 17909.0, 17915.0, 17949.0, 17983.0, 18096.0, 18186.0, 18268.0, 18342.0, 18703.0, 18999.0, 18793.0, 18949.0, 18999.0, 19171.0, 19329.0, 19397.0, 19682.0, 19692.0, 20079.0, 20133.0, 20599.0, 20668.0, 20702.0, 20736.0, 20828.0, 20849.0, 21078.0, 21331.0, 21366.0, 21523.0, 21627.0, 21863.0, 22464.0, 22327.0, 22464.0, 22532.0, 22554.0, 22514.0, 22627.0, 22706.0, 22725.0, 22794.0, 22862.0, 23072.0, 23157.0, 23206.0, 23464.0, 23527.0, 23615.0, 23645.0, 23714.0, 23720.0, 23793.0, 23999.0]","[-415.0, -552.0, -115.0, -436.0, -162.0, -268.0, -334.0, -134.0, -348.0, -154.0, -214.0, -272.0, -122.0, -272.0, -350.0, -113.0, -277.0, -385.0, -149.0, -443.0, -213.0, -375.0, -111.0, -378.0, -527.0, -565.0, -417.0, -268.0, -78.0, -478.0, -159.0, -303.0, -289.0, -591.0, -536.0, -369.0, -335.0, -144.0, -126.0, -464.0, -337.0, -395.0, -24.0, -227.0, -208.0, -317.0, -90.0, -212.0, -172.0, -356.0, -68.0, -365.0, -332.0, -384.0, -295.0, -317.0, -63.0, -365.0, -144.0, -253.0, -186.0, -192.0, -61.0, -336.0, -451.0, -121.0, -578.0, -262.0, -288.0, -131.0, -532.0, -191.0, -351.0, -520.0, -489.0, -529.0, -300.0, -293.0, 397.0, -83.0, -228.0, -179.0, -436.0, -321.0, -316.0, -142.0, -337.0, -404.0, -500.0, -564.0, -289.0, -183.0, -562.0, -409.0, -114.0, -314.0, -252.0, -151.0, -338.0, -381.0, -469.0, -76.0, -262.0, -469.0, -499.0, -102.0, -462.0, -307.0, -331.0, -253.0, -436.0, -227.0, -192.0, -124.0, -69.0, -70.0, -67.0, -584.0, -443.0, -506.0, -416.0, -296.0, -600.0, -534.0, -115.0, -231.0, -357.0, -124.0, -174.0, -113.0, -338.0, -121.0, -423.0, -62.0, -538.0, -457.0, -383.0, -545.0, -597.0, -492.0, -566.0, -513.0, -443.0, -554.0, -254.0, -263.0, -509.0, -583.0, -532.0, -487.0, -224.0, -398.0, -84.0, -404.0, -236.0, -180.0, -119.0, -248.0, -118.0, -436.0, -576.0, -365.0, -355.0, -64.0, -516.0, -208.0, -473.0, -561.0, -253.0, -315.0, -292.0, -429.0, -168.0, -492.0, -249.0, -423.0, -598.0, -586.0, -108.0, -473.0, -345.0, -65.0, -492.0, -101.0, -305.0, -417.0, -313.0, -180.0, -357.0, -596.0, -213.0, -277.0, -320.0, -237.0, -246.0, -191.0, -236.0, -214.0, -374.0, -266.0]","[0, 2, 2, 0, 2, 0, 2, 1, 1, 2, 0, 0, 0, 1, 2, 0, 2, 0, 2, 1, 2, 2, 1, 2, 1, 0, 0, 1, 2, 0, 0, 2, 0, 1, 0, 1, 2, 1, 1, 0, 0, 0, 2, 1, 1, 0, 2, 2, 1, 1, 1, 1, 2, 1, 2, 0, 0, 2, 1, 2, 1, 2, 0, 0, 2, 0, 1, 0, 1, 2, 0, 1, 1, 0, 1, 2, 2, 0, 0, 0, 1, 2, 2, 1, 1, 2, 2, 1, 0, 2, 1, 0, 2, 1, 2, 1, 1, 2, 0, 2, 0, 0, 0, 1, 1, 2, 1, 2, 1, 0, 2, 1, 1, 1, 0, 2, 1, 0, 0, 0, 2, 0, 1, 1, 0, 0, 1, 2, 2, 1, 0, 2, 1, 2, 0, 2, 1, 1, 2, 0, 1, 2, 0, 1, 2, 0, 0, 1, 2, 0, 0, 2, 1, 1, 1, 2, 1, 0, 1, 2, 2, 2, 1, 2, 0, 1, 2, 1, 0, 1, 1, 2, 0, 0, 1, 0, 0, 1, 0, 0, 1, 0, 1, 2, 2, 2, 1, 0, 0, 0, 1, 0, 0, 2, 1, 2, 1, 0, 2, 0]",23999.0,96388.06,2480425.0,23999.0,1.0463082790374756,23999.0,23999.0,0.0
mip,12,penalty,1,"[1154.0, 925.0, 1274.0, 1537.0, 1718.0, 1605.0, 1854.0, 1786.0, 2475.0, 2700.0, 2817.0, 3133.0, 2930.0, 3020.0, 3201.0, 3503.0, 3435.0, 3322.0, 3639.0, 3879.0, 3947.0, 3571.0, 4285.0, 4015.0, 4217.0, 4375.0, 4488.0, 4700.0, 4768.0, 4858.0, 4971.0, 5107.0, 5039.0, 5220.0, 5592.0, 5524.0, 5456.0, 5750.0, 5863.0, 6021.0, 5660.0, 6179.0, 5931.0, 6247.0, 6089.0, 6473.0, 6563.0, 6744.0, 6676.0, 6383.0, 6970.0, 6315.0, 6812.0, 6880.0, 7241.0, 7331.0, 7173.0, 7060.0, 7444.0, 7798.0, 8034.0, 8102.0, 8201.0, 8560.0, 8303.0, 8470.0, 8741.0, 8380.0, 8854.0, 8673.0, 8990.0, 9170.0, 9080.0, 9505.0, 9437.0, 9731.0, 9324.0, 9641.0, 9573.0, 10047.0, 10341.0, 10702.0, 10454.0, 10544.0, 10612.0, 10905.0, 10995.0, 10792.0, 11131.0, 11199.0, 11289.0, 11063.0, 11628.0, 11402.0, 11718.0, 12102.0, 11492.0, 11831.0, 11560.0, 11899.0, 11989.0, 12265.0, 12378.0, 12607.0, 12954.0, 13089.0, 12752.0, 12820.0, 13347.0, 13279.0, 13522.0, 13802.0, 13892.0, 13599.0, 14025.0, 13712.0, 14228.0, 14296.0, 14115.0, 14364.0, 14500.0, 14432.0, 14590.0, 14703.0, 15020.0, 14884.0, 14952.0, 14771.0, 15292.0, 15631.0, 15088.0, 15156.0, 15224.0, 15495.0, 15563.0, 15427.0, 16195.0, 16534.0, 16027.0, 16127.0, 16331.0, 16263.0, 16692.0, 16421.0, 16828.0, 17020.0, 16602.0, 16760.0, 17160.0, 17351.0, 17760.0, 17828.0, 18111.0, 18043.0, 17975.0, 18319.0, 18522.0, 18387.0, 18967.0, 18899.0, 18786.0, 19103.0, 19523.0, 19216.0, 19659.0, 19433.0, 19931.0, 19350.0, 19795.0, 19727.0, 20021.0, 19591.0, 19863.0, 20241.0, 20360.0, 20547.0, 20615.0, 20796.0, 20728.0, 20886.0, 21289.0, 21086.0, 21357.0, 21221.0, 21739.0, 21829.0, 22057.0, 22153.0, 22375.0, 22252.0, 22814.0, 22520.0, 22724.0, 22588.0, 22882.0, 22656.0, 23178.0, 23110.0, 23404.0, 23473.0, 24084.0, 24220.0, 24152.0, 23945.0, 24468.0, 24310.0, 24378.0, 24626.0, 24536.0, 24716.0, 25164.0, 25389.0, 25254.0, 25487.0, 25600.0, 26009.0, 25846.0, 26181.0, 26249.0, 26362.0, 26637.0, 26840.0, 27021.0, 27089.0, 26727.0, 26908.0, 27564.0, 27293.0, 27225.0, 27157.0, 27926.0, 28016.0, 27361.0, 27768.0, 27836.0, 27451.0, 27700.0, 27632.0, 28106.0, 28196.0, 28286.0, 28794.0, 28523.0, 28681.0, 28862.0, 28998.0, 28613.0, 29148.0, 28930.0, 29338.0]","[0.0, 0.0, 0.0, -66.0, 0.0, -34.0, 88.0, 27.0, 0.0, 0.0, 0.0, 107.0, -65.0, 0.0, 11.0, 0.0, -27.0, -48.0, 138.0, -24.0, 29.0, 25.0, -22.0, 0.0, 0.0, 8.0, 92.0, -10.0, 54.0, -85.0, 0.0, -40.0, 21.0, 56.0, -64.0, -40.0, -1.0, -114.0, 6.0, 54.0, -161.0, -50.0, 20.0, -45.0, 82.0, -4.0, 207.0, 219.0, 147.0, 24.0, 512.0, -65.0, 243.0, 176.0, 407.0, 0.0, -7.0, 54.0, 0.0, 0.0, -46.0, 0.0, 0.0, -28.0, 0.0, -56.0, 15.0, -44.0, 37.0, 0.0, 0.0, 12.0, 0.0, 12.0, -46.0, 6.0, -39.0, 0.0, -27.0, 0.0, -12.0, -30.0, 7.0, -13.0, -298.0, -16.0, 134.0, -9.0, 0.0, 56.0, 87.0, -27.0, -10.0, 49.0, 39.0, 224.0, -35.0, 21.0, -72.0, 36.0, 230.0, -80.0, 0.0, 0.0, 0.0, 73.0, -43.0, 0.0, 0.0, -2.0, 0.0, 0.0, 35.0, 0.0, -21.0, -39.0, 23.0, -13.0, -222.0, -105.0, 15.0, -98.0, 0.0, 41.0, 58.0, -5.0, -3.0, -17.0, 2.0, 225.0, 32.0, 62.0, -19.0, -3.0, 11.0, 60.0, -27.0, 90.0, 0.0, -56.0, 73.0, -52.0, 0.0, -17.0, 186.0, 0.0, -67.0, 49.0, 0.0, 0.0, -77.0, 0.0, 8.0, 0.0, -33.0, 0.0, 0.0, -7.0, 81.0, 0.0, -35.0, 0.0, 11.0, 100.0, -40.0, -73.0, 133.0, 0.0, -5.0, 0.0, 211.0, -152.0, 43.0, 0.0, 0.0, -92.0, -64.0, 53.0, 0.0, 35.0, 31.0, -4.0, 33.0, 0.0, -64.0, 0.0, 0.0, 0.0, 0.0, 0.0, 76.0, -120.0, 0.0, -76.0, 85.0, -6.0, 0.0, -38.0, 0.0, 0.0, -21.0, 58.0, 0.0, 0.0, 31.0, 41.0, -26.0, 0.0, -89.0, 46.0, 0.0, 0.0, -55.0, -16.0, 0.0, 0.0, 0.0, -24.0, 0.0, 55.0, 0.0, -29.0, -220.0, 7.0, -49.0, -63.0, 40.0, 20.0, -11.0, -207.0, 165.0, 361.0, -10.0, -36.0, 137.0, -5.0, -23.0, 49.0, 310.0, 0.0, 65.0, 0.0, -236.0, -5.0, 27.0, 37.0, -74.0, 0.0, 60.0, 0.0]","[0, 0, 0, 0, 0, 0, 0, 0, 0, 0, 0, 0, 0, 0, 0, 0, 0, 0, 0, 0, 0, 0, 0, 0, 0, 0, 0, 0, 0, 0, 0, 0, 0, 0, 0, 0, 0, 0, 0, 0, 0, 0, 0, 0, 0, 0, 0, 0, 0, 0, 0, 0, 0, 0, 0, 0, 0, 0, 0, 0, 0, 0, 0, 0, 0, 0, 0, 0, 0, 0, 0, 0, 0, 0, 0, 0, 0, 0, 0, 0, 0, 0, 0, 0, 0, 0, 0, 0, 0, 0, 0, 0, 0, 0, 0, 0, 0, 0, 0, 0, 0, 0, 0, 0, 0, 0, 0, 0, 0, 0, 0, 0, 0, 0, 0, 0, 0, 0, 0, 0, 0, 0, 0, 0, 0, 0, 0, 0, 0, 0, 0, 0, 0, 0, 0, 0, 0, 0, 0, 0, 0, 0, 0, 0, 0, 0, 0, 0, 0, 0, 0, 0, 0, 0, 0, 0, 0, 0, 0, 0, 0, 0, 0, 0, 0, 0, 0, 0, 0, 0, 0, 0, 0, 0, 0, 0, 0, 0, 0, 0, 0, 0, 0, 0, 0, 0, 0, 0, 0, 0, 0, 0, 0, 0, 0, 0, 0, 0, 0, 0, 0, 0, 0, 0, 0, 0, 0, 0, 0, 0, 0, 0, 0, 0, 0, 0, 0, 0, 0, 0, 0, 0, 0, 0, 0, 0, 0, 0, 0, 0, 0, 0, 0, 0, 0, 0, 0, 0, 0, 0, 0, 0, 0, 0, 0, 0, 0, 0, 0, 0]",16382.179999999995,16382.18,3789483.0,29338.0,300.46560192108154,16382.179999999995,9705.237210762929,0.4075735213040675
mip,12,total_time,1,"[601.0, 669.0, 808.0, 1092.0, 1197.0, 1299.0, 1532.0, 1645.0, 2078.0, 2428.0, 2496.0, 2586.0, 2702.0, 2866.0, 3115.0, 2979.0, 3047.0, 3205.0, 3295.0, 3408.0, 3544.0, 3476.0, 3815.0, 3747.0, 4018.0, 3905.0, 4179.0, 4270.0, 4565.0, 4904.0, 4678.0, 4814.0, 4746.0, 5041.0, 5124.0, 5192.0, 5312.0, 5448.0, 5380.0, 5652.0, 5539.0, 5788.0, 5856.0, 5720.0, 5924.0, 5992.0, 6087.0, 6281.0, 6213.0, 6575.0, 6665.0, 6417.0, 6349.0, 6485.0, 6755.0, 6845.0, 7048.0, 6935.0, 7189.0, 7384.0, 7525.0, 7622.0, 7769.0, 8062.0, 8529.0, 8152.0, 8258.0, 8348.0, 8461.0, 8597.0, 8665.0, 8755.0, 8954.0, 9067.0, 9135.0, 9203.0, 9293.0, 9383.0, 9496.0, 9977.0, 10057.0, 10147.0, 10266.0, 10356.0, 10424.0, 10537.0, 10627.0, 10853.0, 10695.0, 10763.0, 10943.0, 11056.0, 11124.0, 11237.0, 11795.0, 11433.0, 11501.0, 11637.0, 11569.0, 11705.0, 11975.0, 11885.0, 12280.0, 12348.0, 12437.0, 12572.0, 12640.0, 12708.0, 12939.0, 13125.0, 13193.0, 13287.0, 13419.0, 13520.0, 13610.0, 13700.0, 13967.0, 14035.0, 14103.0, 14306.0, 14193.0, 14374.0, 14826.0, 14442.0, 14532.0, 14600.0, 14668.0, 14736.0, 15436.998697713263, 15007.0, 14939.0, 15143.0, 15075.0, 15301.0, 15233.0, 15368.998697713263, 15668.0, 15859.0, 15927.0, 16017.0, 16115.0, 16228.0, 16318.0, 16386.0, 16703.0, 16499.0, 16567.0, 16635.0, 16793.0, 17117.0, 17279.0, 17449.0, 17633.0, 17734.0, 17807.0, 17970.0, 18080.0, 18327.0, 18417.0, 18530.0, 18742.0, 18832.0, 18945.0, 19013.0, 19152.0, 19220.0, 19582.0, 19288.0, 19356.0, 19424.0, 19492.0, 19695.0, 19763.0, 19843.0, 20006.0, 20478.0, 20579.0, 20760.0, 20692.0, 20850.0, 20918.0, 20986.0, 21076.0, 21211.0, 21279.0, 21451.0, 21519.0, 21640.0, 21904.0, 22421.0, 22149.0, 22217.0, 22285.0, 22353.0, 22511.0, 22624.0, 22812.0, 22880.0, 23180.0, 23248.0, 23530.0, 23617.0, 23685.0, 23775.0, 24015.0, 24124.0, 24195.0, 24263.0, 24353.0, 24443.0, 24800.0, 24868.0, 24936.0, 25079.0, 25296.0, 25549.0, 25639.0, 25795.0, 25976.0, 25908.0, 26282.0, 26442.0, 26661.0, 26729.0, 26797.0, 26887.0, 27000.0, 27068.0, 27136.0, 27385.0, 27679.0, 27204.0, 28129.0, 27317.0, 27769.0, 27859.0, 27453.0, 27521.0, 27589.0, 27949.0, 28039.0, 28242.0, 28341.0, 28437.0, 28550.0, 28916.0, 28618.0, 28690.0, 28780.0, 28848.0]","[-553.0, -256.0, -466.0, -511.0, -521.0, -340.0, -234.0, -114.0, -397.0, -272.0, -321.0, -440.0, -293.0, -154.0, -75.0, -524.0, -415.0, -165.0, -206.0, -495.0, -374.0, -70.0, -492.0, -268.0, -199.0, -462.0, -217.0, -440.0, -149.0, -39.0, -293.0, -333.0, -272.0, -123.0, -532.0, -372.0, -145.0, -416.0, -477.0, -315.0, -282.0, -441.0, -55.0, -572.0, -83.0, -485.0, -269.0, -244.0, -316.0, 216.0, 207.0, 37.0, -220.0, -219.0, -79.0, -486.0, -132.0, -71.0, -255.0, -414.0, -555.0, -480.0, -432.0, -526.0, 226.0, -374.0, -468.0, -76.0, -356.0, -76.0, -325.0, -403.0, -126.0, -426.0, -348.0, -522.0, -70.0, -258.0, -104.0, -70.0, -296.0, -585.0, -181.0, -201.0, -486.0, -384.0, -234.0, 52.0, -436.0, -380.0, -259.0, -34.0, -514.0, -116.0, 116.0, -445.0, -26.0, -173.0, -63.0, -158.0, 216.0, -460.0, -98.0, -259.0, -517.0, -444.0, -155.0, -112.0, -408.0, -156.0, -329.0, -515.0, -438.0, -79.0, -436.0, -51.0, -238.0, -274.0, -234.0, -163.0, -292.0, -156.0, 236.0, -220.0, -430.0, -289.0, -287.0, -52.0, 146.99869771326303, -399.0, -117.0, 49.0, -168.0, -197.0, -319.0, 1.9986977132630273, -554.0, -585.0, -100.0, -166.0, -143.0, -87.0, -374.0, -52.0, 61.0, -521.0, -102.0, -76.0, -367.0, -234.0, -558.0, -379.0, -470.0, -309.0, -201.0, -349.0, -442.0, -67.0, -469.0, -369.0, -79.0, -271.0, -567.0, -103.0, -547.0, -286.0, -216.0, -62.0, -444.0, -303.0, -318.0, -48.0, -57.0, -398.0, -354.0, -161.0, -100.0, 17.0, -36.0, -1.0, -340.0, -104.0, -248.0, -10.0, -524.0, -378.0, -538.0, -513.0, -471.0, 169.0, -589.0, -423.0, -439.0, -311.0, -286.0, -38.0, -366.0, -268.0, -224.0, -225.0, -575.0, -545.0, -467.0, -170.0, -422.0, -145.0, -209.0, -363.0, -272.0, -227.0, -364.0, -521.0, -373.0, -424.0, -304.0, -460.0, -207.0, -410.0, -273.0, -399.0, -355.0, -427.0, -580.0, -353.0, 21.0, -84.0, -524.0, -205.0, -100.0, 21.0, -82.0, -451.0, 758.0, -487.0, 70.0, 403.0, -270.0, -62.0, -207.0, -247.0, -182.0, -552.0, -418.0, -249.0, -285.0, -45.0, -69.0, -458.0, -90.0, -490.0]","[0, 0, 0, 0, 0, 0, 0, 0, 0, 0, 0, 0, 0, 0, 0, 0, 0, 0, 0, 0, 0, 0, 0, 0, 0, 0, 0, 0, 0, 0, 0, 0, 0, 0, 0, 0, 0, 0, 0, 0, 0, 0, 0, 0, 0, 0, 0, 0, 0, 0, 0, 0, 0, 0, 0, 0, 0, 0, 0, 0, 0, 0, 0, 0, 0, 0, 0, 0, 0, 0, 0, 0, 0, 0, 0, 0, 0, 0, 0, 0, 0, 0, 0, 0, 0, 0, 0, 0, 0, 0, 0, 0, 0, 0, 0, 0, 0, 0, 0, 0, 0, 0, 0, 0, 0, 0, 0, 0, 0, 0, 0, 0, 0, 0, 0, 0, 0, 0, 0, 0, 0, 0, 0, 0, 0, 0, 0, 0, 0, 0, 0, 0, 0, 0, 0, 0, 0, 0, 0, 0, 0, 0, 0, 0, 0, 0, 0, 0, 0, 0, 0, 0, 0, 0, 0, 0, 0, 0, 0, 0, 0, 0, 0, 0, 0, 0, 0, 0, 0, 0, 0, 0, 0, 0, 0, 0, 0, 0, 0, 0, 0, 0, 0, 0, 0, 0, 0, 0, 0, 0, 0, 0, 0, 0, 0, 0, 0, 0, 0, 0, 0, 0, 0, 0, 0, 0, 0, 0, 0, 0, 0, 0, 0, 0, 0, 0, 0, 0, 0, 0, 0, 0, 0, 0, 0, 0, 0, 0, 0, 0, 0, 0, 0, 0, 0, 0, 0, 0, 0, 0, 0, 0, 0, 0, 0, 0, 0, 0, 0, 0]",3721401.9973954265,106306.68639266574,3721401.9973954265,28916.0,300.45515418052673,3721401.9973954265,3713507.74831219,0.0021213104869512714
mip,12,makespan,1,"[601.0, 921.0, 808.0, 1107.0, 1231.0, 1515.0, 1988.0, 1628.0, 2315.0, 2428.0, 2634.0, 2524.0, 2702.0, 2866.0, 3208.0, 2979.0, 3047.0, 3420.0, 3118.0, 3533.0, 3750.0, 3682.0, 4045.0, 4158.0, 4362.0, 4249.0, 4499.0, 4589.0, 4657.0, 4928.0, 4860.0, 4747.0, 5109.0, 5041.0, 5245.0, 5177.0, 5313.0, 5449.0, 5381.0, 5652.0, 5539.0, 6051.0, 5720.0, 5870.0, 6954.0, 5938.0, 6187.0, 6119.0, 6390.0, 6616.0, 6277.0, 6886.0, 6458.0, 6526.0, 6773.0, 7095.0, 7237.0, 7384.0, 7497.0, 7790.0, 7858.0, 7926.0, 7994.0, 8062.0, 8287.0, 8152.0, 8435.0, 8525.0, 8706.0, 8638.0, 8774.0, 8897.0, 8987.0, 9100.0, 9525.0, 9701.0, 9972.0, 9791.0, 9904.0, 10085.0, 10153.0, 10818.0, 10266.0, 10356.0, 10479.0, 10592.0, 10953.0, 10728.0, 10660.0, 11021.0, 11201.0, 11314.0, 11111.0, 11389.0, 12015.0, 11479.0, 11800.0, 11615.0, 11547.0, 12105.0, 11687.0, 12195.0, 12376.0, 12308.0, 12718.0, 12853.0, 12947.0, 13015.0, 13125.0, 13272.0, 13426.0, 13494.0, 13601.0, 13871.0, 13691.0, 13781.0, 13984.0, 14052.0, 14286.0, 14120.0, 14196.0, 14715.0, 14376.0, 14489.0, 16210.0, 14579.0, 14647.0, 14783.0, 14964.0, 14896.0, 16346.0, 16278.0, 16120.0, 16436.0, 16504.0, 16572.0, 16640.0, 16708.0, 16776.0, 16866.0, 16934.0, 17476.0, 17069.0, 17137.0, 17227.0, 17340.0, 17544.0, 17408.0, 17612.0, 17702.0, 17815.0, 17883.0, 17996.0, 18064.0, 18132.0, 18200.0, 18268.0, 18561.0, 18471.0, 18674.0, 18881.0, 18971.0, 19473.0, 19084.0, 19152.0, 19224.0, 19360.0, 19292.0, 19677.0, 19609.0, 19813.0, 19541.0, 19745.0, 19926.0, 20539.0, 21059.0, 20720.0, 20833.0, 20652.0, 20991.0, 20923.0, 21127.0, 21765.0, 21539.0, 21607.0, 21697.0, 21878.0, 21946.0, 22059.0, 22285.0, 22149.0, 22217.0, 22398.0, 22466.0, 22602.0, 22534.0, 23607.0, 23539.0, 23675.0, 23783.0, 23873.0, 24219.0, 24151.0, 24083.0, 24760.0, 24309.0, 24377.0, 24445.0, 24625.0, 24535.0, 25267.0, 24828.0, 25335.0, 25425.0, 25538.0, 25696.0, 25606.0, 25809.0, 26354.0, 26286.0, 26535.0, 26467.0, 26851.0, 26670.0, 26738.0, 27086.0, 27379.0, 26930.0, 27018.0, 27447.0, 27176.0, 27266.0, 27583.0, 27876.0, 27763.0, 27673.0, 27515.0, 27944.0, 28012.0, 28102.0, 28192.0, 28305.0, 28373.0, 28441.0, 28554.0, 28916.0, 28622.0, 28690.0, 28780.0, 28848.0]","[-553.0, -4.0, -466.0, -496.0, -487.0, -124.0, 222.0, -131.0, -160.0, -272.0, -183.0, -502.0, -293.0, -154.0, 18.0, -524.0, -415.0, 50.0, -383.0, -370.0, -168.0, 136.0, -262.0, 143.0, 145.0, -118.0, 103.0, -121.0, -57.0, -15.0, -111.0, -400.0, 91.0, -123.0, -411.0, -387.0, -144.0, -415.0, -476.0, -315.0, -282.0, -178.0, -191.0, -422.0, 947.0, -539.0, -169.0, -406.0, -139.0, 257.0, -181.0, 506.0, -111.0, -178.0, -61.0, -236.0, 57.0, 378.0, 53.0, -8.0, -222.0, -176.0, -207.0, -526.0, -16.0, -374.0, -291.0, 101.0, -111.0, -35.0, -216.0, -261.0, -93.0, -393.0, 42.0, -24.0, 609.0, 150.0, 304.0, 38.0, -200.0, 86.0, -181.0, -201.0, -431.0, -329.0, 92.0, -73.0, -471.0, -122.0, -1.0, 224.0, -527.0, 36.0, 336.0, -399.0, 273.0, -195.0, -85.0, 242.0, -72.0, -150.0, -2.0, -299.0, -236.0, -163.0, 152.0, 195.0, -222.0, -9.0, -96.0, -308.0, -256.0, 272.0, -355.0, 30.0, -221.0, -257.0, -51.0, -349.0, -289.0, 185.0, -214.0, -173.0, 1248.0, -310.0, -308.0, -5.0, -326.0, -510.0, 1290.0, 1184.0, 877.0, 938.0, 952.0, 1205.0, 418.0, 264.0, 749.0, 683.0, 676.0, 1161.0, 377.0, 699.0, 585.0, 320.0, 875.0, 697.0, 452.0, 351.0, -22.0, 55.0, -107.0, 21.0, 124.0, -119.0, -254.0, 167.0, -415.0, -225.0, 60.0, -132.0, -39.0, -32.0, -547.0, -282.0, -438.0, -58.0, -123.0, -118.0, 3.0, -202.0, -75.0, -315.0, 179.0, 420.0, 41.0, 90.0, -76.0, 140.0, -335.0, 37.0, 441.0, 318.0, -196.0, -132.0, -179.0, -207.0, -316.0, 33.0, -589.0, -423.0, -326.0, -198.0, -195.0, -128.0, 429.0, 391.0, 271.0, 310.0, -232.0, 57.0, -1.0, 138.0, 323.0, 40.0, -27.0, -181.0, 0.0, -135.0, 103.0, -561.0, 26.0, -78.0, -62.0, -313.0, -240.0, -396.0, 105.0, -21.0, -102.0, -402.0, -390.0, -412.0, -38.0, 115.0, -145.0, -343.0, -218.0, 83.0, -585.0, -389.0, 212.0, 72.0, 64.0, 217.0, -208.0, 361.0, 216.0, -94.0, -29.0, -489.0, -386.0, -245.0, -281.0, -45.0, -65.0, -458.0, -90.0, -490.0]","[0, 0, 0, 0, 0, 0, 0, 0, 0, 0, 0, 0, 0, 0, 0, 0, 0, 0, 0, 0, 0, 0, 0, 0, 0, 0, 0, 0, 0, 0, 0, 0, 0, 0, 0, 0, 0, 0, 0, 0, 0, 0, 0, 0, 0, 0, 0, 0, 0, 0, 0, 0, 0, 0, 0, 0, 0, 0, 0, 0, 0, 0, 0, 0, 0, 0, 0, 0, 0, 0, 0, 0, 0, 0, 0, 0, 0, 0, 0, 0, 0, 0, 0, 0, 0, 0, 0, 0, 0, 0, 0, 0, 0, 0, 0, 0, 0, 0, 0, 0, 0, 0, 0, 0, 0, 0, 0, 0, 0, 0, 0, 0, 0, 0, 0, 0, 0, 0, 0, 0, 0, 0, 0, 0, 0, 0, 0, 0, 0, 0, 0, 0, 0, 0, 0, 0, 0, 0, 0, 0, 0, 0, 0, 0, 0, 0, 0, 0, 0, 0, 0, 0, 0, 0, 0, 0, 0, 0, 0, 0, 0, 0, 0, 0, 0, 0, 0, 0, 0, 0, 0, 0, 0, 0, 0, 0, 0, 0, 0, 0, 0, 0, 0, 0, 0, 0, 0, 0, 0, 0, 0, 0, 0, 0, 0, 0, 0, 0, 0, 0, 0, 0, 0, 0, 0, 0, 0, 0, 0, 0, 0, 0, 0, 0, 0, 0, 0, 0, 0, 0, 0, 0, 0, 0, 0, 0, 0, 0, 0, 0, 0, 0, 0, 0, 0, 0, 0, 0, 0, 0, 0, 0, 0, 0, 0, 0, 0, 0, 0, 0]",28916.0,97263.43,3776721.0,28916.0,1.6569747924804688,28916.0,28916.0,0.0
mip,12,penalty,2,"[1154.0, 925.0, 1274.0, 1603.0, 1718.0, 1639.0, 1766.0, 1786.0, 2475.0, 2700.0, 2817.0, 3026.0, 2930.0, 3020.0, 3190.0, 3483.0, 3462.0, 3370.0, 3530.0, 3903.0, 3918.0, 3551.0, 4307.0, 4015.0, 4217.0, 4367.0, 4420.0, 4710.0, 4714.0, 4943.0, 4971.0, 5147.0, 5039.0, 5164.0, 5656.0, 5564.0, 5457.0, 5864.0, 5843.0, 5977.0, 5774.0, 6229.0, 5911.0, 6292.0, 6007.0, 6477.0, 6297.0, 6629.0, 6561.0, 6387.0, 6448.0, 6380.0, 6590.0, 6704.0, 6834.0, 7331.0, 7180.0, 7006.0, 7444.0, 7798.0, 8080.0, 8102.0, 8201.0, 8588.0, 8303.0, 8526.0, 8726.0, 8424.0, 8817.0, 8673.0, 8990.0, 9158.0, 9080.0, 9493.0, 9483.0, 9725.0, 9363.0, 9641.0, 9600.0, 10047.0, 10353.0, 10726.0, 10447.0, 10557.0, 10910.0, 10929.0, 10861.0, 10801.0, 11131.0, 11143.0, 11202.0, 11075.0, 11638.0, 11353.0, 11697.0, 11900.0, 11527.0, 11810.0, 11629.0, 11863.0, 11759.0, 12345.0, 12378.0, 12607.0, 12954.0, 13016.0, 12795.0, 12820.0, 13347.0, 13281.0, 13522.0, 13802.0, 13857.0, 13599.0, 14046.0, 13751.0, 14205.0, 14309.0, 14337.0, 14462.0, 14485.0, 14530.0, 14590.0, 14662.0, 14962.0, 14889.0, 14955.0, 14788.0, 15290.0, 15406.0, 15056.0, 15094.0, 15243.0, 15498.0, 15552.0, 15367.0, 16222.0, 16444.0, 16027.0, 16183.0, 16258.0, 16315.0, 16692.0, 16438.0, 16598.0, 17020.0, 16602.0, 16711.0, 17160.0, 17351.0, 17837.0, 17828.0, 18103.0, 18043.0, 18008.0, 18319.0, 18522.0, 18394.0, 18911.0, 18899.0, 18821.0, 19103.0, 19512.0, 19116.0, 19662.0, 19506.0, 19798.0, 19350.0, 19800.0, 19730.0, 19888.0, 19732.0, 19868.0, 20241.0, 20360.0, 20639.0, 20679.0, 20792.0, 20728.0, 20851.0, 21258.0, 21090.0, 21324.0, 21221.0, 21803.0, 21829.0, 22057.0, 22153.0, 22375.0, 22252.0, 22754.0, 22596.0, 22729.0, 22664.0, 22797.0, 22661.0, 23178.0, 23148.0, 23404.0, 23473.0, 24105.0, 24173.0, 24152.0, 23945.0, 24437.0, 24269.0, 24404.0, 24626.0, 24580.0, 24670.0, 25164.0, 25389.0, 25309.0, 25503.0, 25600.0, 26009.0, 25846.0, 26205.0, 26249.0, 26307.0, 26637.0, 26869.0, 27241.0, 27082.0, 26776.0, 26971.0, 27524.0, 27273.0, 27205.0, 27364.0, 27761.0, 27655.0, 27371.0, 27812.0, 27699.0, 27456.0, 27631.0, 27583.0, 27851.0, 28196.0, 28221.0, 28799.0, 28755.0, 28686.0, 28845.0, 28961.0, 28687.0, 29148.0, 28870.0, 29338.0]","[0.0, 0.0, 0.0, 0.0, 0.0, 0.0, 0.0, 27.0, 0.0, 0.0, 0.0, 0.0, -65.0, 0.0, 0.0, -20.0, 0.0, 0.0, 29.0, 0.0, 0.0, 5.0, 0.0, 0.0, 0.0, 0.0, 24.0, 0.0, 0.0, 0.0, 0.0, 0.0, 21.0, 0.0, 0.0, 0.0, 0.0, 0.0, -14.0, 10.0, -47.0, 0.0, 0.0, 0.0, 0.0, 0.0, -59.0, 104.0, 32.0, 28.0, -10.0, 0.0, 21.0, 0.0, 0.0, 0.0, 0.0, 0.0, 0.0, 0.0, 0.0, 0.0, 0.0, 0.0, 0.0, 0.0, 0.0, 0.0, 0.0, 0.0, 0.0, 0.0, 0.0, 0.0, 0.0, 0.0, 0.0, 0.0, 0.0, 0.0, 0.0, -6.0, 0.0, 0.0, 0.0, 8.0, 0.0, 0.0, 0.0, 0.0, 0.0, -15.0, 0.0, 0.0, 18.0, 22.0, 0.0, 0.0, -3.0, 0.0, 0.0, 0.0, 0.0, 0.0, 0.0, 0.0, 0.0, 0.0, 0.0, 0.0, 0.0, 0.0, 0.0, 0.0, 0.0, 0.0, 0.0, 0.0, 0.0, -7.0, 0.0, 0.0, 0.0, 0.0, 0.0, 0.0, 0.0, 0.0, 0.0, 0.0, 0.0, 0.0, 0.0, 0.0, 0.0, 0.0, 0.0, 0.0, 0.0, 0.0, 0.0, 0.0, 0.0, 0.0, -44.0, 0.0, -67.0, 0.0, 0.0, 0.0, 0.0, 0.0, 0.0, 0.0, 0.0, 0.0, 0.0, 0.0, 25.0, 0.0, 0.0, 0.0, 0.0, 0.0, -37.0, 0.0, 0.0, 0.0, 0.0, 3.0, 78.0, -11.0, 48.0, 0.0, 0.0, 0.0, 0.0, 49.0, 0.0, 0.0, 0.0, 0.0, 0.0, 0.0, 0.0, 0.0, 0.0, 0.0, 0.0, 0.0, 16.0, -44.0, 5.0, 0.0, 0.0, -1.0, 0.0, 0.0, 0.0, 0.0, 0.0, 11.0, 0.0, 0.0, 0.0, 0.0, 0.0, 0.0, -45.0, 0.0, 0.0, 0.0, 0.0, 0.0, 0.0, 0.0, 0.0, 0.0, 0.0, 0.0, 0.0, 0.0, 0.0, 0.0, 0.0, 0.0, 0.0, 0.0, -31.0, 0.0, 0.0, 0.0, 0.0, 8.0, 0.0, 0.0, -92.0, 0.0, 55.0, 0.0, 0.0, 5.0, -4.0, 0.0, 10.0, 0.0, 0.0, 0.0, 0.0, 0.0]","[0, 1, 1, 1, 1, 0, 0, 1, 0, 0, 1, 1, 0, 0, 1, 1, 0, 1, 0, 0, 1, 1, 1, 0, 0, 0, 1, 1, 0, 1, 0, 0, 0, 1, 0, 0, 1, 0, 1, 0, 0, 1, 1, 0, 1, 1, 1, 0, 0, 1, 0, 0, 1, 1, 0, 0, 0, 0, 1, 1, 1, 0, 0, 0, 1, 1, 0, 1, 1, 1, 1, 0, 1, 1, 0, 0, 1, 1, 0, 0, 1, 1, 0, 1, 0, 1, 1, 0, 0, 1, 0, 1, 0, 1, 1, 1, 0, 1, 1, 0, 0, 1, 0, 1, 0, 1, 0, 1, 0, 1, 1, 1, 0, 0, 0, 0, 0, 0, 1, 0, 1, 0, 1, 0, 0, 0, 1, 1, 0, 0, 0, 1, 1, 1, 0, 1, 0, 0, 0, 1, 1, 0, 1, 1, 0, 0, 1, 0, 1, 1, 1, 0, 0, 1, 0, 1, 1, 0, 0, 1, 0, 0, 0, 1, 1, 1, 1, 1, 0, 1, 1, 0, 0, 1, 0, 0, 1, 1, 0, 0, 0, 0, 1, 1, 1, 0, 1, 1, 1, 0, 1, 1, 0, 1, 0, 0, 0, 1, 1, 1, 1, 1, 0, 0, 1, 1, 0, 1, 0, 0, 1, 0, 1, 0, 1, 1, 0, 0, 1, 0, 0, 0, 0, 1, 1, 0, 0, 1, 1, 1, 1, 1, 0, 0, 0, 1, 0, 1, 1, 1, 0, 1, 0, 1, 0, 1, 0, 1, 1, 0]",1695.6200000000003,1695.6200000000001,3787061.0,29338.0,301.1997592449188,1695.6200000000003,1398.4480826726528,0.17525855871442153
mip,12,total_time,2,"[601.0, 641.0, 808.0, 1092.0, 1197.0, 1299.0, 1532.0, 1628.0, 2078.0, 2428.0, 2495.0, 2524.0, 2702.0, 2866.0, 2921.0, 2979.0, 3034.0, 3102.0, 3118.0, 3344.0, 3372.0, 3454.0, 3737.0, 3747.0, 3889.0, 3899.0, 4179.0, 4270.0, 4565.0, 4605.0, 4678.0, 4695.0, 4746.0, 5041.0, 5124.0, 5157.0, 5312.0, 5359.0, 5380.0, 5506.0, 5539.0, 5657.0, 5705.0, 5725.0, 5859.0, 5911.0, 6087.0, 6119.0, 6213.0, 6251.0, 6281.0, 6432.0, 6364.0, 6371.0, 6486.0, 6764.0, 6799.0, 6922.0, 7189.0, 7384.0, 7525.0, 7622.0, 7769.0, 8062.0, 8108.0, 8152.0, 8258.0, 8272.0, 8371.0, 8522.0, 8625.0, 8689.0, 8954.0, 9034.0, 9122.0, 9146.0, 9270.0, 9326.0, 9398.0, 9977.0, 10057.0, 10138.0, 10266.0, 10316.0, 10411.0, 10524.0, 10488.0, 10627.0, 10660.0, 10717.0, 10773.0, 11018.0, 11058.0, 11182.0, 11422.0, 11433.0, 11501.0, 11535.0, 11569.0, 11603.0, 11687.0, 11782.0, 12280.0, 12308.0, 12437.0, 12472.0, 12621.0, 12672.0, 12939.0, 13125.0, 13187.0, 13287.0, 13419.0, 13520.0, 13588.0, 13619.0, 13967.0, 14034.0, 14083.0, 14120.0, 14173.0, 14373.0, 14374.0, 14441.0, 14487.0, 14543.0, 14647.0, 14687.0, 14715.0, 14854.0, 14878.0, 15002.0, 15024.0, 15092.0, 15114.0, 15238.0, 15668.0, 15859.0, 15902.0, 15965.0, 16115.0, 16147.0, 16279.0, 16292.0, 16398.0, 16461.0, 16557.0, 16606.0, 16732.0, 17117.0, 17279.0, 17449.0, 17633.0, 17734.0, 17807.0, 17970.0, 18080.0, 18327.0, 18329.0, 18452.0, 18742.0, 18745.0, 18923.0, 19002.0, 19152.0, 19196.0, 19220.0, 19278.0, 19333.0, 19365.0, 19487.0, 19541.0, 19723.0, 19843.0, 20006.0, 20478.0, 20579.0, 20617.0, 20685.0, 20697.0, 20889.0, 20907.0, 21042.0, 21138.0, 21206.0, 21451.0, 21518.0, 21640.0, 21904.0, 22143.0, 22149.0, 22217.0, 22257.0, 22292.0, 22325.0, 22513.0, 22812.0, 22844.0, 23180.0, 23228.0, 23530.0, 23617.0, 23685.0, 23631.0, 24015.0, 24124.0, 24195.0, 24223.0, 24324.0, 24393.0, 24800.0, 24828.0, 24920.0, 25079.0, 25296.0, 25549.0, 25606.0, 25795.0, 25906.0, 25908.0, 26282.0, 26442.0, 26661.0, 26670.0, 26729.0, 26880.0, 26926.0, 26993.0, 26994.0, 27135.0, 27163.0, 27203.0, 27286.0, 27316.0, 27376.0, 27466.0, 27396.0, 27464.0, 27532.0, 27670.0, 27947.0, 28204.0, 28341.0, 28437.0, 28526.0, 28595.0, 28598.0, 28690.0, 28725.0, 28829.0]","[-553.0, -284.0, -466.0, -511.0, -521.0, -340.0, -234.0, -131.0, -397.0, -272.0, -322.0, -502.0, -293.0, -154.0, -269.0, -524.0, -428.0, -268.0, -383.0, -559.0, -546.0, -92.0, -570.0, -268.0, -328.0, -468.0, -217.0, -440.0, -149.0, -338.0, -293.0, -452.0, -272.0, -123.0, -532.0, -407.0, -145.0, -505.0, -477.0, -461.0, -282.0, -572.0, -206.0, -567.0, -148.0, -566.0, -269.0, -406.0, -316.0, -108.0, -177.0, 52.0, -205.0, -333.0, -348.0, -567.0, -381.0, -84.0, -255.0, -414.0, -555.0, -480.0, -432.0, -526.0, -195.0, -374.0, -468.0, -152.0, -446.0, -151.0, -365.0, -469.0, -126.0, -459.0, -361.0, -579.0, -93.0, -315.0, -202.0, -70.0, -296.0, -594.0, -181.0, -241.0, -499.0, -397.0, -373.0, -174.0, -471.0, -426.0, -429.0, -72.0, -580.0, -171.0, -257.0, -445.0, -26.0, -275.0, -63.0, -260.0, -72.0, -563.0, -98.0, -299.0, -517.0, -544.0, -174.0, -148.0, -408.0, -156.0, -335.0, -515.0, -438.0, -79.0, -458.0, -132.0, -238.0, -275.0, -254.0, -349.0, -312.0, -157.0, -216.0, -221.0, -475.0, -346.0, -308.0, -101.0, -575.0, -552.0, -178.0, -92.0, -219.0, -406.0, -438.0, -129.0, -554.0, -585.0, -125.0, -218.0, -143.0, -168.0, -413.0, -146.0, -244.0, -559.0, -112.0, -105.0, -428.0, -234.0, -558.0, -379.0, -470.0, -309.0, -201.0, -349.0, -442.0, -67.0, -557.0, -447.0, -79.0, -358.0, -589.0, -114.0, -547.0, -310.0, -578.0, -72.0, -467.0, -362.0, -323.0, -202.0, -97.0, -398.0, -354.0, -161.0, -100.0, -126.0, -43.0, -154.0, -369.0, -183.0, -282.0, -83.0, -597.0, -378.0, -539.0, -513.0, -471.0, -109.0, -589.0, -423.0, -467.0, -372.0, -472.0, -149.0, -366.0, -304.0, -224.0, -245.0, -575.0, -545.0, -467.0, -314.0, -422.0, -145.0, -209.0, -403.0, -301.0, -277.0, -364.0, -561.0, -389.0, -424.0, -304.0, -460.0, -240.0, -410.0, -343.0, -399.0, -355.0, -427.0, -580.0, -412.0, -47.0, -91.0, -598.0, -280.0, -242.0, -229.0, -598.0, -452.0, -85.0, -488.0, -323.0, 10.0, -327.0, -119.0, -264.0, -526.0, -274.0, -590.0, -418.0, -249.0, -309.0, -366.0, -89.0, -458.0, -145.0, -509.0]","[0, 1, 1, 1, 0, 1, 1, 0, 1, 1, 0, 1, 1, 0, 1, 0, 1, 0, 1, 1, 0, 1, 1, 0, 1, 0, 1, 1, 1, 0, 1, 0, 1, 1, 1, 0, 0, 1, 0, 0, 1, 1, 0, 1, 0, 1, 1, 0, 1, 0, 1, 0, 0, 1, 1, 1, 0, 0, 0, 1, 1, 1, 1, 0, 1, 0, 1, 0, 1, 0, 0, 1, 1, 0, 0, 1, 1, 0, 1, 1, 1, 0, 1, 0, 0, 0, 1, 1, 0, 1, 0, 1, 0, 1, 0, 1, 1, 0, 1, 0, 1, 0, 1, 0, 1, 0, 0, 1, 1, 0, 1, 1, 0, 1, 0, 1, 1, 0, 1, 0, 1, 1, 0, 1, 0, 1, 0, 1, 0, 1, 0, 0, 1, 0, 1, 1, 0, 1, 0, 1, 1, 0, 0, 1, 1, 0, 1, 0, 1, 1, 1, 1, 0, 0, 1, 1, 1, 1, 0, 0, 0, 1, 1, 0, 0, 1, 0, 1, 0, 1, 1, 0, 1, 1, 0, 1, 1, 0, 0, 1, 0, 1, 1, 0, 0, 1, 0, 0, 1, 0, 1, 1, 0, 1, 0, 1, 1, 0, 1, 0, 1, 0, 0, 1, 1, 1, 1, 0, 0, 1, 1, 0, 1, 1, 1, 0, 1, 0, 1, 0, 1, 0, 0, 1, 0, 1, 0, 1, 0, 0, 1, 0, 1, 0, 1, 1, 0, 0, 0, 1, 1, 0, 0, 1, 0, 0, 1, 1, 0, 1]",3704776.0,121995.64,3704776.0,28829.0,28.707711935043335,3704776.0,3704776.0,0.0
mip,12,makespan,2,"[601.0, 641.0, 808.0, 1092.0, 1197.0, 1299.0, 1532.0, 1645.0, 2078.0, 2428.0, 2496.0, 2524.0, 2702.0, 2866.0, 2921.0, 2979.0, 3034.0, 3102.0, 3118.0, 3344.0, 3372.0, 3462.0, 3747.0, 3747.0, 3889.0, 3899.0, 4179.0, 4270.0, 4565.0, 4605.0, 4678.0, 4746.0, 4746.0, 5359.0, 5124.0, 5157.0, 5585.0, 5359.0, 5427.0, 5517.0, 5539.0, 5657.0, 5725.0, 5911.0, 5859.0, 5927.0, 6087.0, 6119.0, 6213.0, 6281.0, 6256.0, 6369.0, 6437.0, 6437.0, 6527.0, 6764.0, 6799.0, 6922.0, 7189.0, 7384.0, 7525.0, 7622.0, 7769.0, 8062.0, 8108.0, 8152.0, 8258.0, 8348.0, 8348.0, 8522.0, 8625.0, 8689.0, 9034.0, 9034.0, 9147.0, 9147.0, 9270.0, 9326.0, 9398.0, 9977.0, 10057.0, 10147.0, 10266.0, 10316.0, 10411.0, 10524.0, 10488.0, 10627.0, 10660.0, 10728.0, 10773.0, 11018.0, 11058.0, 11182.0, 11422.0, 11433.0, 11535.0, 11535.0, 11625.0, 11693.0, 11693.0, 11783.0, 12280.0, 12308.0, 12437.0, 12472.0, 12621.0, 12672.0, 12939.0, 13125.0, 13193.0, 13287.0, 13419.0, 13520.0, 13588.0, 13967.0, 13967.0, 14306.0, 14083.0, 14442.0, 14129.0, 14374.0, 14374.0, 14510.0, 14487.0, 14600.0, 14647.0, 14715.0, 14715.0, 14854.0, 14878.0, 15002.0, 15070.0, 15054.0, 15122.0, 15238.0, 15668.0, 15859.0, 15902.0, 15992.0, 16147.0, 16147.0, 16282.0, 16292.0, 16398.0, 16461.0, 16557.0, 16606.0, 16732.0, 17117.0, 17279.0, 17970.0, 17633.0, 17734.0, 17807.0, 17970.0, 18105.0, 18327.0, 18329.0, 18452.0, 18742.0, 18745.0, 18923.0, 19002.0, 19386.0, 19196.0, 19205.0, 19278.0, 19318.0, 19365.0, 19487.0, 19541.0, 19723.0, 19843.0, 20006.0, 20478.0, 21132.0, 21110.0, 21042.0, 20697.0, 20889.0, 20907.0, 21042.0, 21200.0, 21268.0, 21451.0, 21518.0, 21640.0, 21904.0, 22325.0, 22149.0, 22162.0, 22257.0, 22292.0, 22360.0, 22513.0, 22812.0, 22844.0, 23180.0, 23228.0, 23530.0, 24195.0, 23631.0, 23631.0, 24015.0, 24124.0, 24195.0, 24263.0, 24353.0, 24393.0, 24800.0, 24828.0, 24920.0, 25079.0, 25296.0, 25549.0, 25606.0, 25795.0, 25906.0, 25908.0, 26282.0, 26442.0, 26661.0, 26670.0, 26729.0, 26880.0, 26926.0, 26993.0, 27061.0, 27151.0, 27219.0, 27180.0, 27286.0, 27332.0, 27376.0, 27400.0, 27511.0, 27579.0, 27579.0, 27670.0, 27947.0, 28204.0, 28341.0, 28437.0, 28527.0, 28595.0, 28598.0, 28690.0, 28725.0, 28829.0]","[-553.0, -284.0, -466.0, -511.0, -521.0, -340.0, -234.0, -114.0, -397.0, -272.0, -321.0, -502.0, -293.0, -154.0, -269.0, -524.0, -428.0, -268.0, -383.0, -559.0, -546.0, -84.0, -560.0, -268.0, -328.0, -468.0, -217.0, -440.0, -149.0, -338.0, -293.0, -401.0, -272.0, 195.0, -532.0, -407.0, 128.0, -505.0, -430.0, -450.0, -282.0, -572.0, -186.0, -381.0, -148.0, -550.0, -269.0, -406.0, -316.0, -78.0, -202.0, -11.0, -132.0, -267.0, -307.0, -567.0, -381.0, -84.0, -255.0, -414.0, -555.0, -480.0, -432.0, -526.0, -195.0, -374.0, -468.0, -76.0, -469.0, -151.0, -365.0, -469.0, -46.0, -459.0, -336.0, -578.0, -93.0, -315.0, -202.0, -70.0, -296.0, -585.0, -181.0, -241.0, -499.0, -397.0, -373.0, -174.0, -471.0, -415.0, -429.0, -72.0, -580.0, -171.0, -257.0, -445.0, 8.0, -275.0, -7.0, -170.0, -66.0, -562.0, -98.0, -299.0, -517.0, -544.0, -174.0, -148.0, -408.0, -156.0, -329.0, -515.0, -438.0, -79.0, -458.0, 216.0, -238.0, -3.0, -254.0, -27.0, -356.0, -156.0, -216.0, -152.0, -475.0, -289.0, -308.0, -73.0, -575.0, -552.0, -178.0, -92.0, -173.0, -444.0, -430.0, -129.0, -554.0, -585.0, -125.0, -191.0, -111.0, -168.0, -410.0, -146.0, -244.0, -559.0, -112.0, -105.0, -428.0, -234.0, -558.0, 142.0, -470.0, -309.0, -201.0, -349.0, -417.0, -67.0, -557.0, -447.0, -79.0, -358.0, -589.0, -114.0, -313.0, -310.0, -593.0, -72.0, -482.0, -362.0, -323.0, -202.0, -97.0, -398.0, -354.0, -161.0, 453.0, 367.0, 314.0, -154.0, -369.0, -183.0, -282.0, -21.0, -535.0, -378.0, -539.0, -513.0, -471.0, 73.0, -589.0, -478.0, -467.0, -372.0, -437.0, -149.0, -366.0, -304.0, -224.0, -245.0, -575.0, 33.0, -521.0, -314.0, -422.0, -145.0, -209.0, -363.0, -272.0, -277.0, -364.0, -561.0, -389.0, -424.0, -304.0, -460.0, -240.0, -410.0, -343.0, -399.0, -355.0, -427.0, -580.0, -412.0, -47.0, -91.0, -598.0, -280.0, -175.0, -213.0, -542.0, -475.0, -85.0, -472.0, -323.0, -56.0, -212.0, -4.0, -217.0, -526.0, -274.0, -590.0, -418.0, -249.0, -308.0, -366.0, -89.0, -458.0, -145.0, -509.0]","[0, 1, 1, 0, 1, 1, 1, 1, 1, 1, 0, 1, 1, 1, 0, 1, 0, 0, 1, 1, 0, 0, 1, 0, 0, 1, 1, 1, 1, 0, 1, 0, 1, 1, 0, 1, 1, 0, 1, 1, 0, 0, 1, 1, 0, 0, 1, 0, 1, 1, 0, 0, 1, 0, 0, 1, 0, 1, 1, 1, 1, 1, 1, 1, 0, 1, 0, 0, 1, 0, 1, 0, 1, 0, 1, 0, 0, 1, 0, 1, 1, 1, 0, 1, 1, 1, 0, 1, 0, 0, 1, 1, 0, 1, 1, 0, 1, 0, 0, 0, 1, 1, 1, 0, 1, 0, 0, 1, 1, 1, 1, 1, 0, 0, 1, 1, 0, 0, 1, 1, 0, 1, 0, 1, 0, 0, 1, 0, 1, 0, 1, 0, 0, 1, 1, 1, 1, 0, 1, 1, 1, 0, 0, 1, 1, 0, 0, 1, 1, 1, 1, 1, 1, 0, 1, 0, 1, 1, 0, 1, 1, 0, 1, 1, 1, 0, 1, 0, 1, 0, 0, 1, 1, 1, 0, 1, 0, 1, 1, 1, 1, 0, 0, 1, 1, 0, 1, 1, 1, 0, 0, 1, 0, 1, 1, 1, 0, 1, 1, 0, 1, 0, 0, 1, 1, 1, 1, 1, 0, 1, 0, 1, 0, 1, 1, 1, 0, 1, 1, 0, 1, 1, 1, 0, 1, 0, 1, 0, 0, 1, 1, 0, 0, 1, 0, 1, 0, 1, 0, 0, 1, 1, 0, 0, 1, 0, 1, 1, 0, 1]",28829.0,118430.09,3710735.0,28829.0,1.285682201385498,28829.0,28829.0,0.0
mip,12,penalty,3,"[1154.0, 925.0, 1274.0, 1603.0, 1718.0, 1639.0, 1766.0, 1759.0, 2475.0, 2700.0, 2817.0, 3026.0, 2995.0, 3020.0, 3190.0, 3503.0, 3462.0, 3370.0, 3501.0, 3903.0, 3918.0, 3546.0, 4307.0, 4015.0, 4217.0, 4367.0, 4396.0, 4710.0, 4714.0, 4943.0, 4971.0, 5147.0, 5018.0, 5164.0, 5656.0, 5564.0, 5457.0, 5864.0, 5843.0, 5967.0, 5821.0, 6229.0, 5911.0, 6292.0, 6007.0, 6477.0, 6356.0, 6597.0, 6529.0, 6359.0, 6456.0, 6380.0, 6569.0, 6704.0, 6834.0, 7331.0, 7180.0, 7006.0, 7444.0, 7798.0, 8080.0, 8102.0, 8201.0, 8588.0, 8303.0, 8526.0, 8726.0, 8424.0, 8817.0, 8673.0, 8990.0, 9158.0, 9080.0, 9493.0, 9483.0, 9725.0, 9363.0, 9641.0, 9600.0, 10047.0, 10353.0, 10732.0, 10447.0, 10557.0, 10910.0, 10921.0, 10861.0, 10801.0, 11131.0, 11143.0, 11202.0, 11090.0, 11638.0, 11353.0, 11679.0, 11878.0, 11527.0, 11810.0, 11632.0, 11863.0, 11759.0, 12345.0, 12378.0, 12607.0, 12954.0, 13016.0, 12795.0, 12820.0, 13347.0, 13281.0, 13522.0, 13802.0, 13857.0, 13599.0, 14046.0, 13751.0, 14205.0, 14309.0, 14337.0, 14469.0, 14485.0, 14530.0, 14590.0, 14662.0, 14962.0, 14889.0, 14955.0, 14788.0, 15290.0, 15406.0, 15056.0, 15094.0, 15243.0, 15498.0, 15552.0, 15367.0, 16222.0, 16444.0, 16027.0, 16183.0, 16258.0, 16315.0, 16692.0, 16438.0, 16642.0, 17020.0, 16643.0, 16711.0, 17160.0, 17351.0, 17837.0, 17828.0, 18103.0, 18043.0, 18008.0, 18319.0, 18522.0, 18394.0, 18886.0, 18899.0, 18821.0, 19103.0, 19512.0, 19116.0, 19699.0, 19506.0, 19798.0, 19350.0, 19767.0, 19727.0, 19810.0, 19742.0, 19835.0, 20241.0, 20360.0, 20639.0, 20679.0, 20743.0, 20728.0, 20851.0, 21258.0, 21090.0, 21324.0, 21221.0, 21803.0, 21829.0, 22057.0, 22153.0, 22375.0, 22252.0, 22738.0, 22640.0, 22730.0, 22664.0, 22797.0, 22662.0, 23178.0, 23148.0, 23404.0, 23473.0, 24105.0, 24162.0, 24152.0, 23945.0, 24437.0, 24269.0, 24404.0, 24626.0, 24625.0, 24670.0, 25164.0, 25389.0, 25309.0, 25503.0, 25600.0, 26009.0, 25846.0, 26205.0, 26249.0, 26307.0, 26637.0, 26869.0, 27241.0, 27082.0, 26776.0, 26971.0, 27524.0, 27273.0, 27236.0, 27364.0, 27761.0, 27655.0, 27371.0, 27804.0, 27699.0, 27456.0, 27723.0, 27583.0, 27796.0, 28196.0, 28221.0, 28794.0, 28759.0, 28686.0, 28835.0, 28961.0, 28687.0, 29148.0, 28870.0, 29338.0]","[0.0, 0.0, 0.0, 0.0, 0.0, 0.0, 0.0, 0.0, 0.0, 0.0, 0.0, 0.0, 0.0, 0.0, 0.0, 0.0, 0.0, 0.0, 0.0, 0.0, 0.0, 0.0, 0.0, 0.0, 0.0, 0.0, 0.0, 0.0, 0.0, 0.0, 0.0, 0.0, 0.0, 0.0, 0.0, 0.0, 0.0, 0.0, -14.0, 0.0, 0.0, 0.0, 0.0, 0.0, 0.0, 0.0, 0.0, 72.0, 0.0, 0.0, -2.0, 0.0, 0.0, 0.0, 0.0, 0.0, 0.0, 0.0, 0.0, 0.0, 0.0, 0.0, 0.0, 0.0, 0.0, 0.0, 0.0, 0.0, 0.0, 0.0, 0.0, 0.0, 0.0, 0.0, 0.0, 0.0, 0.0, 0.0, 0.0, 0.0, 0.0, 0.0, 0.0, 0.0, 0.0, 0.0, 0.0, 0.0, 0.0, 0.0, 0.0, 0.0, 0.0, 0.0, 0.0, 0.0, 0.0, 0.0, 0.0, 0.0, 0.0, 0.0, 0.0, 0.0, 0.0, 0.0, 0.0, 0.0, 0.0, 0.0, 0.0, 0.0, 0.0, 0.0, 0.0, 0.0, 0.0, 0.0, 0.0, 0.0, 0.0, 0.0, 0.0, 0.0, 0.0, 0.0, 0.0, 0.0, 0.0, 0.0, 0.0, 0.0, 0.0, 0.0, 0.0, 0.0, 0.0, 0.0, 0.0, 0.0, 0.0, 0.0, 0.0, 0.0, 0.0, 0.0, -26.0, 0.0, 0.0, 0.0, 0.0, 0.0, 0.0, 0.0, 0.0, 0.0, 0.0, 0.0, 0.0, 0.0, 0.0, 0.0, 0.0, 0.0, 0.0, 0.0, 0.0, 0.0, -33.0, 0.0, 0.0, -1.0, 15.0, 0.0, 0.0, 0.0, 0.0, 0.0, 0.0, 0.0, 0.0, 0.0, 0.0, 0.0, 0.0, 0.0, 0.0, 0.0, 0.0, 0.0, 0.0, 0.0, 6.0, 0.0, 0.0, 0.0, 0.0, 0.0, 0.0, 0.0, 0.0, 0.0, 0.0, 0.0, 0.0, 0.0, 0.0, 0.0, 0.0, 0.0, 0.0, 0.0, 0.0, 0.0, 0.0, 0.0, 0.0, 0.0, 0.0, 0.0, 0.0, 0.0, 0.0, 0.0, 0.0, 0.0, 0.0, 0.0, 0.0, 0.0, 0.0, 0.0, 0.0, 0.0, 0.0, 0.0, 0.0, 0.0, 0.0, 0.0, 0.0, 0.0, 0.0, 0.0, 0.0, 0.0, 0.0, 0.0, 0.0, 0.0]","[0, 1, 0, 2, 0, 1, 2, 1, 0, 1, 0, 2, 0, 1, 1, 1, 2, 0, 0, 0, 2, 2, 1, 0, 1, 0, 2, 1, 0, 1, 2, 2, 0, 0, 0, 1, 0, 2, 0, 1, 1, 0, 0, 1, 0, 1, 0, 0, 0, 2, 2, 1, 2, 0, 1, 1, 0, 0, 0, 0, 1, 2, 0, 0, 0, 2, 1, 1, 2, 2, 2, 1, 0, 0, 1, 0, 2, 2, 1, 0, 0, 0, 1, 0, 0, 2, 1, 2, 0, 2, 0, 1, 2, 0, 0, 2, 2, 0, 1, 1, 2, 1, 0, 0, 2, 1, 1, 0, 0, 1, 0, 1, 2, 2, 0, 0, 2, 1, 2, 1, 2, 0, 1, 0, 2, 0, 1, 2, 0, 0, 2, 1, 2, 2, 1, 1, 0, 1, 0, 1, 2, 1, 0, 2, 1, 0, 2, 2, 2, 2, 1, 2, 1, 0, 2, 0, 2, 0, 0, 2, 1, 1, 1, 2, 2, 0, 1, 1, 2, 1, 0, 0, 2, 1, 0, 2, 1, 0, 2, 2, 0, 1, 2, 2, 0, 1, 0, 1, 2, 0, 0, 0, 2, 1, 1, 2, 2, 0, 1, 2, 1, 2, 0, 0, 0, 1, 2, 0, 1, 2, 2, 1, 0, 0, 2, 2, 2, 1, 0, 1, 0, 1, 2, 1, 2, 2, 2, 0, 1, 1, 0, 0, 2, 2, 1, 0, 2, 0, 1, 2, 1, 0, 2, 1, 1, 1, 2, 1, 0, 0]",221.97,221.97,3787038.0,29338.0,2.9076359272003174,221.97,221.97,0.0
mip,12,total_time,3,"[601.0, 641.0, 808.0, 1092.0, 1197.0, 1299.0, 1532.0, 1628.0, 2078.0, 2428.0, 2495.0, 2524.0, 2702.0, 2866.0, 2921.0, 2961.0, 3004.0, 3102.0, 3118.0, 3344.0, 3372.0, 3454.0, 3737.0, 3747.0, 3889.0, 3899.0, 4179.0, 4270.0, 4565.0, 4605.0, 4670.0, 4695.0, 4694.0, 5041.0, 5124.0, 5157.0, 5312.0, 5359.0, 5365.0, 5506.0, 5539.0, 5657.0, 5705.0, 5719.0, 5859.0, 5911.0, 6087.0, 6119.0, 6213.0, 6251.0, 6256.0, 6315.0, 6369.0, 6341.0, 6486.0, 6764.0, 6799.0, 6922.0, 7189.0, 7384.0, 7525.0, 7622.0, 7769.0, 8062.0, 8108.0, 8150.0, 8258.0, 8272.0, 8302.0, 8522.0, 8625.0, 8689.0, 8954.0, 9034.0, 9122.0, 9146.0, 9270.0, 9326.0, 9398.0, 9977.0, 10057.0, 10138.0, 10266.0, 10316.0, 10411.0, 10473.0, 10488.0, 10627.0, 10660.0, 10711.0, 10773.0, 11018.0, 11058.0, 11182.0, 11422.0, 11433.0, 11444.0, 11501.0, 11547.0, 11570.0, 11687.0, 11782.0, 12280.0, 12308.0, 12437.0, 12472.0, 12621.0, 12672.0, 12939.0, 13125.0, 13187.0, 13287.0, 13419.0, 13520.0, 13588.0, 13619.0, 13967.0, 14034.0, 14083.0, 14120.0, 14129.0, 14373.0, 14374.0, 14441.0, 14410.0, 14543.0, 14647.0, 14687.0, 14710.0, 14854.0, 14878.0, 15002.0, 15024.0, 15054.0, 15098.0, 15238.0, 15668.0, 15859.0, 15902.0, 15965.0, 16115.0, 16147.0, 16279.0, 16292.0, 16398.0, 16461.0, 16557.0, 16606.0, 16732.0, 17117.0, 17279.0, 17449.0, 17633.0, 17734.0, 17807.0, 17970.0, 18080.0, 18327.0, 18329.0, 18452.0, 18742.0, 18745.0, 18923.0, 19002.0, 19152.0, 19196.0, 19205.0, 19278.0, 19306.0, 19365.0, 19487.0, 19541.0, 19723.0, 19843.0, 20006.0, 20478.0, 20579.0, 20617.0, 20652.0, 20697.0, 20889.0, 20907.0, 21042.0, 21138.0, 21206.0, 21451.0, 21518.0, 21640.0, 21904.0, 22143.0, 22149.0, 22162.0, 22257.0, 22292.0, 22314.0, 22513.0, 22812.0, 22844.0, 23180.0, 23228.0, 23530.0, 23617.0, 23624.0, 23631.0, 24015.0, 24124.0, 24195.0, 24223.0, 24324.0, 24393.0, 24800.0, 24828.0, 24920.0, 25079.0, 25296.0, 25549.0, 25606.0, 25795.0, 25906.0, 25908.0, 26282.0, 26442.0, 26661.0, 26670.0, 26706.0, 26880.0, 26926.0, 26930.0, 26993.0, 27135.0, 27163.0, 27180.0, 27286.0, 27297.0, 27308.0, 27376.0, 27396.0, 27461.0, 27506.0, 27670.0, 27947.0, 28204.0, 28341.0, 28437.0, 28526.0, 28595.0, 28598.0, 28690.0, 28725.0, 28829.0]","[-553.0, -284.0, -466.0, -511.0, -521.0, -340.0, -234.0, -131.0, -397.0, -272.0, -322.0, -502.0, -293.0, -154.0, -269.0, -542.0, -458.0, -268.0, -383.0, -559.0, -546.0, -92.0, -570.0, -268.0, -328.0, -468.0, -217.0, -440.0, -149.0, -338.0, -301.0, -452.0, -324.0, -123.0, -532.0, -407.0, -145.0, -505.0, -492.0, -461.0, -282.0, -572.0, -206.0, -573.0, -148.0, -566.0, -269.0, -406.0, -316.0, -108.0, -202.0, -65.0, -200.0, -363.0, -348.0, -567.0, -381.0, -84.0, -255.0, -414.0, -555.0, -480.0, -432.0, -526.0, -195.0, -376.0, -468.0, -152.0, -515.0, -151.0, -365.0, -469.0, -126.0, -459.0, -361.0, -579.0, -93.0, -315.0, -202.0, -70.0, -296.0, -594.0, -181.0, -241.0, -499.0, -448.0, -373.0, -174.0, -471.0, -432.0, -429.0, -72.0, -580.0, -171.0, -257.0, -445.0, -83.0, -309.0, -85.0, -293.0, -72.0, -563.0, -98.0, -299.0, -517.0, -544.0, -174.0, -148.0, -408.0, -156.0, -335.0, -515.0, -438.0, -79.0, -458.0, -132.0, -238.0, -275.0, -254.0, -349.0, -356.0, -157.0, -216.0, -221.0, -552.0, -346.0, -308.0, -101.0, -580.0, -552.0, -178.0, -92.0, -219.0, -444.0, -454.0, -129.0, -554.0, -585.0, -125.0, -218.0, -143.0, -168.0, -413.0, -146.0, -244.0, -559.0, -112.0, -105.0, -428.0, -234.0, -558.0, -379.0, -470.0, -309.0, -201.0, -349.0, -442.0, -67.0, -557.0, -447.0, -79.0, -358.0, -589.0, -114.0, -547.0, -310.0, -593.0, -72.0, -494.0, -362.0, -323.0, -202.0, -97.0, -398.0, -354.0, -161.0, -100.0, -126.0, -76.0, -154.0, -369.0, -183.0, -282.0, -83.0, -597.0, -378.0, -539.0, -513.0, -471.0, -109.0, -589.0, -478.0, -467.0, -372.0, -483.0, -149.0, -366.0, -304.0, -224.0, -245.0, -575.0, -545.0, -528.0, -314.0, -422.0, -145.0, -209.0, -403.0, -301.0, -277.0, -364.0, -561.0, -389.0, -424.0, -304.0, -460.0, -240.0, -410.0, -343.0, -399.0, -355.0, -427.0, -580.0, -412.0, -70.0, -91.0, -598.0, -343.0, -243.0, -229.0, -598.0, -475.0, -85.0, -507.0, -391.0, -80.0, -327.0, -122.0, -290.0, -526.0, -274.0, -590.0, -418.0, -249.0, -309.0, -366.0, -89.0, -458.0, -145.0, -509.0]","[0, 1, 2, 1, 0, 2, 1, 0, 0, 0, 1, 0, 2, 1, 0, 2, 1, 1, 0, 2, 0, 1, 1, 0, 2, 1, 0, 0, 0, 2, 1, 2, 0, 0, 0, 2, 2, 0, 1, 2, 0, 2, 0, 1, 0, 1, 2, 0, 1, 2, 0, 1, 0, 2, 2, 0, 1, 2, 1, 2, 0, 2, 1, 2, 0, 1, 0, 1, 2, 0, 1, 2, 1, 0, 0, 1, 2, 0, 2, 2, 0, 1, 1, 2, 0, 1, 2, 1, 0, 2, 1, 0, 2, 1, 2, 0, 1, 0, 1, 2, 0, 2, 2, 1, 2, 1, 0, 2, 0, 0, 2, 2, 0, 1, 2, 0, 2, 1, 0, 2, 1, 1, 2, 1, 0, 2, 0, 1, 2, 1, 0, 0, 2, 1, 0, 1, 2, 2, 0, 1, 2, 0, 2, 1, 1, 2, 0, 2, 0, 0, 0, 1, 0, 2, 2, 0, 1, 1, 2, 0, 2, 0, 1, 2, 2, 0, 1, 2, 0, 2, 1, 0, 1, 2, 0, 2, 2, 0, 1, 2, 1, 0, 2, 1, 2, 0, 2, 2, 0, 0, 2, 1, 0, 2, 1, 0, 2, 1, 0, 2, 1, 1, 2, 0, 2, 1, 0, 1, 2, 0, 1, 2, 0, 2, 2, 0, 1, 0, 2, 1, 0, 0, 2, 1, 0, 2, 0, 1, 2, 1, 0, 2, 0, 1, 2, 0, 1, 2, 0, 0, 0, 0, 0, 0, 2, 0, 1, 1, 0, 0]",3703508.0,123685.45,3703508.0,28829.0,2.1114258766174316,3703508.0,3703508.0,0.0
mip,12,makespan,3,"[601.0, 1092.0, 808.0, 1092.0, 1197.0, 1299.0, 1532.0, 1628.0, 2078.0, 2428.0, 2921.0, 2524.0, 2702.0, 2866.0, 2989.0, 2961.0, 3004.0, 3102.0, 3118.0, 3344.0, 3372.0, 3454.0, 3737.0, 3747.0, 3889.0, 3899.0, 4179.0, 4270.0, 4565.0, 4605.0, 4670.0, 4678.0, 4738.0, 5041.0, 5124.0, 5157.0, 5312.0, 5380.0, 5365.0, 5506.0, 5911.0, 5657.0, 5705.0, 5719.0, 5859.0, 5911.0, 6087.0, 6119.0, 6213.0, 6251.0, 6256.0, 6315.0, 6383.0, 6346.0, 6486.0, 6764.0, 6799.0, 6922.0, 7189.0, 7384.0, 7525.0, 7622.0, 7769.0, 8272.0, 8108.0, 8150.0, 8258.0, 8272.0, 8371.0, 8522.0, 8625.0, 8689.0, 8954.0, 9034.0, 9122.0, 9146.0, 9270.0, 9326.0, 9398.0, 9977.0, 10057.0, 10266.0, 10266.0, 10316.0, 10411.0, 10660.0, 10488.0, 10627.0, 10660.0, 10728.0, 10773.0, 11018.0, 11058.0, 11182.0, 11422.0, 11433.0, 11501.0, 11465.0, 11555.0, 11570.0, 11687.0, 11782.0, 12280.0, 12348.0, 12437.0, 12472.0, 12621.0, 12689.0, 12939.0, 13125.0, 13187.0, 13287.0, 13419.0, 13520.0, 13967.0, 13619.0, 13967.0, 14034.0, 14083.0, 14373.0, 14129.0, 14373.0, 14374.0, 14647.0, 14463.0, 14543.0, 14647.0, 14687.0, 14715.0, 14854.0, 14878.0, 15002.0, 15024.0, 15054.0, 15122.0, 15238.0, 15668.0, 15859.0, 16557.0, 15965.0, 16115.0, 16292.0, 16279.0, 16292.0, 16398.0, 16461.0, 16557.0, 16625.0, 16732.0, 17117.0, 17279.0, 17449.0, 17633.0, 17734.0, 17807.0, 18327.0, 18080.0, 18327.0, 18329.0, 18452.0, 19152.0, 18745.0, 18923.0, 19002.0, 19152.0, 19278.0, 19220.0, 19278.0, 19346.0, 19365.0, 19487.0, 19541.0, 19723.0, 19843.0, 20006.0, 20478.0, 20579.0, 20889.0, 20652.0, 20697.0, 20889.0, 20907.0, 21042.0, 21138.0, 21206.0, 21451.0, 21519.0, 21640.0, 21904.0, 22143.0, 22149.0, 22162.0, 22257.0, 22292.0, 22314.0, 22513.0, 22812.0, 22844.0, 23180.0, 23228.0, 23624.0, 23624.0, 23624.0, 23692.0, 24015.0, 24124.0, 24195.0, 24223.0, 24324.0, 24393.0, 24800.0, 24828.0, 24920.0, 25079.0, 25296.0, 25549.0, 25606.0, 25795.0, 25906.0, 25908.0, 26282.0, 26442.0, 26670.0, 26670.0, 26706.0, 27365.0, 26926.0, 27286.0, 27218.0, 27135.0, 27163.0, 27180.0, 27286.0, 27297.0, 27376.0, 27376.0, 27500.0, 27500.0, 27568.0, 27670.0, 27947.0, 28204.0, 28341.0, 28437.0, 28526.0, 28595.0, 28598.0, 28708.0, 28725.0, 28829.0]","[-553.0, 167.0, -466.0, -511.0, -521.0, -340.0, -234.0, -131.0, -397.0, -272.0, 104.0, -502.0, -293.0, -154.0, -201.0, -542.0, -458.0, -268.0, -383.0, -559.0, -546.0, -92.0, -570.0, -268.0, -328.0, -468.0, -217.0, -440.0, -149.0, -338.0, -301.0, -469.0, -280.0, -123.0, -532.0, -407.0, -145.0, -484.0, -492.0, -461.0, 90.0, -572.0, -206.0, -573.0, -148.0, -566.0, -269.0, -406.0, -316.0, -108.0, -202.0, -65.0, -186.0, -358.0, -348.0, -567.0, -381.0, -84.0, -255.0, -414.0, -555.0, -480.0, -432.0, -316.0, -195.0, -376.0, -468.0, -152.0, -446.0, -151.0, -365.0, -469.0, -126.0, -459.0, -361.0, -579.0, -93.0, -315.0, -202.0, -70.0, -296.0, -466.0, -181.0, -241.0, -499.0, -261.0, -373.0, -174.0, -471.0, -415.0, -429.0, -72.0, -580.0, -171.0, -257.0, -445.0, -26.0, -345.0, -77.0, -293.0, -72.0, -563.0, -98.0, -259.0, -517.0, -544.0, -174.0, -131.0, -408.0, -156.0, -335.0, -515.0, -438.0, -79.0, -79.0, -132.0, -238.0, -275.0, -254.0, -96.0, -356.0, -157.0, -216.0, -15.0, -499.0, -346.0, -308.0, -101.0, -575.0, -552.0, -178.0, -92.0, -219.0, -444.0, -430.0, -129.0, -554.0, -585.0, 530.0, -218.0, -143.0, -23.0, -413.0, -146.0, -244.0, -559.0, -112.0, -86.0, -428.0, -234.0, -558.0, -379.0, -470.0, -309.0, -201.0, 8.0, -442.0, -67.0, -557.0, -447.0, 331.0, -358.0, -589.0, -114.0, -547.0, -228.0, -578.0, -72.0, -454.0, -362.0, -323.0, -202.0, -97.0, -398.0, -354.0, -161.0, -100.0, 146.0, -76.0, -154.0, -369.0, -183.0, -282.0, -83.0, -597.0, -378.0, -538.0, -513.0, -471.0, -109.0, -589.0, -478.0, -467.0, -372.0, -483.0, -149.0, -366.0, -304.0, -224.0, -245.0, -481.0, -538.0, -528.0, -253.0, -422.0, -145.0, -209.0, -403.0, -301.0, -277.0, -364.0, -561.0, -389.0, -424.0, -304.0, -460.0, -240.0, -410.0, -343.0, -399.0, -355.0, -427.0, -571.0, -412.0, -70.0, 394.0, -598.0, 13.0, -18.0, -229.0, -598.0, -475.0, -85.0, -507.0, -323.0, -80.0, -223.0, -83.0, -228.0, -526.0, -274.0, -590.0, -418.0, -249.0, -309.0, -366.0, -89.0, -440.0, -145.0, -509.0]","[0, 1, 2, 0, 2, 0, 1, 2, 0, 2, 1, 2, 2, 2, 1, 0, 2, 0, 2, 2, 0, 2, 0, 1, 1, 0, 0, 2, 1, 2, 0, 1, 0, 0, 0, 1, 0, 0, 2, 0, 0, 0, 1, 2, 1, 2, 2, 0, 0, 1, 2, 0, 0, 2, 2, 2, 1, 2, 0, 0, 2, 2, 1, 0, 0, 1, 2, 1, 2, 0, 0, 2, 2, 0, 1, 2, 1, 0, 2, 2, 2, 2, 0, 1, 0, 1, 1, 2, 0, 0, 2, 0, 2, 0, 1, 2, 2, 0, 0, 2, 0, 0, 2, 1, 2, 1, 1, 1, 0, 0, 2, 2, 0, 2, 1, 1, 0, 2, 1, 0, 2, 1, 2, 0, 0, 0, 2, 1, 2, 0, 1, 2, 0, 1, 1, 2, 0, 0, 1, 0, 1, 0, 2, 1, 2, 0, 0, 1, 2, 0, 0, 1, 2, 2, 0, 2, 2, 0, 1, 1, 0, 2, 0, 2, 2, 0, 2, 1, 1, 0, 1, 2, 2, 1, 1, 2, 0, 0, 1, 0, 1, 2, 0, 2, 1, 2, 0, 2, 1, 1, 2, 0, 0, 1, 2, 2, 0, 1, 2, 0, 2, 1, 0, 2, 1, 2, 1, 2, 0, 1, 0, 2, 2, 2, 0, 1, 2, 1, 1, 0, 0, 0, 2, 1, 0, 2, 0, 0, 0, 0, 1, 2, 1, 2, 1, 0, 2, 1, 2, 1, 1, 0, 1, 0, 1, 2, 0, 2, 0, 0]",28829.0,119019.25,3710033.0,28829.0,1.6833348274230957,28829.0,28829.0,0.0
mip,13,penalty,1,"[709.0, 1255.0, 1617.0, 1504.0, 1368.0, 1436.0, 1836.0, 2316.0, 2406.0, 2133.0, 2248.0, 2651.0, 2903.0, 2571.0, 3061.0, 2971.0, 2835.0, 2767.0, 3174.0, 3242.0, 3332.0, 3811.0, 3743.0, 3607.0, 3675.0, 3879.0, 4113.0, 3978.0, 4344.0, 4254.0, 4186.0, 4662.0, 4964.0, 4761.0, 5250.0, 5431.0, 5778.0, 5363.0, 5507.0, 5688.0, 5575.0, 5984.0, 5916.0, 6210.0, 6142.0, 6074.0, 6278.0, 6414.0, 6346.0, 6700.0, 6993.0, 6790.0, 6903.0, 7129.0, 7061.0, 7785.0, 7310.0, 7446.0, 7378.0, 7197.0, 7604.0, 7514.0, 7853.0, 7717.0, 8270.0, 8351.0, 8067.0, 8202.0, 8713.0, 8555.0, 8848.0, 8645.0, 8916.0, 9074.0, 9006.0, 9144.0, 9430.0, 9595.0, 9889.0, 9799.0, 9957.0, 9663.0, 9731.0, 10314.0, 10149.0, 10081.0, 10382.0, 10791.0, 10949.0, 11424.0, 11809.0, 11673.0, 11334.0, 11537.0, 11741.0, 11605.0, 12032.0, 12419.0, 12682.0, 12750.0, 13069.0, 12888.0, 13159.0, 13001.0, 13249.0, 13362.0, 13532.0, 13464.0, 13939.0, 13645.0, 13871.0, 14346.0, 14256.0, 13735.0, 13803.0, 14052.0, 14188.0, 14120.0, 14549.0, 14414.0, 14666.0, 15163.0, 15027.0, 14824.0, 14914.0, 14734.0, 15095.0, 15592.0, 15411.0, 15321.0, 15524.0, 15253.0, 16004.0, 15914.0, 16245.0, 16094.0, 16466.0, 16534.0, 16602.0, 16846.0, 16756.0, 16959.0, 17027.0, 17309.0, 17117.0, 17716.0, 17580.0, 17399.0, 17784.0, 17512.0, 17897.0, 17648.0, 17965.0, 18204.0, 18774.0, 19183.0, 19386.0, 19115.0, 19318.0, 19657.0, 19454.0, 19725.0, 19793.0, 19544.0, 20095.0, 20230.0, 20507.0, 20426.0, 20855.0, 21208.0, 21654.0, 21753.0, 22077.0, 21851.0, 22229.0, 22517.0, 22720.0, 22607.0, 22948.0, 23038.0, 23106.0, 23241.0, 23422.0, 23309.0, 23511.0, 23885.0, 24089.0, 23817.0, 23727.0, 24021.0, 23953.0, 24179.0, 24359.0, 24269.0, 24662.0, 24594.0, 24812.0, 25059.0, 24969.0, 25127.0, 25308.0, 25240.0, 25384.0, 25474.0, 25803.0, 25871.0, 26058.0, 25990.0, 26487.0, 26307.0, 26126.0, 26397.0, 26600.0, 26668.0, 26239.0, 26804.0, 26736.0, 26894.0, 26962.0, 27174.0, 27106.0, 27264.0, 27403.0, 27606.0, 27674.0, 27810.0, 27742.0, 27493.0, 27923.0, 28059.0, 28149.0, 27991.0, 28217.0, 28285.0, 28443.0, 28353.0, 28940.0, 28533.0, 28850.0, 28714.0, 28782.0, 29053.0, 28646.0, 29431.0, 29363.0, 29121.0, 29242.0, 29544.0, 29817.0, 29930.0, 29998.0, 30586.0, 30360.0, 30247.0, 30066.0, 30428.0, 30496.0, 30179.0, 30789.0, 30862.0, 30676.0, 31259.0, 31410.0, 30988.0, 31123.0, 31191.0, 31342.0, 31657.0, 31521.0, 31589.0, 31770.0, 31838.0, 31995.0, 32244.0, 32176.0, 32063.0, 32402.0, 32605.0, 32334.0, 32492.0, 33034.0, 32741.0, 32921.0, 32673.0, 32831.0, 33328.0, 33531.0, 33102.0, 33735.0, 33260.0, 33192.0, 33984.0, 33418.0, 33667.0, 34210.0, 33848.0, 33916.0, 34120.0, 33599.0, 34052.0, 34434.0, 34592.0, 34524.0, 34321.0, 34990.0, 35080.0, 35215.0, 35557.0, 35467.0, 35310.0, 35865.0, 35729.0, 35797.0, 36350.0, 36724.0, 36656.0, 36927.0, 36859.0, 37085.0, 36475.0, 36588.0, 36995.0, 37175.0, 37645.0, 37443.0, 37330.0, 37995.0, 37769.0, 38063.0, 37859.0, 37927.0, 38153.0, 38605.0, 38334.0, 38402.0, 38266.0, 38492.0, 38770.0, 38952.0, 38838.0, 38702.0, 39156.0, 39088.0, 39020.0, 39349.0, 39556.0, 39466.0, 39947.0, 40149.0, 40399.0, 40059.0, 40467.0, 40554.0, 40746.0, 40859.0, 40927.0, 40678.0, 40995.0, 41108.0, 41380.0, 41244.0, 41312.0, 41176.0, 41719.0, 41787.0, 41515.0, 41583.0, 41651.0, 41900.0, 41968.0, 42194.0, 42104.0, 42036.0, 42397.0, 42284.0, 42533.0, 42465.0, 42601.0, 43008.0, 42872.0, 43212.0, 42714.0, 42940.0, 42782.0, 43144.0, 43393.0, 43325.0, 43574.0, 43076.0, 43642.0, 43461.0, 43786.0, 43854.0, 44266.0, 43926.0, 44135.0, 44515.0, 44334.0, 44447.0, 44583.0, 44696.0, 45181.0, 45355.0, 45649.0, 45287.0, 45762.0, 45423.0, 46056.0, 45513.0, 45920.0, 45581.0, 45988.0, 46124.0, 45852.0, 46557.0, 46489.0, 46196.0, 46715.0, 46286.0, 46376.0, 47411.0, 46828.0, 46918.0, 46625.0, 46986.0, 47122.0, 47212.0, 47054.0, 47343.0, 47640.0, 47708.0, 47516.0, 47821.0, 48137.0, 48386.0, 47889.0, 47957.0, 48522.0, 48047.0, 48590.0, 48318.0, 48454.0, 48250.0, 49073.0, 49235.0, 48943.0, 49416.0, 49303.0, 49506.0, 49891.0, 49709.0, 50393.0, 50325.0, 50461.0, 50671.0, 50942.0, 50603.0, 50739.0, 50807.0, 51112.0, 51275.0, 51501.0, 51365.0, 51433.0, 51750.0, 51840.0, 51569.0, 51682.0, 51930.0, 52110.0, 52020.0, 52892.0, 52485.0, 52734.0, 52802.0, 52666.0, 52598.0, 53005.0, 53289.0, 53447.0, 53357.0, 53615.0, 53515.0, 53221.0, 53931.0, 53683.0, 53841.0, 53751.0, 54134.0, 54021.0, 54586.0, 54496.0, 54292.0, 54360.0, 54202.0, 54699.0, 54925.0, 54767.0, 54428.0, 54835.0]","[0.0, -43.0, 43.0, 0.0, -32.0, 22.0, 0.0, 0.0, 21.0, 0.0, -120.0, 0.0, -44.0, 0.0, -3.0, 25.0, -96.0, -308.0, 0.0, 41.0, 9.0, 131.0, -9.0, -76.0, 0.0, 32.0, 0.0, -49.0, 34.0, 0.0, -45.0, 0.0, 0.0, 0.0, -33.0, 12.0, 64.0, 0.0, -111.0, 0.0, -83.0, 17.0, -27.0, 0.0, -1.0, -83.0, 66.0, 305.0, 25.0, -53.0, -96.0, -147.0, -138.0, -28.0, -145.0, 171.0, 41.0, 0.0, 30.0, -93.0, -3.0, 62.0, 9.0, 11.0, 27.0, 0.0, -88.0, 0.0, -53.0, -96.0, -1.0, 0.0, 35.0, 52.0, 17.0, 0.0, 0.0, -43.0, 24.0, 0.0, 63.0, -36.0, -59.0, 0.0, 0.0, -45.0, 22.0, 0.0, 0.0, -3.0, 117.0, 29.0, 0.0, -10.0, 115.0, -11.0, 0.0, 0.0, -31.0, 0.0, 0.0, -165.0, 31.0, -61.0, 102.0, 118.0, -143.0, -29.0, 19.0, -154.0, -4.0, 255.0, 2.0, -67.0, 0.0, -3.0, 61.0, 60.0, 54.0, -2.0, -137.0, 50.0, 4.0, -16.0, -19.0, -127.0, 73.0, 84.0, 0.0, 0.0, 2.0, -10.0, 0.0, -51.0, 0.0, 0.0, -97.0, 0.0, 22.0, -43.0, -16.0, 0.0, 27.0, 0.0, 31.0, 31.0, -4.0, 25.0, 0.0, -54.0, 29.0, -33.0, 45.0, 0.0, 0.0, -52.0, -6.0, -365.0, 0.0, 179.0, -34.0, 7.0, 17.0, 9.0, 0.0, 46.0, 0.0, 0.0, 0.0, 0.0, 0.0, 0.0, 0.0, 0.0, 0.0, 0.0, 54.0, -19.0, 0.0, -6.0, -106.0, 0.0, 23.0, 2.0, 0.0, -14.0, 82.0, -11.0, -215.0, 7.0, -16.0, 92.0, 358.0, 0.0, 80.0, 0.0, 0.0, -6.0, 0.0, 20.0, 152.0, -2.0, 0.0, 36.0, 0.0, 5.0, -152.0, -1.0, 27.0, -22.0, -57.0, -29.0, 102.0, 182.0, -61.0, 35.0, 23.0, 0.0, 53.0, 0.0, -102.0, 28.0, -98.0, -15.0, 5.0, 118.0, 58.0, -129.0, -44.0, -22.0, 1.0, -58.0, 65.0, 111.0, 130.0, 48.0, 161.0, -64.0, 70.0, 46.0, 148.0, 79.0, -11.0, -11.0, 0.0, 43.0, 0.0, 2.0, -43.0, 0.0, -61.0, 255.0, 10.0, -54.0, -59.0, 11.0, 0.0, -22.0, 68.0, 0.0, 68.0, 46.0, 25.0, -224.0, -28.0, 0.0, 0.0, 33.0, -83.0, -6.0, 0.0, 42.0, -5.0, -23.0, -213.0, -400.0, -49.0, 37.0, -41.0, -49.0, 27.0, -16.0, -79.0, -59.0, -14.0, 13.0, 48.0, 22.0, 267.0, -43.0, 0.0, 410.0, 36.0, 238.0, 496.0, 186.0, 337.0, 240.0, 0.0, 37.0, -8.0, 79.0, 0.0, -95.0, -84.0, 0.0, 39.0, 0.0, -20.0, 0.0, 3.0, 0.0, -10.0, 0.0, 0.0, -36.0, 67.0, -7.0, 270.0, -65.0, -34.0, 161.0, 408.0, 0.0, 0.0, -51.0, 0.0, -50.0, 66.0, -11.0, -46.0, 10.0, 117.0, -10.0, 8.0, -47.0, 34.0, 8.0, 0.0, 0.0, -1.0, 190.0, -9.0, 103.0, 0.0, 0.0, -33.0, 0.0, 36.0, -64.0, 0.0, 0.0, 0.0, -54.0, 33.0, -3.0, -2.0, -87.0, -10.0, 44.0, -103.0, 1.0, 8.0, -1.0, 34.0, -131.0, -62.0, -64.0, -186.0, -142.0, 0.0, -245.0, -53.0, 0.0, -213.0, -40.0, -140.0, -150.0, 52.0, 15.0, 140.0, -23.0, 40.0, -87.0, 113.0, 36.0, 194.0, 137.0, 46.0, 10.0, 35.0, -28.0, 0.0, -129.0, 0.0, 0.0, 52.0, -48.0, 0.0, 64.0, 58.0, 0.0, -52.0, -4.0, -332.0, 0.0, -11.0, 130.0, -100.0, 55.0, -57.0, 230.0, 135.0, 3.0, -4.0, 48.0, -184.0, 123.0, -67.0, -11.0, 692.0, 72.0, 217.0, 4.0, 28.0, 203.0, 72.0, 2.0, 0.0, 0.0, -140.0, 0.0, -3.0, -62.0, 103.0, -133.0, -197.0, 61.0, -32.0, 297.0, 6.0, 33.0, 23.0, 0.0, -54.0, 0.0, 0.0, -29.0, 89.0, 0.0, 0.0, -46.0, 0.0, 19.0, -53.0, 31.0, 0.0, -52.0, 17.0, 0.0, -248.0, -6.0, -19.0, -36.0, 0.0, 63.0, 0.0, 38.0, 57.0, 1.0, 9.0, 198.0, -117.0, 0.0, 115.0, -6.0, -63.0, 237.0, 2.0, 62.0, -5.0, -19.0, 158.0, 0.0, -27.0, -14.0, -271.0, -17.0, -25.0, -110.0, 254.0, 93.0, 125.0, -13.0, 33.0, 0.0, 156.0, 33.0, 12.0, 47.0]","[0, 0, 0, 0, 0, 0, 0, 0, 0, 0, 0, 0, 0, 0, 0, 0, 0, 0, 0, 0, 0, 0, 0, 0, 0, 0, 0, 0, 0, 0, 0, 0, 0, 0, 0, 0, 0, 0, 0, 0, 0, 0, 0, 0, 0, 0, 0, 0, 0, 0, 0, 0, 0, 0, 0, 0, 0, 0, 0, 0, 0, 0, 0, 0, 0, 0, 0, 0, 0, 0, 0, 0, 0, 0, 0, 0, 0, 0, 0, 0, 0, 0, 0, 0, 0, 0, 0, 0, 0, 0, 0, 0, 0, 0, 0, 0, 0, 0, 0, 0, 0, 0, 0, 0, 0, 0, 0, 0, 0, 0, 0, 0, 0, 0, 0, 0, 0, 0, 0, 0, 0, 0, 0, 0, 0, 0, 0, 0, 0, 0, 0, 0, 0, 0, 0, 0, 0, 0, 0, 0, 0, 0, 0, 0, 0, 0, 0, 0, 0, 0, 0, 0, 0, 0, 0, 0, 0, 0, 0, 0, 0, 0, 0, 0, 0, 0, 0, 0, 0, 0, 0, 0, 0, 0, 0, 0, 0, 0, 0, 0, 0, 0, 0, 0, 0, 0, 0, 0, 0, 0, 0, 0, 0, 0, 0, 0, 0, 0, 0, 0, 0, 0, 0, 0, 0, 0, 0, 0, 0, 0, 0, 0, 0, 0, 0, 0, 0, 0, 0, 0, 0, 0, 0, 0, 0, 0, 0, 0, 0, 0, 0, 0, 0, 0, 0, 0, 0, 0, 0, 0, 0, 0, 0, 0, 0, 0, 0, 0, 0, 0, 0, 0, 0, 0, 0, 0, 0, 0, 0, 0, 0, 0, 0, 0, 0, 0, 0, 0, 0, 0, 0, 0, 0, 0, 0, 0, 0, 0, 0, 0, 0, 0, 0, 0, 0, 0, 0, 0, 0, 0, 0, 0, 0, 0, 0, 0, 0, 0, 0, 0, 0, 0, 0, 0, 0, 0, 0, 0, 0, 0, 0, 0, 0, 0, 0, 0, 0, 0, 0, 0, 0, 0, 0, 0, 0, 0, 0, 0, 0, 0, 0, 0, 0, 0, 0, 0, 0, 0, 0, 0, 0, 0, 0, 0, 0, 0, 0, 0, 0, 0, 0, 0, 0, 0, 0, 0, 0, 0, 0, 0, 0, 0, 0, 0, 0, 0, 0, 0, 0, 0, 0, 0, 0, 0, 0, 0, 0, 0, 0, 0, 0, 0, 0, 0, 0, 0, 0, 0, 0, 0, 0, 0, 0, 0, 0, 0, 0, 0, 0, 0, 0, 0, 0, 0, 0, 0, 0, 0, 0, 0, 0, 0, 0, 0, 0, 0, 0, 0, 0, 0, 0, 0, 0, 0, 0, 0, 0, 0, 0, 0, 0, 0, 0, 0, 0, 0, 0, 0, 0, 0, 0, 0, 0, 0, 0, 0, 0, 0, 0, 0, 0, 0, 0, 0, 0, 0, 0, 0, 0, 0, 0, 0, 0, 0, 0, 0, 0, 0, 0, 0, 0, 0, 0, 0, 0, 0, 0, 0, 0, 0, 0, 0, 0, 0, 0, 0, 0, 0, 0, 0, 0, 0, 0, 0, 0, 0, 0, 0, 0, 0]",37605.56999999999,37605.57,14487090.0,54925.0,301.71199107170105,37605.56999999999,19543.094184678754,0.4803138422133009
mip,13,total_time,1,"[601.0, 1187.0, 1029.0, 1097.0, 1304.0, 1372.0, 1631.0, 1725.0, 1848.0, 1961.0, 2190.0, 2345.0, 2435.0, 2503.0, 2571.0, 2661.0, 2842.0, 2774.0, 2910.0, 3004.0, 3162.0, 3298.0, 3230.0, 3388.0, 3456.0, 3524.0, 3698.0, 3766.0, 3856.0, 4012.0, 4125.0, 4393.0, 4511.0, 4675.0, 4942.0, 5153.0, 5289.0, 5221.0, 5425.0, 5357.0, 5522.0, 5642.0, 5710.0, 5800.0, 5936.0, 5868.0, 6004.0, 6072.0, 6191.0, 6581.0, 6513.0, 6671.0, 6784.0, 6893.0, 6983.0, 7122.0, 7258.0, 7326.0, 7190.0, 7394.0, 7664.0, 7484.0, 7574.0, 7777.0, 7901.0, 7969.0, 8037.0, 8172.0, 8240.0, 8353.0, 8511.0, 8443.0, 8579.0, 8647.0, 8737.0, 8805.0, 8930.0, 9156.0, 9275.0, 9348.0, 9432.0, 9500.0, 9597.0, 9715.0, 9791.0, 9904.0, 10258.0, 10371.0, 10631.0, 10879.0, 11124.0, 11237.0, 11509.0, 11305.0, 11373.0, 11441.0, 11751.0, 12278.0, 12414.0, 12346.0, 12596.0, 12686.0, 12776.0, 12889.0, 12975.0, 13123.0, 13191.0, 13322.0, 13501.0, 13818.0, 13750.0, 13614.0, 13682.0, 14248.0, 14022.0, 13886.0, 13954.0, 14090.0, 14180.0, 14384.0, 14316.0, 14563.0, 14653.0, 14901.0, 14811.0, 14721.0, 15218.0, 15014.0, 15376.0, 15286.0, 15082.0, 15150.0, 15575.0, 15837.0, 15769.0, 15968.0, 16081.0, 16149.0, 16432.0, 16579.0, 16669.0, 16782.0, 16851.0, 16928.0, 17018.0, 17182.0, 17340.0, 17272.0, 17612.0, 17408.0, 17476.0, 17544.0, 17827.0, 18064.0, 18385.0, 18785.0, 18898.0, 18966.0, 19056.0, 19124.0, 19233.0, 19346.0, 19414.0, 19504.0, 19594.0, 19795.0, 20061.0, 20174.0, 20647.0, 21103.0, 21216.0, 21415.0, 21491.0, 21604.0, 21741.0, 22118.0, 22328.0, 22215.0, 22396.0, 22585.0, 22781.0, 22921.0, 22989.0, 23172.0, 23324.0, 23414.0, 23550.0, 23482.0, 23816.0, 23680.0, 23748.0, 23974.0, 23884.0, 24064.0, 24177.0, 24380.0, 24267.0, 24643.0, 24711.0, 24779.0, 24907.0, 25028.0, 25320.0, 25252.0, 25494.0, 25776.0, 25963.0, 25895.0, 26121.0, 26031.0, 26301.0, 26211.0, 26618.0, 26550.0, 26414.0, 26482.0, 26686.0, 26776.0, 26934.0, 26844.0, 27227.0, 27024.0, 27114.0, 27295.0, 27363.0, 27589.0, 27431.0, 27499.0, 27770.0, 27702.0, 27928.0, 27838.0, 28064.0, 27996.0, 28132.0, 28787.0, 28222.0, 28312.0, 28402.0, 28515.0, 28719.0, 28583.0, 28651.0, 28917.0, 29098.0, 29030.0, 29256.0, 29188.0, 29346.0, 29618.0, 29740.0, 30125.0, 29808.0, 29876.0, 30305.0, 29989.0, 30215.0, 30057.0, 30423.0, 30491.0, 30581.0, 30828.0, 30896.0, 31122.0, 30986.0, 31054.0, 31328.0, 31215.0, 31532.0, 31464.0, 31396.0, 31623.0, 31758.0, 31826.0, 31894.0, 31966.0, 32056.0, 32169.0, 32259.0, 32437.0, 32550.0, 32708.0, 32618.0, 33159.0, 32798.0, 32888.0, 33227.0, 33091.0, 32978.0, 33589.0, 33385.0, 33521.0, 34200.0, 33295.0, 33861.0, 33453.0, 33725.0, 34290.0, 33793.0, 33657.0, 33974.0, 34064.0, 34132.0, 34380.0, 34645.0, 34735.0, 34870.0, 35154.0, 35403.0, 35267.0, 35335.0, 35571.0, 35639.0, 36035.0, 36589.0, 36295.0, 36363.0, 36453.0, 36769.0, 36679.0, 36521.0, 36949.0, 36859.0, 37062.0, 37138.0, 37206.0, 37560.0, 37695.0, 37763.0, 37876.0, 37944.0, 38012.0, 38125.0, 38193.0, 38329.0, 38261.0, 38419.0, 38532.0, 38672.0, 38957.0, 38604.0, 39047.0, 38740.0, 38808.0, 38889.0, 39210.0, 39300.0, 39430.0, 39533.0, 39954.0, 40022.0, 40203.0, 40135.0, 40271.0, 40384.0, 40452.0, 40520.0, 40628.0, 40742.0, 41064.0, 40855.0, 40996.0, 40928.0, 41177.0, 41245.0, 41432.0, 41513.0, 41581.0, 41782.0, 41894.0, 41962.0, 42142.0, 42459.0, 42323.0, 42052.0, 42255.0, 42391.0, 42957.0, 42527.0, 42753.0, 43342.0, 42595.0, 42685.0, 42821.0, 43274.0, 42889.0, 43138.0, 43070.0, 43206.0, 43522.0, 43432.0, 43635.0, 43703.0, 43862.0, 43930.0, 44035.0, 44308.0, 44125.0, 44240.0, 44376.0, 44516.0, 44737.0, 44989.0, 45226.0, 45475.0, 45339.0, 45407.0, 45543.0, 45905.0, 45701.0, 45837.0, 45769.0, 45611.0, 45973.0, 46041.0, 46131.0, 46199.0, 46469.0, 46379.0, 46289.0, 46649.0, 46762.0, 46920.0, 46559.0, 46830.0, 47146.0, 47056.0, 46988.0, 47259.0, 47327.0, 47395.0, 47485.0, 47598.0, 47666.0, 47810.0, 47878.0, 48232.0, 47946.0, 48412.0, 48322.0, 48014.0, 48087.0, 48164.0, 48583.0, 48824.0, 48914.0, 49144.0, 49212.0, 49347.0, 49455.0, 49635.0, 49993.0, 50061.0, 50129.0, 50428.0, 50360.0, 50518.0, 50593.0, 50661.0, 50863.0, 50960.0, 51064.0, 51132.0, 51200.0, 51268.0, 51407.0, 51497.0, 51610.0, 51686.0, 51849.0, 51939.0, 52198.0, 52288.0, 52401.0, 52537.0, 52469.0, 52650.0, 52740.0, 52810.0, 52900.0, 52968.0, 53069.0, 53228.0, 53138.0, 53569.0, 54066.0, 53659.0, 53749.0, 54134.0, 54745.0, 54655.0, 54202.0, 53862.0, 53930.0, 53998.0, 54383.0, 54315.0, 54519.0, 54451.0, 54587.0]","[-108.0, -111.0, -545.0, -407.0, -96.0, -42.0, -205.0, -591.0, -537.0, -172.0, -178.0, -306.0, -512.0, -68.0, -493.0, -285.0, -89.0, -301.0, -264.0, -197.0, -161.0, -382.0, -522.0, -295.0, -219.0, -323.0, -415.0, -261.0, -454.0, -242.0, -106.0, -269.0, -453.0, -86.0, -341.0, -266.0, -425.0, -142.0, -193.0, -331.0, -136.0, -325.0, -233.0, -410.0, -207.0, -289.0, -208.0, -37.0, -130.0, -172.0, -576.0, -266.0, -257.0, -264.0, -223.0, -492.0, -11.0, -120.0, -158.0, 104.0, 57.0, 32.0, -270.0, 71.0, -342.0, -382.0, -118.0, -30.0, -526.0, -298.0, -338.0, -202.0, -302.0, -375.0, -252.0, -339.0, -500.0, -482.0, -590.0, -451.0, -462.0, -199.0, -193.0, -599.0, -358.0, -222.0, -102.0, -420.0, -318.0, -548.0, -568.0, -407.0, 175.0, -242.0, -253.0, -175.0, -281.0, -141.0, -299.0, -404.0, -473.0, -367.0, -352.0, -173.0, -172.0, -121.0, -484.0, -171.0, -419.0, 19.0, -125.0, -477.0, -572.0, 446.0, 219.0, -169.0, -173.0, 30.0, -315.0, -32.0, -487.0, -550.0, -370.0, 61.0, -122.0, -140.0, 196.0, -494.0, -35.0, -35.0, -440.0, -113.0, -429.0, -128.0, -476.0, -126.0, -482.0, -385.0, -148.0, -310.0, -103.0, -177.0, -149.0, -381.0, -68.0, -503.0, -244.0, -102.0, -172.0, -158.0, -392.0, -137.0, -93.0, -140.0, -389.0, -450.0, -494.0, -514.0, -262.0, -354.0, -255.0, -372.0, -362.0, -31.0, -501.0, -389.0, -446.0, -252.0, -208.0, -105.0, -438.0, -338.0, -586.0, -247.0, -488.0, -399.0, -338.0, -411.0, -552.0, -459.0, -431.0, -320.0, -410.0, -135.0, -187.0, -485.0, -457.0, -346.0, -126.0, -334.0, -221.0, -113.0, -117.0, -205.0, -405.0, -214.0, -545.0, -422.0, -258.0, -328.0, -249.0, -214.0, -64.0, -186.0, -309.0, -90.0, -247.0, -96.0, -339.0, -298.0, 118.0, -215.0, 120.0, 64.0, 114.0, -287.0, -27.0, -118.0, 25.0, -330.0, 19.0, -212.0, -387.0, -326.0, -306.0, -103.0, -253.0, -123.0, -197.0, -379.0, -220.0, -211.0, -88.0, -178.0, -181.0, 482.0, -557.0, -285.0, -378.0, -153.0, 85.0, -391.0, -6.0, -525.0, -265.0, -48.0, 14.0, -354.0, -514.0, -312.0, -319.0, -206.0, -542.0, -425.0, 180.0, -428.0, -281.0, -144.0, -298.0, -371.0, -27.0, -385.0, -489.0, -90.0, -165.0, -137.0, -14.0, -409.0, -72.0, -131.0, -374.0, -173.0, -242.0, -441.0, -495.0, -497.0, -395.0, -399.0, -116.0, -104.0, -457.0, -49.0, -382.0, 427.0, -47.0, -427.0, -256.0, 11.0, -490.0, 286.0, 193.0, -53.0, 818.0, -134.0, 147.0, -209.0, 146.0, 410.0, 194.0, -358.0, -468.0, -449.0, -392.0, -36.0, -429.0, -345.0, -306.0, -403.0, -84.0, -43.0, -527.0, -158.0, -168.0, -315.0, -135.0, -397.0, -497.0, -413.0, -46.0, 139.0, -101.0, 115.0, 92.0, -583.0, -305.0, -175.0, -435.0, -124.0, -234.0, 6.0, -29.0, -131.0, -363.0, -151.0, -65.0, -52.0, -39.0, -230.0, -280.0, 119.0, -99.0, 81.0, -357.0, -109.0, -460.0, -346.0, -199.0, -517.0, -580.0, -509.0, -37.0, -264.0, -419.0, -529.0, -442.0, -478.0, -160.0, -454.0, -376.0, -272.0, -492.0, -315.0, -240.0, -543.0, -508.0, -214.0, -132.0, -134.0, -304.0, -216.0, -232.0, -207.0, 370.0, -74.0, -445.0, -318.0, -214.0, 206.0, -429.0, -104.0, 270.0, -142.0, -215.0, -48.0, 243.0, -468.0, 7.0, -367.0, 176.0, -110.0, 6.0, -179.0, -151.0, -533.0, 4.0, -100.0, -155.0, -257.0, -207.0, -143.0, -122.0, -444.0, -418.0, -427.0, -144.0, -423.0, -27.0, -383.0, 292.0, -164.0, 199.0, 11.0, -378.0, 124.0, -520.0, -310.0, -181.0, -123.0, 26.0, -98.0, -70.0, 6.0, 219.0, -62.0, -128.0, 227.0, -84.0, -64.0, -84.0, -313.0, -453.0, -31.0, -226.0, -533.0, -473.0, -144.0, 78.0, -515.0, 333.0, 29.0, -298.0, -334.0, -63.0, -490.0, -465.0, -29.0, -272.0, -120.0, -70.0, -436.0, -74.0, -446.0, -264.0, -313.0, -296.0, -551.0, -85.0, -198.0, -129.0, -249.0, -563.0, -443.0, -252.0, -269.0, -482.0, -370.0, -72.0, -34.0, -187.0, -260.0, -72.0, -496.0, -314.0, -333.0, -150.0, -203.0, -11.0, -28.0, -477.0, -485.0, -394.0, -565.0, -129.0, -83.0, -389.0, 369.0, -453.0, -19.0, -25.0, 614.0, 323.0, -201.0, -305.0, -443.0, -171.0, -316.0, -454.0, -215.0, 35.0, -201.0]","[0, 0, 0, 0, 0, 0, 0, 0, 0, 0, 0, 0, 0, 0, 0, 0, 0, 0, 0, 0, 0, 0, 0, 0, 0, 0, 0, 0, 0, 0, 0, 0, 0, 0, 0, 0, 0, 0, 0, 0, 0, 0, 0, 0, 0, 0, 0, 0, 0, 0, 0, 0, 0, 0, 0, 0, 0, 0, 0, 0, 0, 0, 0, 0, 0, 0, 0, 0, 0, 0, 0, 0, 0, 0, 0, 0, 0, 0, 0, 0, 0, 0, 0, 0, 0, 0, 0, 0, 0, 0, 0, 0, 0, 0, 0, 0, 0, 0, 0, 0, 0, 0, 0, 0, 0, 0, 0, 0, 0, 0, 0, 0, 0, 0, 0, 0, 0, 0, 0, 0, 0, 0, 0, 0, 0, 0, 0, 0, 0, 0, 0, 0, 0, 0, 0, 0, 0, 0, 0, 0, 0, 0, 0, 0, 0, 0, 0, 0, 0, 0, 0, 0, 0, 0, 0, 0, 0, 0, 0, 0, 0, 0, 0, 0, 0, 0, 0, 0, 0, 0, 0, 0, 0, 0, 0, 0, 0, 0, 0, 0, 0, 0, 0, 0, 0, 0, 0, 0, 0, 0, 0, 0, 0, 0, 0, 0, 0, 0, 0, 0, 0, 0, 0, 0, 0, 0, 0, 0, 0, 0, 0, 0, 0, 0, 0, 0, 0, 0, 0, 0, 0, 0, 0, 0, 0, 0, 0, 0, 0, 0, 0, 0, 0, 0, 0, 0, 0, 0, 0, 0, 0, 0, 0, 0, 0, 0, 0, 0, 0, 0, 0, 0, 0, 0, 0, 0, 0, 0, 0, 0, 0, 0, 0, 0, 0, 0, 0, 0, 0, 0, 0, 0, 0, 0, 0, 0, 0, 0, 0, 0, 0, 0, 0, 0, 0, 0, 0, 0, 0, 0, 0, 0, 0, 0, 0, 0, 0, 0, 0, 0, 0, 0, 0, 0, 0, 0, 0, 0, 0, 0, 0, 0, 0, 0, 0, 0, 0, 0, 0, 0, 0, 0, 0, 0, 0, 0, 0, 0, 0, 0, 0, 0, 0, 0, 0, 0, 0, 0, 0, 0, 0, 0, 0, 0, 0, 0, 0, 0, 0, 0, 0, 0, 0, 0, 0, 0, 0, 0, 0, 0, 0, 0, 0, 0, 0, 0, 0, 0, 0, 0, 0, 0, 0, 0, 0, 0, 0, 0, 0, 0, 0, 0, 0, 0, 0, 0, 0, 0, 0, 0, 0, 0, 0, 0, 0, 0, 0, 0, 0, 0, 0, 0, 0, 0, 0, 0, 0, 0, 0, 0, 0, 0, 0, 0, 0, 0, 0, 0, 0, 0, 0, 0, 0, 0, 0, 0, 0, 0, 0, 0, 0, 0, 0, 0, 0, 0, 0, 0, 0, 0, 0, 0, 0, 0, 0, 0, 0, 0, 0, 0, 0, 0, 0, 0, 0, 0, 0, 0, 0, 0, 0, 0, 0, 0, 0, 0, 0, 0, 0, 0, 0, 0, 0, 0, 0, 0, 0, 0, 0, 0, 0, 0, 0, 0, 0, 0, 0, 0, 0, 0, 0, 0, 0, 0, 0, 0, 0, 0, 0, 0]",14370270.0,200898.49,14370270.0,54745.0,301.859050989151,14370270.0,14345034.534873372,0.0017560884469552803
mip,13,makespan,1,"[1300.0, 1187.0, 1029.0, 1097.0, 1821.0, 2542.0, 3377.0, 3038.0, 2948.0, 2100.0, 2190.0, 3513.0, 2406.0, 2474.0, 2858.0, 2768.0, 2632.0, 2700.0, 3151.0, 3581.0, 3309.0, 3830.0, 3241.0, 3762.0, 3445.0, 3649.0, 4033.0, 4101.0, 3898.0, 4832.0, 4214.0, 5125.0, 4922.0, 5012.0, 5736.0, 6007.0, 5600.0, 5283.0, 5193.0, 5351.0, 6671.0, 5668.0, 6075.0, 6165.0, 6233.0, 5849.0, 5917.0, 6378.0, 6301.0, 6581.0, 6513.0, 6761.0, 6961.0, 6893.0, 7051.0, 7808.0, 7137.0, 7718.0, 7205.0, 7605.0, 7335.0, 7425.0, 7515.0, 7876.0, 8025.0, 7957.0, 8102.0, 8237.0, 8687.0, 8381.0, 8619.0, 8313.0, 8828.0, 9014.0, 8946.0, 9090.0, 9180.0, 9579.0, 9647.0, 9715.0, 9851.0, 9783.0, 9919.0, 10009.0, 10077.0, 10190.0, 10258.0, 10371.0, 11185.0, 11253.0, 12482.0, 11366.0, 11502.0, 11434.0, 11683.0, 11615.0, 11751.0, 12278.0, 12414.0, 12346.0, 14333.0, 12698.0, 13072.0, 12811.0, 12982.0, 13520.0, 13162.0, 14446.0, 13948.0, 13595.0, 14129.0, 13685.0, 14061.0, 13812.0, 14627.0, 14197.0, 13880.0, 14265.0, 14785.0, 14514.0, 14717.0, 15305.0, 15056.0, 14853.0, 15463.0, 14943.0, 15124.0, 15712.0, 15373.0, 15192.0, 15576.0, 15644.0, 15893.0, 15983.0, 15825.0, 16073.0, 16794.0, 16208.0, 16862.0, 16681.0, 16591.0, 17088.0, 16930.0, 17156.0, 17020.0, 17450.0, 17246.0, 17314.0, 17586.0, 17382.0, 17518.0, 17883.0, 17951.0, 18064.0, 18836.0, 18904.0, 19499.0, 19160.0, 19250.0, 19092.0, 19318.0, 19431.0, 19747.0, 19657.0, 19567.0, 19882.0, 21495.0, 21427.0, 21585.0, 21766.0, 21698.0, 22147.0, 21856.0, 21989.0, 22057.0, 23009.0, 23303.0, 22215.0, 22941.0, 24385.0, 23954.0, 23597.0, 23122.0, 23190.0, 23371.0, 23529.0, 23767.0, 23461.0, 24290.0, 24656.0, 23699.0, 23864.0, 24543.0, 24046.0, 24177.0, 24724.0, 24453.0, 24814.0, 24882.0, 24950.0, 25094.0, 25184.0, 26076.0, 25426.0, 25827.0, 26710.0, 27003.0, 25895.0, 25963.0, 26800.0, 26529.0, 26280.0, 26144.0, 26212.0, 26642.0, 26393.0, 26461.0, 27093.0, 27161.0, 26890.0, 27500.0, 27726.0, 27251.0, 27432.0, 27364.0, 27636.0, 28178.0, 28764.0, 27907.0, 27568.0, 28268.0, 28336.0, 27839.0, 27997.0, 28065.0, 28404.0, 28674.0, 28494.0, 28584.0, 28877.0, 29013.0, 28945.0, 29616.0, 29171.0, 29284.0, 29103.0, 29503.0, 29435.0, 29684.0, 30407.0, 30158.0, 30045.0, 29797.0, 29865.0, 29955.0, 30475.0, 30294.0, 30226.0, 30543.0, 30715.0, 30625.0, 30828.0, 30967.0, 31035.0, 31170.0, 31306.0, 31238.0, 31374.0, 31894.0, 31487.0, 31555.0, 31623.0, 31758.0, 31826.0, 32137.0, 33606.0, 32205.0, 32318.0, 32408.0, 33516.0, 32476.0, 32672.0, 32762.0, 33146.0, 33033.0, 32852.0, 32965.0, 33787.0, 33426.0, 34013.0, 33358.0, 33719.0, 34171.0, 33855.0, 34081.0, 34374.0, 33290.0, 34646.0, 34284.0, 34578.0, 33923.0, 34442.0, 34510.0, 34916.0, 34826.0, 34736.0, 35051.0, 36063.0, 35973.0, 35837.0, 35905.0, 36244.0, 36176.0, 36786.0, 36606.0, 36380.0, 36312.0, 36470.0, 37056.0, 36696.0, 36538.0, 36876.0, 36966.0, 37169.0, 37237.0, 38039.0, 37632.0, 38152.0, 37700.0, 37813.0, 37881.0, 37949.0, 38853.0, 38514.0, 38220.0, 38333.0, 38401.0, 38604.0, 38989.0, 39125.0, 38672.0, 38740.0, 39418.0, 38921.0, 39057.0, 39215.0, 39305.0, 39486.0, 39950.0, 40492.0, 40040.0, 40153.0, 40221.0, 40289.0, 40560.0, 40402.0, 41193.0, 40628.0, 41283.0, 40996.0, 40855.0, 41533.0, 40928.0, 41351.0, 41420.0, 41691.0, 41623.0, 41759.0, 41827.0, 41895.0, 41963.0, 42234.0, 42166.0, 43627.0, 42053.0, 42437.0, 42369.0, 42505.0, 43537.0, 42904.0, 42633.0, 43040.0, 43198.0, 42746.0, 43695.0, 42972.0, 42836.0, 43130.0, 43266.0, 43424.0, 43334.0, 43763.0, 43831.0, 43921.0, 43989.0, 44057.0, 44328.0, 44147.0, 44260.0, 44887.0, 45000.0, 45090.0, 45158.0, 45226.0, 45811.0, 45675.0, 46037.0, 45743.0, 45521.0, 45901.0, 45453.0, 45607.0, 46105.0, 45969.0, 46173.0, 46985.0, 46241.0, 46331.0, 46782.0, 47053.0, 46692.0, 46534.0, 46466.0, 46602.0, 46895.0, 47233.0, 47143.0, 47346.0, 47708.0, 47527.0, 47414.0, 47595.0, 47849.0, 48444.0, 48030.0, 48098.0, 47917.0, 48557.0, 48354.0, 48693.0, 48806.0, 48625.0, 48874.0, 48942.0, 49123.0, 49055.0, 49432.0, 49319.0, 49251.0, 50086.0, 50154.0, 50244.0, 50312.0, 50787.0, 50380.0, 50538.0, 50470.0, 50719.0, 50606.0, 51028.0, 50960.0, 51499.0, 51118.0, 51431.0, 51570.0, 51660.0, 51841.0, 51773.0, 51931.0, 52021.0, 52111.0, 52201.0, 52291.0, 52654.0, 52541.0, 52404.0, 52722.0, 52812.0, 52948.0, 52880.0, 53016.0, 53084.0, 53174.0, 53242.0, 53569.0, 54458.0, 53659.0, 53839.0, 54390.0, 53749.0, 54730.0, 53929.0, 54042.0, 54110.0, 54526.0, 54186.0, 54254.0, 54594.0, 54322.0, 54662.0]","[591.0, -111.0, -545.0, -407.0, 421.0, 1128.0, 1541.0, 722.0, 563.0, -33.0, -178.0, 862.0, -541.0, -97.0, -206.0, -178.0, -299.0, -375.0, -23.0, 380.0, -14.0, 150.0, -511.0, 79.0, -230.0, -198.0, -80.0, 74.0, -412.0, 578.0, -17.0, 463.0, -42.0, 251.0, 453.0, 588.0, -114.0, -80.0, -425.0, -337.0, 1013.0, -299.0, 132.0, -45.0, 90.0, -308.0, -295.0, 269.0, -20.0, -172.0, -576.0, -176.0, -80.0, -264.0, -155.0, 194.0, -132.0, 272.0, -143.0, 315.0, -272.0, -27.0, -329.0, 170.0, -218.0, -394.0, -53.0, 35.0, -79.0, -270.0, -230.0, -332.0, -53.0, -8.0, -43.0, -54.0, -250.0, -59.0, -218.0, -84.0, -43.0, 84.0, 129.0, -305.0, -72.0, 64.0, -102.0, -420.0, 236.0, -174.0, 790.0, -278.0, 168.0, -113.0, 57.0, -1.0, -281.0, -141.0, -299.0, -404.0, 1264.0, -355.0, -56.0, -251.0, -165.0, 276.0, -513.0, 953.0, 28.0, -204.0, 254.0, -406.0, -193.0, 10.0, 824.0, 142.0, -247.0, 205.0, 290.0, 98.0, -86.0, 192.0, 33.0, 13.0, 530.0, 82.0, 102.0, 204.0, -38.0, -129.0, 54.0, 381.0, -111.0, 18.0, -420.0, -21.0, 231.0, -326.0, 282.0, -208.0, -181.0, 129.0, -70.0, -153.0, -66.0, -235.0, -338.0, -60.0, -198.0, -184.0, -350.0, 202.0, 31.0, -140.0, 62.0, -331.0, 107.0, -320.0, -68.0, -386.0, -170.0, -287.0, -29.0, 122.0, -528.0, -302.0, 988.0, 1001.0, 730.0, 558.0, 44.0, 394.0, -221.0, 138.0, -172.0, 492.0, 637.0, -411.0, -7.0, 1341.0, 742.0, 356.0, -277.0, -117.0, -140.0, -370.0, -240.0, -367.0, 348.0, 642.0, -270.0, -223.0, 542.0, -223.0, -405.0, 130.0, -359.0, -251.0, -87.0, -157.0, -62.0, -58.0, 692.0, -12.0, 24.0, 844.0, 793.0, -96.0, -497.0, 471.0, 346.0, -146.0, -354.0, -274.0, 342.0, -376.0, -252.0, 199.0, 252.0, -284.0, 292.0, 490.0, -250.0, -189.0, -305.0, -56.0, 494.0, 1142.0, -60.0, -513.0, 120.0, 287.0, -313.0, -177.0, -248.0, 99.0, -105.0, -103.0, -196.0, 209.0, 379.0, -29.0, 959.0, -271.0, -79.0, 25.0, 261.0, -107.0, -176.0, 477.0, 99.0, -286.0, -553.0, -436.0, -170.0, 58.0, -202.0, 25.0, -178.0, -147.0, 17.0, -385.0, -418.0, -177.0, 19.0, 115.0, -104.0, -250.0, 290.0, -108.0, -215.0, -173.0, -242.0, -441.0, -252.0, 1143.0, -246.0, -250.0, 33.0, 975.0, -531.0, -85.0, -238.0, 414.0, 188.0, -463.0, -518.0, 707.0, -42.0, 710.0, 166.0, 145.0, 789.0, 426.0, 367.0, 712.0, -289.0, 766.0, 685.0, 563.0, -519.0, -71.0, -14.0, 500.0, -248.0, -344.0, -125.0, 506.0, 486.0, 527.0, 43.0, 515.0, 369.0, 436.0, -118.0, -312.0, -548.0, -396.0, 241.0, 156.0, -84.0, 42.0, 199.0, -476.0, -206.0, 658.0, -363.0, 333.0, -297.0, -57.0, -92.0, -194.0, 365.0, 170.0, -174.0, 20.0, -57.0, -158.0, 37.0, 287.0, -31.0, -226.0, 321.0, 4.0, -292.0, -341.0, -194.0, -461.0, -163.0, 29.0, -19.0, -314.0, -333.0, -511.0, -266.0, -528.0, 513.0, -454.0, 165.0, -340.0, -492.0, 222.0, -240.0, -369.0, -333.0, 45.0, -22.0, 44.0, -259.0, -215.0, -231.0, -115.0, 77.0, 1230.0, -444.0, -136.0, -236.0, -246.0, 581.0, 47.0, -439.0, 303.0, 298.0, -123.0, 664.0, -385.0, -295.0, -307.0, 236.0, -208.0, -92.0, -51.0, -23.0, -474.0, 63.0, -78.0, -135.0, -235.0, -187.0, 368.0, 362.0, -91.0, -249.0, -427.0, 192.0, -87.0, 603.0, -183.0, -92.0, 36.0, -185.0, -151.0, 116.0, 120.0, -388.0, 544.0, -139.0, -261.0, 429.0, 666.0, -27.0, -222.0, -235.0, -19.0, -63.0, 314.0, 3.0, 294.0, 365.0, -113.0, -434.0, 79.0, 25.0, 245.0, -253.0, 76.0, -237.0, 96.0, 275.0, 400.0, 494.0, 204.0, 647.0, -131.0, -166.0, 112.0, 16.0, -13.0, -166.0, 195.0, 445.0, -195.0, -13.0, 345.0, -344.0, -373.0, -133.0, -72.0, -184.0, -84.0, -563.0, -8.0, -266.0, -38.0, -180.0, -117.0, 272.0, 129.0, 58.0, -88.0, 100.0, -493.0, -311.0, -80.0, -146.0, -268.0, 61.0, 44.0, -339.0, -505.0, -346.0, -550.0, -183.0, 21.0, -389.0, 761.0, -453.0, 71.0, 231.0, -382.0, 398.0, -474.0, -125.0, -263.0, 357.0, -513.0, -515.0, -140.0, -94.0, -126.0]","[0, 0, 0, 0, 0, 0, 0, 0, 0, 0, 0, 0, 0, 0, 0, 0, 0, 0, 0, 0, 0, 0, 0, 0, 0, 0, 0, 0, 0, 0, 0, 0, 0, 0, 0, 0, 0, 0, 0, 0, 0, 0, 0, 0, 0, 0, 0, 0, 0, 0, 0, 0, 0, 0, 0, 0, 0, 0, 0, 0, 0, 0, 0, 0, 0, 0, 0, 0, 0, 0, 0, 0, 0, 0, 0, 0, 0, 0, 0, 0, 0, 0, 0, 0, 0, 0, 0, 0, 0, 0, 0, 0, 0, 0, 0, 0, 0, 0, 0, 0, 0, 0, 0, 0, 0, 0, 0, 0, 0, 0, 0, 0, 0, 0, 0, 0, 0, 0, 0, 0, 0, 0, 0, 0, 0, 0, 0, 0, 0, 0, 0, 0, 0, 0, 0, 0, 0, 0, 0, 0, 0, 0, 0, 0, 0, 0, 0, 0, 0, 0, 0, 0, 0, 0, 0, 0, 0, 0, 0, 0, 0, 0, 0, 0, 0, 0, 0, 0, 0, 0, 0, 0, 0, 0, 0, 0, 0, 0, 0, 0, 0, 0, 0, 0, 0, 0, 0, 0, 0, 0, 0, 0, 0, 0, 0, 0, 0, 0, 0, 0, 0, 0, 0, 0, 0, 0, 0, 0, 0, 0, 0, 0, 0, 0, 0, 0, 0, 0, 0, 0, 0, 0, 0, 0, 0, 0, 0, 0, 0, 0, 0, 0, 0, 0, 0, 0, 0, 0, 0, 0, 0, 0, 0, 0, 0, 0, 0, 0, 0, 0, 0, 0, 0, 0, 0, 0, 0, 0, 0, 0, 0, 0, 0, 0, 0, 0, 0, 0, 0, 0, 0, 0, 0, 0, 0, 0, 0, 0, 0, 0, 0, 0, 0, 0, 0, 0, 0, 0, 0, 0, 0, 0, 0, 0, 0, 0, 0, 0, 0, 0, 0, 0, 0, 0, 0, 0, 0, 0, 0, 0, 0, 0, 0, 0, 0, 0, 0, 0, 0, 0, 0, 0, 0, 0, 0, 0, 0, 0, 0, 0, 0, 0, 0, 0, 0, 0, 0, 0, 0, 0, 0, 0, 0, 0, 0, 0, 0, 0, 0, 0, 0, 0, 0, 0, 0, 0, 0, 0, 0, 0, 0, 0, 0, 0, 0, 0, 0, 0, 0, 0, 0, 0, 0, 0, 0, 0, 0, 0, 0, 0, 0, 0, 0, 0, 0, 0, 0, 0, 0, 0, 0, 0, 0, 0, 0, 0, 0, 0, 0, 0, 0, 0, 0, 0, 0, 0, 0, 0, 0, 0, 0, 0, 0, 0, 0, 0, 0, 0, 0, 0, 0, 0, 0, 0, 0, 0, 0, 0, 0, 0, 0, 0, 0, 0, 0, 0, 0, 0, 0, 0, 0, 0, 0, 0, 0, 0, 0, 0, 0, 0, 0, 0, 0, 0, 0, 0, 0, 0, 0, 0, 0, 0, 0, 0, 0, 0, 0, 0, 0, 0, 0, 0, 0, 0, 0, 0, 0, 0, 0, 0, 0, 0, 0, 0, 0, 0, 0, 0, 0, 0, 0, 0, 0, 0, 0, 0, 0, 0, 0, 0]",54730.0,209118.19,14484177.0,54730.0,301.6914939880371,54730.0,54583.0,0.002685912662159693
mip,13,penalty,2,"[709.0, 1298.0, 1574.0, 1504.0, 1400.0, 1414.0, 1836.0, 2316.0, 2406.0, 2133.0, 2368.0, 2651.0, 2947.0, 2571.0, 3064.0, 2946.0, 2879.0, 3075.0, 3174.0, 3201.0, 3323.0, 3743.0, 3752.0, 3683.0, 3675.0, 3847.0, 4113.0, 4027.0, 4310.0, 4254.0, 4231.0, 4662.0, 4964.0, 4761.0, 5283.0, 5419.0, 5714.0, 5363.0, 5618.0, 5688.0, 5601.0, 5967.0, 5943.0, 6211.0, 6143.0, 6075.0, 6222.0, 6109.0, 6321.0, 6753.0, 7089.0, 6937.0, 7041.0, 7157.0, 7206.0, 7614.0, 7269.0, 7446.0, 7348.0, 7290.0, 7607.0, 7452.0, 7844.0, 7706.0, 8243.0, 8351.0, 8155.0, 8175.0, 8766.0, 8651.0, 8849.0, 8645.0, 8881.0, 9022.0, 8989.0, 9144.0, 9430.0, 9638.0, 9865.0, 9799.0, 9894.0, 9699.0, 9775.0, 10314.0, 10149.0, 10126.0, 10360.0, 10791.0, 10949.0, 11427.0, 11692.0, 11644.0, 11334.0, 11547.0, 11624.0, 11576.0, 12032.0, 12419.0, 12713.0, 12750.0, 13069.0, 12979.0, 13130.0, 13062.0, 13159.0, 13244.0, 13675.0, 13493.0, 13920.0, 13852.0, 13875.0, 14145.0, 14254.0, 13784.0, 13803.0, 14055.0, 14128.0, 14060.0, 14495.0, 14416.0, 14793.0, 15113.0, 15046.0, 14840.0, 14933.0, 14861.0, 15022.0, 15508.0, 15409.0, 15321.0, 15522.0, 15263.0, 16004.0, 15965.0, 16245.0, 16094.0, 16563.0, 16534.0, 16602.0, 16889.0, 16772.0, 16959.0, 17002.0, 17309.0, 17086.0, 17685.0, 17584.0, 17374.0, 17784.0, 17566.0, 17868.0, 17681.0, 17920.0, 18204.0, 18774.0, 19235.0, 19388.0, 19420.0, 19318.0, 19478.0, 19488.0, 19718.0, 19776.0, 19546.0, 20095.0, 20184.0, 20507.0, 20426.0, 20855.0, 21208.0, 21654.0, 21753.0, 22077.0, 21851.0, 22229.0, 22517.0, 22666.0, 22626.0, 22948.0, 23044.0, 23212.0, 23241.0, 23399.0, 23307.0, 23511.0, 23899.0, 24007.0, 23828.0, 23939.0, 24035.0, 23967.0, 24097.0, 24103.0, 24269.0, 24582.0, 24594.0, 24812.0, 25065.0, 24969.0, 25107.0, 25156.0, 25242.0, 25384.0, 25438.0, 25803.0, 25866.0, 26210.0, 25991.0, 26516.0, 26329.0, 26183.0, 26426.0, 26498.0, 26566.0, 26300.0, 26769.0, 26713.0, 26894.0, 26909.0, 27174.0, 27168.0, 27236.0, 27501.0, 27601.0, 27669.0, 27712.0, 27737.0, 27622.0, 27967.0, 28081.0, 28148.0, 28049.0, 28171.0, 28216.0, 28313.0, 28305.0, 28779.0, 28597.0, 28780.0, 28712.0, 28622.0, 28974.0, 28710.0, 29442.0, 29363.0, 29078.0, 29242.0, 29542.0, 29860.0, 29930.0, 30059.0, 30391.0, 30350.0, 30301.0, 30125.0, 30418.0, 30496.0, 30201.0, 30721.0, 30862.0, 30608.0, 31213.0, 31385.0, 31212.0, 31144.0, 31145.0, 31342.0, 31624.0, 31604.0, 31556.0, 31770.0, 31796.0, 32000.0, 32267.0, 32389.0, 32457.0, 32451.0, 32570.0, 32375.0, 32541.0, 33007.0, 32757.0, 33000.0, 32732.0, 32845.0, 33303.0, 33484.0, 33080.0, 33468.0, 33303.0, 33192.0, 33574.0, 33378.0, 33416.0, 33714.0, 33662.0, 33581.0, 33880.0, 33642.0, 34015.0, 34423.0, 34513.0, 34551.0, 34416.0, 35074.0, 35080.0, 35209.0, 35557.0, 35487.0, 35310.0, 35862.0, 35729.0, 35807.0, 36350.0, 36724.0, 36692.0, 36934.0, 36866.0, 36940.0, 36540.0, 36622.0, 36850.0, 36760.0, 37645.0, 37443.0, 37381.0, 37995.0, 37819.0, 37997.0, 37870.0, 37929.0, 38143.0, 38494.0, 38344.0, 38381.0, 38313.0, 38458.0, 38762.0, 38952.0, 38838.0, 38703.0, 38966.0, 39097.0, 38898.0, 39349.0, 39556.0, 39499.0, 39947.0, 40113.0, 40463.0, 40059.0, 40467.0, 40554.0, 40800.0, 40826.0, 40930.0, 40680.0, 41082.0, 41118.0, 41336.0, 41347.0, 41268.0, 41186.0, 41720.0, 41781.0, 41646.0, 41645.0, 41713.0, 42086.0, 42154.0, 42194.0, 42349.0, 42089.0, 42397.0, 42470.0, 42573.0, 42605.0, 42751.0, 42956.0, 42857.0, 43072.0, 42737.0, 42925.0, 42869.0, 43004.0, 43357.0, 43131.0, 43437.0, 43030.0, 43632.0, 43426.0, 43814.0, 43854.0, 44379.0, 43926.0, 44135.0, 44495.0, 44382.0, 44447.0, 44519.0, 44638.0, 45181.0, 45407.0, 45653.0, 45585.0, 45766.0, 45434.0, 45926.0, 45613.0, 45865.0, 45681.0, 45758.0, 45989.0, 45849.0, 46561.0, 46441.0, 46328.0, 46566.0, 46353.0, 46443.0, 46719.0, 46769.0, 46701.0, 46629.0, 46958.0, 46919.0, 47140.0, 47052.0, 47343.0, 47640.0, 47848.0, 47516.0, 47824.0, 48199.0, 48283.0, 48022.0, 48109.0, 48461.0, 48079.0, 48293.0, 48351.0, 48421.0, 48215.0, 49073.0, 49289.0, 48943.0, 49416.0, 49303.0, 49417.0, 49891.0, 49709.0, 50439.0, 50325.0, 50442.0, 50723.0, 50911.0, 50603.0, 50791.0, 50790.0, 51112.0, 51523.0, 51501.0, 51384.0, 51455.0, 51750.0, 51777.0, 51569.0, 51644.0, 51873.0, 52109.0, 52011.0, 52777.0, 52597.0, 52740.0, 52687.0, 52672.0, 52604.0, 52830.0, 53287.0, 53385.0, 53362.0, 53634.0, 53317.0, 53221.0, 53958.0, 53697.0, 54046.0, 53768.0, 54159.0, 54131.0, 54332.0, 54422.0, 54244.0, 54373.0, 54227.0, 54699.0, 54769.0, 54720.0, 54441.0, 54788.0]","[0.0, 0.0, 0.0, 0.0, 0.0, 0.0, 0.0, 0.0, 21.0, 0.0, 0.0, 0.0, 0.0, 0.0, 0.0, 0.0, -52.0, 0.0, 0.0, 0.0, 0.0, 63.0, 0.0, 0.0, 0.0, 0.0, 0.0, 0.0, 0.0, 0.0, 0.0, 0.0, 0.0, 0.0, 0.0, 0.0, 0.0, 0.0, 0.0, 0.0, -57.0, 0.0, 0.0, 1.0, 0.0, -82.0, 10.0, 0.0, 0.0, 0.0, 0.0, 0.0, 0.0, 0.0, 0.0, 0.0, 0.0, 0.0, 0.0, 0.0, 0.0, 0.0, 0.0, 0.0, 0.0, 0.0, 0.0, -27.0, 0.0, 0.0, 0.0, 0.0, 0.0, 0.0, 0.0, 0.0, 0.0, 0.0, 0.0, 0.0, 0.0, 0.0, -15.0, 0.0, 0.0, 0.0, 0.0, 0.0, 0.0, 0.0, 0.0, 0.0, 0.0, 0.0, -2.0, -40.0, 0.0, 0.0, 0.0, 0.0, 0.0, -74.0, 2.0, 0.0, 12.0, 0.0, 0.0, 0.0, 0.0, 53.0, 0.0, 54.0, 0.0, -18.0, 0.0, 0.0, 1.0, 0.0, 0.0, 0.0, -10.0, 0.0, 23.0, 0.0, 0.0, 0.0, 0.0, 0.0, -2.0, 0.0, 0.0, 0.0, 0.0, 0.0, 0.0, 0.0, 0.0, 0.0, 22.0, 0.0, 0.0, 0.0, 2.0, 0.0, 0.0, 0.0, 0.0, 0.0, 0.0, 0.0, 0.0, 0.0, 0.0, 0.0, 0.0, 0.0, -4.0, -60.0, 0.0, 0.0, 0.0, 0.0, 0.0, 11.0, 0.0, 0.0, 0.0, 0.0, 0.0, 0.0, 0.0, 0.0, 0.0, 0.0, 0.0, 0.0, 0.0, 0.0, 0.0, 0.0, 0.0, 0.0, 0.0, 0.0, 0.0, 0.0, 0.0, 0.0, -3.0, 21.0, -2.0, 10.0, 102.0, 0.0, 0.0, 0.0, 0.0, 0.0, 0.0, 0.0, 0.0, 0.0, 0.0, 0.0, 0.0, 0.0, 0.0, 0.0, 56.0, 0.0, 0.0, 0.0, 0.0, 80.0, 0.0, 0.0, 0.0, 0.0, 0.0, 0.0, -40.0, 0.0, 0.0, -20.0, 0.0, 20.0, 53.0, 0.0, 0.0, 0.0, 0.0, 0.0, 19.0, 42.0, 0.0, 0.0, 0.0, 0.0, 0.0, 44.0, -12.0, 0.0, 53.0, 0.0, 0.0, 0.0, 0.0, 0.0, 0.0, 0.0, 0.0, 60.0, 0.0, 0.0, 0.0, 1.0, 0.0, 0.0, 0.0, 0.0, 0.0, 0.0, 0.0, 0.0, -7.0, -46.0, 0.0, 0.0, 0.0, -39.0, 0.0, 0.0, 0.0, 0.0, 0.0, -6.0, 0.0, 2.0, 0.0, 0.0, 0.0, 0.0, 0.0, 0.0, 0.0, -12.0, 1.0, 0.0, 0.0, 0.0, 0.0, 0.0, -4.0, -13.0, 0.0, 0.0, 2.0, 0.0, 43.0, 0.0, -19.0, 0.0, 27.0, 0.0, 0.0, 0.0, 33.0, 0.0, 0.0, 0.0, 0.0, 0.0, 0.0, 0.0, 0.0, 0.0, 74.0, 0.0, 125.0, 0.0, 0.0, 16.0, -7.0, 0.0, 0.0, 0.0, 0.0, 0.0, 0.0, 0.0, -44.0, 0.0, 6.0, 0.0, -13.0, 0.0, 0.0, 0.0, 0.0, 0.0, 0.0, 0.0, 0.0, -19.0, 0.0, 0.0, 0.0, 0.0, 0.0, 0.0, 0.0, 0.0, 0.0, 0.0, 0.0, 0.0, 0.0, 0.0, 0.0, 0.0, 0.0, -43.0, 18.0, 0.0, 28.0, 0.0, 0.0, -2.0, 0.0, 44.0, 0.0, 0.0, 0.0, 0.0, -27.0, 0.0, 0.0, 0.0, 0.0, 0.0, 0.0, 0.0, 25.0, 0.0, -27.0, 0.0, 0.0, 0.0, 0.0, 0.0, 0.0, 0.0, 0.0, -16.0, 0.0, 0.0, 32.0, 0.0, 0.0, 0.0, 0.0, 0.0, 0.0, 0.0, -34.0, 4.0, 0.0, 0.0, 0.0, 0.0, 43.0, 0.0, 0.0, 0.0, 0.0, 0.0, -52.0, -26.0, 0.0, 56.0, 0.0, 13.0, 0.0, 8.0, 0.0, 0.0, 0.0, 0.0, 0.0, 0.0, 0.0, 0.0, 0.0, 0.0, 0.0, 0.0, -45.0, 0.0, 0.0, 0.0, 39.0, 0.0, -12.0, 0.0, 0.0, 0.0, 0.0, -29.0, 0.0, 0.0, 0.0, 0.0, 0.0, 0.0, -1.0, 0.0, 0.0, 0.0, 0.0, 0.0, 0.0, -6.0, 0.0, -14.0, 0.0, 0.0, 0.0, 0.0, 0.0, 0.0, 0.0, 83.0, -5.0, 6.0, 0.0, 0.0, -57.0, 62.0, 0.0, 0.0, 0.0, 0.0, -40.0, 0.0, 0.0, 0.0, -66.0, 0.0, 0.0, 0.0, 0.0, 19.0, 77.0, 0.0, 58.0, 0.0, 0.0, -14.0, 25.0, 0.0]","[0, 1, 0, 1, 0, 1, 1, 0, 0, 1, 1, 1, 1, 1, 0, 0, 1, 1, 1, 0, 0, 1, 0, 0, 1, 1, 1, 0, 1, 0, 1, 0, 1, 0, 0, 0, 0, 1, 1, 1, 0, 0, 1, 0, 0, 0, 1, 1, 1, 0, 0, 0, 1, 1, 0, 1, 1, 1, 1, 0, 0, 0, 0, 1, 1, 1, 0, 1, 1, 0, 0, 1, 1, 1, 0, 0, 1, 1, 1, 0, 0, 0, 1, 1, 1, 0, 0, 0, 0, 1, 0, 1, 0, 0, 0, 1, 1, 0, 1, 0, 0, 0, 1, 1, 0, 1, 1, 0, 0, 0, 1, 0, 0, 0, 1, 0, 1, 1, 1, 0, 1, 1, 0, 0, 0, 1, 1, 0, 1, 0, 1, 1, 1, 0, 0, 1, 0, 1, 1, 1, 1, 0, 1, 0, 0, 1, 0, 1, 0, 1, 1, 0, 0, 0, 1, 0, 1, 0, 1, 1, 0, 1, 0, 1, 0, 1, 1, 0, 1, 1, 1, 0, 0, 1, 0, 0, 1, 0, 1, 1, 1, 0, 0, 1, 0, 1, 0, 1, 0, 1, 1, 0, 1, 1, 1, 0, 1, 0, 0, 1, 0, 1, 0, 1, 1, 0, 1, 0, 1, 1, 0, 1, 0, 0, 0, 1, 0, 1, 0, 0, 1, 1, 0, 1, 1, 0, 1, 0, 1, 0, 1, 1, 0, 1, 1, 0, 0, 0, 1, 1, 1, 0, 0, 0, 0, 0, 0, 1, 0, 1, 0, 1, 0, 1, 1, 0, 1, 0, 0, 1, 0, 0, 1, 1, 1, 0, 0, 1, 0, 1, 0, 1, 0, 1, 1, 1, 0, 1, 0, 0, 0, 1, 1, 0, 0, 0, 0, 0, 1, 1, 1, 0, 1, 0, 0, 1, 1, 0, 0, 0, 1, 1, 0, 0, 0, 1, 0, 1, 0, 0, 1, 0, 0, 1, 0, 1, 0, 0, 1, 1, 0, 1, 1, 1, 1, 0, 1, 0, 0, 1, 0, 1, 1, 0, 1, 1, 0, 0, 1, 1, 1, 0, 0, 0, 1, 1, 0, 0, 1, 1, 0, 0, 0, 1, 0, 0, 0, 0, 1, 1, 0, 1, 1, 0, 1, 0, 1, 1, 1, 1, 0, 1, 0, 0, 1, 0, 1, 0, 0, 1, 1, 1, 1, 0, 1, 0, 0, 1, 0, 1, 0, 0, 1, 0, 0, 0, 1, 1, 0, 0, 0, 1, 0, 1, 1, 1, 1, 0, 0, 1, 0, 0, 1, 0, 0, 0, 0, 1, 1, 1, 0, 1, 1, 0, 0, 1, 1, 0, 0, 0, 1, 0, 0, 0, 1, 0, 0, 0, 1, 0, 1, 1, 1, 1, 0, 0, 1, 1, 0, 0, 0, 0, 0, 1, 0, 0, 1, 0, 1, 0, 0, 1, 1, 0, 1, 0, 1, 0, 0, 0, 1, 1, 1, 0, 1, 0, 0, 0, 0, 1, 0, 0, 1, 1, 0, 1, 1, 1, 1, 0, 0, 0, 0, 1, 1, 1, 1, 0, 1, 0]",3920.4100000000008,3920.41,14484257.0,54788.0,304.47489380836487,3920.4100000000008,3090.776710436672,0.21161901167564834
mip,13,total_time,2,"[601.0, 1020.0, 1029.0, 1097.0, 1304.0, 1334.0, 1631.0, 1725.0, 1848.0, 1889.0, 2190.0, 2345.0, 2406.0, 2434.0, 2474.0, 2541.0, 2631.0, 2654.0, 2850.0, 3004.0, 3162.0, 3187.0, 3230.0, 3360.0, 3424.0, 3515.0, 3698.0, 3717.0, 3829.0, 4012.0, 4096.0, 4393.0, 4511.0, 4675.0, 4942.0, 5153.0, 5170.0, 5238.0, 5221.0, 5351.0, 5522.0, 5642.0, 5710.0, 5701.0, 5804.0, 5849.0, 5877.0, 6000.0, 6191.0, 6486.0, 6513.0, 6622.0, 6780.0, 6893.0, 6956.0, 7122.0, 7137.0, 7258.0, 7190.0, 7205.0, 7295.0, 7326.0, 7425.0, 7534.0, 7901.0, 7957.0, 8023.0, 8136.0, 8208.0, 8321.0, 8308.0, 8376.0, 8575.0, 8577.0, 8665.0, 8778.0, 8930.0, 9156.0, 9275.0, 9348.0, 9432.0, 9433.0, 9597.0, 9715.0, 9791.0, 9881.0, 10258.0, 10364.0, 10631.0, 10879.0, 11124.0, 11164.0, 11214.0, 11293.0, 11355.0, 11434.0, 11751.0, 12278.0, 12294.0, 12346.0, 12596.0, 12604.0, 12768.0, 12811.0, 12975.0, 13123.0, 13162.0, 13322.0, 13501.0, 13595.0, 13663.0, 13614.0, 13682.0, 13753.0, 13750.0, 13852.0, 13880.0, 13992.0, 14120.0, 14200.0, 14212.0, 14563.0, 14614.0, 14650.0, 14682.0, 14740.0, 14924.0, 14928.0, 15040.0, 15130.0, 15066.0, 15135.0, 15575.0, 15764.0, 15769.0, 15968.0, 16052.0, 16110.0, 16432.0, 16579.0, 16591.0, 16692.0, 16851.0, 16928.0, 16993.0, 17182.0, 17226.0, 17294.0, 17255.0, 17372.0, 17453.0, 17483.0, 17827.0, 18064.0, 18385.0, 18785.0, 18815.0, 18962.0, 19039.0, 19092.0, 19233.0, 19272.0, 19376.0, 19424.0, 19508.0, 19795.0, 20061.0, 20143.0, 20647.0, 21103.0, 21182.0, 21415.0, 21491.0, 21578.0, 21741.0, 22118.0, 22145.0, 22215.0, 22365.0, 22585.0, 22781.0, 22921.0, 22928.0, 23172.0, 23324.0, 23388.0, 23412.0, 23461.0, 23620.0, 23680.0, 23710.0, 23864.0, 23884.0, 24046.0, 24177.0, 24213.0, 24267.0, 24643.0, 24653.0, 24746.0, 24907.0, 25028.0, 25250.0, 25252.0, 25494.0, 25776.0, 25817.0, 25895.0, 25940.0, 25963.0, 26080.0, 26170.0, 26099.0, 26167.0, 26235.0, 26386.0, 26426.0, 26490.0, 26708.0, 26778.0, 26854.0, 26953.0, 27056.0, 27257.0, 27263.0, 27343.0, 27406.0, 27493.0, 27523.0, 27591.0, 27748.0, 27764.0, 27816.0, 27854.0, 27916.0, 28122.0, 28218.0, 28268.0, 28358.0, 28331.0, 28439.0, 28483.0, 28586.0, 28917.0, 28967.0, 29030.0, 29051.0, 29161.0, 29321.0, 29618.0, 29740.0, 29758.0, 29808.0, 29858.0, 29886.0, 29971.0, 29976.0, 30045.0, 30423.0, 30465.0, 30508.0, 30828.0, 30896.0, 30847.0, 30982.0, 30971.0, 31175.0, 31215.0, 31339.0, 31360.0, 31407.0, 31623.0, 31742.0, 31818.0, 31857.0, 31966.0, 31977.0, 32160.0, 32249.0, 32437.0, 32476.0, 32595.0, 32597.0, 32708.0, 32716.0, 32852.0, 32964.0, 32969.0, 33032.0, 33068.0, 33136.0, 33145.0, 33204.0, 33213.0, 33294.0, 33303.0, 33371.0, 33384.0, 33439.0, 33553.0, 33914.0, 33959.0, 34091.0, 34222.0, 34645.0, 34682.0, 34800.0, 35154.0, 35185.0, 35267.0, 35323.0, 35571.0, 35576.0, 36035.0, 36276.0, 36295.0, 36363.0, 36411.0, 36431.0, 36521.0, 36494.0, 36629.0, 36638.0, 37056.0, 37138.0, 37203.0, 37560.0, 37695.0, 37700.0, 37795.0, 37878.0, 37886.0, 38021.0, 38099.0, 38189.0, 38228.0, 38279.0, 38430.0, 38479.0, 38574.0, 38604.0, 38669.0, 38725.0, 38782.0, 38889.0, 39210.0, 39293.0, 39430.0, 39533.0, 39954.0, 39958.0, 40107.0, 40119.0, 40205.0, 40345.0, 40394.0, 40500.0, 40628.0, 40742.0, 40833.0, 40855.0, 40946.0, 40928.0, 41131.0, 41163.0, 41432.0, 41513.0, 41567.0, 41782.0, 41894.0, 41900.0, 41990.0, 41986.0, 42076.0, 42080.0, 42203.0, 42369.0, 42474.0, 42504.0, 42594.0, 42564.0, 42677.0, 42662.0, 42746.0, 42782.0, 42850.0, 42836.0, 42916.0, 42935.0, 43065.0, 43176.0, 43576.0, 43684.0, 43862.0, 43863.0, 44035.0, 44097.0, 44125.0, 44240.0, 44364.0, 44516.0, 44737.0, 44989.0, 45226.0, 45231.0, 45336.0, 45364.0, 45404.0, 45454.0, 45494.0, 45522.0, 45607.0, 45610.0, 45785.0, 46031.0, 46077.0, 46196.0, 46247.0, 46337.0, 46286.0, 46427.0, 46399.0, 46489.0, 46517.0, 46804.0, 46851.0, 46903.0, 46964.0, 47183.0, 47324.0, 47387.0, 47450.0, 47557.0, 47632.0, 47810.0, 47811.0, 47878.0, 47923.0, 47968.0, 48058.0, 48012.0, 48087.0, 48164.0, 48583.0, 48824.0, 48867.0, 49144.0, 49191.0, 49251.0, 49455.0, 49635.0, 49993.0, 50033.0, 50087.0, 50359.0, 50360.0, 50449.0, 50593.0, 50606.0, 50863.0, 50960.0, 51064.0, 51096.0, 51155.0, 51223.0, 51407.0, 51483.0, 51563.0, 51686.0, 51849.0, 51907.0, 52198.0, 52275.0, 52349.0, 52388.0, 52417.0, 52594.0, 52665.0, 52810.0, 52880.0, 52962.0, 53069.0, 53125.0, 53138.0, 53569.0, 53580.0, 53659.0, 53723.0, 53655.0, 53749.0, 53813.0, 53903.0, 53862.0, 53930.0, 53998.0, 54186.0, 54204.0, 54254.0, 54301.0, 54583.0]","[-108.0, -278.0, -545.0, -407.0, -96.0, -80.0, -205.0, -591.0, -537.0, -244.0, -178.0, -306.0, -541.0, -137.0, -590.0, -405.0, -300.0, -421.0, -324.0, -197.0, -161.0, -493.0, -522.0, -323.0, -251.0, -332.0, -415.0, -310.0, -481.0, -242.0, -135.0, -269.0, -453.0, -86.0, -341.0, -266.0, -544.0, -125.0, -397.0, -337.0, -136.0, -325.0, -233.0, -509.0, -339.0, -308.0, -335.0, -109.0, -130.0, -267.0, -576.0, -315.0, -261.0, -264.0, -250.0, -492.0, -132.0, -188.0, -158.0, -85.0, -312.0, -126.0, -419.0, -172.0, -342.0, -394.0, -132.0, -66.0, -558.0, -330.0, -541.0, -269.0, -306.0, -445.0, -324.0, -366.0, -500.0, -482.0, -590.0, -451.0, -462.0, -266.0, -193.0, -599.0, -358.0, -245.0, -102.0, -427.0, -318.0, -548.0, -568.0, -480.0, -120.0, -254.0, -271.0, -182.0, -281.0, -141.0, -419.0, -404.0, -473.0, -449.0, -360.0, -251.0, -172.0, -121.0, -513.0, -171.0, -419.0, -204.0, -212.0, -477.0, -572.0, -49.0, -53.0, -203.0, -247.0, -68.0, -375.0, -216.0, -591.0, -550.0, -409.0, -190.0, -251.0, -121.0, -98.0, -580.0, -371.0, -191.0, -456.0, -128.0, -429.0, -201.0, -476.0, -126.0, -511.0, -424.0, -148.0, -310.0, -181.0, -267.0, -149.0, -381.0, -93.0, -503.0, -358.0, -80.0, -529.0, -194.0, -415.0, -198.0, -93.0, -140.0, -389.0, -450.0, -577.0, -518.0, -279.0, -386.0, -255.0, -446.0, -400.0, -111.0, -587.0, -389.0, -446.0, -283.0, -208.0, -105.0, -472.0, -338.0, -586.0, -273.0, -488.0, -399.0, -521.0, -411.0, -583.0, -459.0, -431.0, -320.0, -471.0, -135.0, -187.0, -511.0, -595.0, -367.0, -322.0, -334.0, -259.0, -223.0, -117.0, -223.0, -405.0, -381.0, -545.0, -422.0, -316.0, -361.0, -249.0, -214.0, -134.0, -186.0, -309.0, -90.0, -393.0, -96.0, -520.0, -366.0, -103.0, -256.0, -399.0, -319.0, -65.0, -383.0, -287.0, -404.0, -201.0, -396.0, -354.0, -283.0, -445.0, -364.0, -406.0, -349.0, -278.0, -129.0, -444.0, -490.0, -400.0, -285.0, -336.0, -320.0, -397.0, -183.0, -561.0, -329.0, -422.0, -337.0, -195.0, -491.0, -71.0, -525.0, -396.0, -48.0, -191.0, -381.0, -539.0, -312.0, -319.0, -573.0, -542.0, -443.0, -239.0, -446.0, -520.0, -156.0, -298.0, -397.0, -100.0, -385.0, -489.0, -365.0, -169.0, -220.0, -167.0, -409.0, -265.0, -235.0, -363.0, -173.0, -258.0, -449.0, -532.0, -497.0, -474.0, -408.0, -126.0, -104.0, -531.0, -162.0, -403.0, -24.0, -129.0, -463.0, -519.0, -111.0, -436.0, -235.0, -56.0, -429.0, -178.0, -216.0, -420.0, -359.0, -208.0, -496.0, -160.0, -462.0, -528.0, -554.0, -433.0, -194.0, -429.0, -398.0, -376.0, -403.0, -302.0, -43.0, -539.0, -158.0, -231.0, -315.0, -448.0, -397.0, -497.0, -455.0, -384.0, -19.0, -128.0, -205.0, -129.0, -589.0, -305.0, -178.0, -435.0, -124.0, -297.0, -75.0, -95.0, -257.0, -467.0, -245.0, -205.0, -85.0, -179.0, -332.0, -473.0, -264.0, -99.0, -297.0, -372.0, -135.0, -460.0, -346.0, -206.0, -517.0, -580.0, -509.0, -101.0, -360.0, -435.0, -595.0, -481.0, -536.0, -180.0, -454.0, -376.0, -503.0, -492.0, -365.0, -240.0, -589.0, -590.0, -214.0, -132.0, -148.0, -304.0, -216.0, -294.0, -359.0, -103.0, -321.0, -417.0, -370.0, -236.0, -277.0, -452.0, -263.0, -508.0, -60.0, -238.0, -123.0, -249.0, -507.0, -295.0, -521.0, -95.0, -567.0, -250.0, -238.0, -170.0, -533.0, -63.0, -100.0, -366.0, -257.0, -207.0, -155.0, -122.0, -444.0, -418.0, -427.0, -388.0, -426.0, -70.0, -522.0, -159.0, -371.0, -116.0, -151.0, -379.0, -64.0, -530.0, -364.0, -184.0, -345.0, -16.0, -101.0, -292.0, -357.0, -212.0, -104.0, -154.0, -68.0, -237.0, -88.0, -160.0, -316.0, -461.0, -66.0, -267.0, -567.0, -473.0, -211.0, -276.0, -538.0, -111.0, -235.0, -300.0, -334.0, -63.0, -490.0, -465.0, -76.0, -272.0, -141.0, -166.0, -436.0, -74.0, -446.0, -292.0, -355.0, -365.0, -551.0, -154.0, -198.0, -184.0, -249.0, -563.0, -443.0, -288.0, -314.0, -527.0, -370.0, -86.0, -81.0, -187.0, -260.0, -104.0, -496.0, -327.0, -385.0, -299.0, -255.0, -67.0, -103.0, -477.0, -505.0, -400.0, -565.0, -232.0, -83.0, -389.0, -117.0, -453.0, -45.0, -504.0, -382.0, -519.0, -500.0, -305.0, -443.0, -171.0, -513.0, -565.0, -480.0, -115.0, -205.0]","[0, 0, 1, 1, 0, 1, 0, 1, 0, 1, 1, 0, 1, 0, 1, 0, 1, 0, 0, 0, 0, 1, 0, 0, 1, 1, 0, 1, 1, 0, 1, 0, 0, 0, 1, 1, 0, 0, 1, 1, 1, 0, 0, 1, 0, 1, 0, 1, 1, 1, 0, 1, 0, 0, 1, 0, 1, 0, 0, 1, 1, 0, 0, 1, 1, 0, 1, 0, 1, 1, 0, 0, 0, 1, 0, 1, 1, 1, 1, 1, 1, 0, 1, 1, 1, 0, 0, 1, 1, 1, 0, 1, 0, 1, 0, 1, 1, 0, 1, 0, 1, 0, 1, 0, 0, 0, 1, 1, 0, 1, 1, 0, 0, 1, 0, 0, 1, 0, 1, 0, 1, 1, 0, 1, 0, 1, 0, 1, 1, 1, 0, 0, 0, 0, 1, 0, 1, 0, 1, 1, 0, 1, 1, 1, 0, 1, 0, 0, 1, 0, 1, 0, 1, 1, 1, 0, 1, 0, 1, 0, 0, 1, 1, 0, 1, 1, 1, 0, 1, 0, 1, 0, 1, 0, 1, 0, 1, 1, 1, 1, 1, 0, 1, 1, 1, 0, 1, 0, 0, 1, 0, 0, 1, 0, 1, 0, 1, 1, 0, 1, 0, 0, 0, 1, 0, 1, 0, 1, 0, 1, 0, 0, 1, 1, 1, 1, 0, 1, 0, 1, 0, 0, 1, 0, 1, 0, 1, 0, 1, 1, 0, 1, 0, 1, 0, 1, 0, 1, 1, 0, 0, 1, 1, 0, 1, 0, 1, 0, 1, 1, 1, 0, 1, 0, 1, 0, 1, 0, 1, 0, 1, 0, 0, 1, 1, 0, 1, 0, 1, 0, 1, 0, 1, 1, 0, 0, 1, 0, 1, 0, 1, 0, 1, 0, 1, 0, 1, 0, 1, 0, 0, 1, 0, 1, 0, 1, 1, 0, 1, 1, 0, 1, 1, 1, 1, 0, 1, 1, 0, 1, 0, 1, 0, 1, 1, 0, 0, 1, 0, 0, 1, 1, 0, 0, 1, 0, 1, 0, 1, 0, 1, 0, 1, 1, 0, 1, 0, 1, 0, 0, 1, 0, 1, 0, 1, 0, 1, 1, 1, 0, 1, 1, 0, 0, 0, 1, 1, 1, 1, 0, 1, 0, 1, 0, 1, 0, 1, 0, 1, 0, 1, 1, 0, 0, 1, 0, 0, 1, 0, 0, 1, 1, 0, 1, 0, 0, 1, 1, 0, 1, 0, 0, 0, 0, 1, 0, 1, 0, 1, 1, 1, 0, 1, 0, 1, 1, 0, 1, 0, 1, 0, 0, 1, 0, 1, 0, 0, 1, 1, 0, 1, 0, 0, 1, 1, 0, 1, 0, 0, 0, 1, 0, 1, 0, 1, 0, 1, 0, 1, 1, 0, 0, 0, 1, 0, 1, 0, 1, 0, 0, 0, 1, 0, 1, 1, 0, 0, 1, 0, 0, 0, 1, 0, 1, 1, 1, 0, 1, 1, 0, 1, 1, 0, 1, 0, 1, 0, 1, 0, 1, 0, 1, 0, 1, 1, 0, 1, 0, 0, 1, 0, 0, 1, 1, 1, 1, 0, 1, 0, 0]",14325669.0,238593.86,14325669.0,54583.0,304.44822335243225,14325669.0,14323860.822089856,0.00012621943939536155
mip,13,makespan,2,"[952.0, 1097.0, 1029.0, 1097.0, 1304.0, 1334.0, 1631.0, 1725.0, 1957.0, 1889.0, 2190.0, 2345.0, 2601.0, 2434.0, 2466.0, 2541.0, 2737.0, 2669.0, 2850.0, 3004.0, 3162.0, 3270.0, 3230.0, 3360.0, 3428.0, 3515.0, 3698.0, 3717.0, 3829.0, 4012.0, 4125.0, 4393.0, 4511.0, 4675.0, 4942.0, 5238.0, 5170.0, 5306.0, 5191.0, 5374.0, 5522.0, 5642.0, 5800.0, 5732.0, 5917.0, 5849.0, 5917.0, 6000.0, 6191.0, 6581.0, 6513.0, 6622.0, 6780.0, 7024.0, 6956.0, 7205.0, 7137.0, 7156.0, 7311.0, 7379.0, 7224.0, 7319.0, 7425.0, 7538.0, 8025.0, 7957.0, 8093.0, 8228.0, 8376.0, 8305.0, 8308.0, 8376.0, 8653.0, 8721.0, 8653.0, 8778.0, 8930.0, 9156.0, 9275.0, 9348.0, 9432.0, 9433.0, 9597.0, 9715.0, 9791.0, 9881.0, 10258.0, 10371.0, 10631.0, 10879.0, 11124.0, 11164.0, 11214.0, 11293.0, 11361.0, 11434.0, 11751.0, 12362.0, 12294.0, 12333.0, 12694.0, 12604.0, 12768.0, 12881.0, 12975.0, 13123.0, 13191.0, 13322.0, 13667.0, 13678.0, 13599.0, 13610.0, 13786.0, 13768.0, 13836.0, 13854.0, 13922.0, 13992.0, 14120.0, 14280.0, 14212.0, 14563.0, 14813.0, 14752.0, 14662.0, 14700.0, 14924.0, 14928.0, 15040.0, 15203.0, 15066.0, 15135.0, 15575.0, 15837.0, 15769.0, 15968.0, 16081.0, 16149.0, 16432.0, 16579.0, 16691.0, 16623.0, 16851.0, 16928.0, 17018.0, 17372.0, 17304.0, 17236.0, 17259.0, 17372.0, 17551.0, 17483.0, 17827.0, 18064.0, 18385.0, 18785.0, 18898.0, 19107.0, 19039.0, 19197.0, 19233.0, 19346.0, 19514.0, 19424.0, 19514.0, 19795.0, 20061.0, 20143.0, 20647.0, 21250.0, 21182.0, 21415.0, 21491.0, 21604.0, 21741.0, 22118.0, 22231.0, 22299.0, 22365.0, 22585.0, 22781.0, 22921.0, 22989.0, 23172.0, 23324.0, 23414.0, 23482.0, 23461.0, 23620.0, 23767.0, 23699.0, 23864.0, 23884.0, 24046.0, 24177.0, 24290.0, 24358.0, 24743.0, 24653.0, 24746.0, 24907.0, 25028.0, 25320.0, 25252.0, 25494.0, 25776.0, 25963.0, 25895.0, 25963.0, 26053.0, 26263.0, 26082.0, 26195.0, 26195.0, 26376.0, 26494.0, 26426.0, 26584.0, 26868.0, 26778.0, 26981.0, 26953.0, 27056.0, 27331.0, 27263.0, 27343.0, 27406.0, 27521.0, 27634.0, 27566.0, 27748.0, 27859.0, 27791.0, 27859.0, 27927.0, 28122.0, 28379.0, 28268.0, 28358.0, 28311.0, 28492.0, 28492.0, 28586.0, 28917.0, 29098.0, 29030.0, 29229.0, 29161.0, 29321.0, 29618.0, 29740.0, 29876.0, 29808.0, 29858.0, 30039.0, 29971.0, 30129.0, 30045.0, 30423.0, 30491.0, 30508.0, 30828.0, 30960.0, 30847.0, 31061.0, 30971.0, 31175.0, 31243.0, 31428.0, 31360.0, 31428.0, 31623.0, 31758.0, 31826.0, 31894.0, 32067.0, 31977.0, 32317.0, 32249.0, 32437.0, 32550.0, 32595.0, 32723.0, 32708.0, 32813.0, 32852.0, 33037.0, 32969.0, 32971.0, 33202.0, 33106.0, 33134.0, 33270.0, 33174.0, 33360.0, 33563.0, 33360.0, 33450.0, 33450.0, 33553.0, 34027.0, 33959.0, 34117.0, 34222.0, 34772.0, 34682.0, 34907.0, 35275.0, 35185.0, 35388.0, 35388.0, 35644.0, 35576.0, 36035.0, 36380.0, 36295.0, 36312.0, 36561.0, 36426.0, 36470.0, 36629.0, 36728.0, 36638.0, 37056.0, 37138.0, 37203.0, 37560.0, 37695.0, 37700.0, 37813.0, 37881.0, 37886.0, 38021.0, 38099.0, 38189.0, 38302.0, 38279.0, 38430.0, 38498.0, 38672.0, 38604.0, 38669.0, 38782.0, 38785.0, 38889.0, 39210.0, 39300.0, 39430.0, 39533.0, 39954.0, 40022.0, 40187.0, 40119.0, 40255.0, 40345.0, 40394.0, 40500.0, 40628.0, 40742.0, 40923.0, 40855.0, 40996.0, 40928.0, 41131.0, 41199.0, 41432.0, 41635.0, 41567.0, 41782.0, 41894.0, 41962.0, 42144.0, 41986.0, 42076.0, 42054.0, 42257.0, 42369.0, 42474.0, 42590.0, 42522.0, 42564.0, 42677.0, 42699.0, 42853.0, 42785.0, 42785.0, 42875.0, 42943.0, 43011.0, 43079.0, 43176.0, 43576.0, 43684.0, 43953.0, 43863.0, 44035.0, 44148.0, 44216.0, 44329.0, 44397.0, 44516.0, 44737.0, 44989.0, 45251.0, 45231.0, 45336.0, 45364.0, 45432.0, 45521.0, 45522.0, 45453.0, 45700.0, 45610.0, 45785.0, 46145.0, 46077.0, 46196.0, 46247.0, 46338.0, 46428.0, 46338.0, 46541.0, 46488.0, 46609.0, 46804.0, 47084.0, 46903.0, 47016.0, 47183.0, 47324.0, 47540.0, 47450.0, 47557.0, 47632.0, 47810.0, 47811.0, 47879.0, 47923.0, 48156.0, 47975.0, 48088.0, 48088.0, 48164.0, 48583.0, 48824.0, 48914.0, 49304.0, 49191.0, 49304.0, 49455.0, 49635.0, 50101.0, 50033.0, 50169.0, 50359.0, 50360.0, 50449.0, 50593.0, 50661.0, 50863.0, 50960.0, 51064.0, 51132.0, 51155.0, 51223.0, 51573.0, 51483.0, 51573.0, 51686.0, 51997.0, 51907.0, 52198.0, 52275.0, 52388.0, 52472.0, 52404.0, 52594.0, 52684.0, 52948.0, 52880.0, 52962.0, 53069.0, 53159.0, 53138.0, 53688.0, 53580.0, 53598.0, 53723.0, 53655.0, 53778.0, 54004.0, 53914.0, 53846.0, 53914.0, 54038.0, 54186.0, 54204.0, 54272.0, 54301.0, 54583.0]","[243.0, -201.0, -545.0, -407.0, -96.0, -80.0, -205.0, -591.0, -428.0, -244.0, -178.0, -306.0, -346.0, -137.0, -598.0, -405.0, -194.0, -406.0, -324.0, -197.0, -161.0, -410.0, -522.0, -323.0, -247.0, -332.0, -415.0, -310.0, -481.0, -242.0, -106.0, -269.0, -453.0, -86.0, -341.0, -181.0, -544.0, -57.0, -427.0, -314.0, -136.0, -325.0, -143.0, -478.0, -226.0, -308.0, -295.0, -109.0, -130.0, -172.0, -576.0, -315.0, -261.0, -133.0, -250.0, -409.0, -132.0, -290.0, -37.0, 89.0, -383.0, -133.0, -419.0, -168.0, -218.0, -394.0, -62.0, 26.0, -390.0, -346.0, -541.0, -269.0, -228.0, -301.0, -336.0, -366.0, -500.0, -482.0, -590.0, -451.0, -462.0, -266.0, -193.0, -599.0, -358.0, -245.0, -102.0, -420.0, -318.0, -548.0, -568.0, -480.0, -120.0, -254.0, -265.0, -182.0, -281.0, -57.0, -419.0, -417.0, -375.0, -449.0, -360.0, -181.0, -172.0, -121.0, -484.0, -171.0, -253.0, -121.0, -276.0, -481.0, -468.0, -34.0, 33.0, -201.0, -205.0, -68.0, -375.0, -136.0, -591.0, -550.0, -210.0, -88.0, -271.0, -161.0, -98.0, -580.0, -371.0, -118.0, -456.0, -128.0, -429.0, -128.0, -476.0, -126.0, -482.0, -385.0, -148.0, -310.0, -81.0, -336.0, -149.0, -381.0, -68.0, -313.0, -280.0, -138.0, -525.0, -194.0, -317.0, -198.0, -93.0, -140.0, -389.0, -450.0, -494.0, -373.0, -279.0, -281.0, -255.0, -372.0, -262.0, -111.0, -581.0, -389.0, -446.0, -283.0, -208.0, 42.0, -472.0, -338.0, -586.0, -247.0, -488.0, -399.0, -435.0, -327.0, -583.0, -459.0, -431.0, -320.0, -410.0, -135.0, -187.0, -485.0, -525.0, -367.0, -322.0, -247.0, -270.0, -223.0, -117.0, -223.0, -405.0, -304.0, -454.0, -322.0, -316.0, -361.0, -249.0, -214.0, -64.0, -186.0, -309.0, -90.0, -247.0, -96.0, -497.0, -276.0, 80.0, -344.0, -303.0, -291.0, 76.0, -275.0, -287.0, -310.0, -41.0, -396.0, -227.0, -283.0, -445.0, -290.0, -406.0, -349.0, -278.0, -101.0, -333.0, -515.0, -400.0, -190.0, -361.0, -315.0, -386.0, -183.0, -400.0, -329.0, -422.0, -357.0, -142.0, -482.0, -71.0, -525.0, -265.0, -48.0, -13.0, -381.0, -539.0, -312.0, -319.0, -455.0, -542.0, -443.0, -86.0, -446.0, -367.0, -156.0, -298.0, -371.0, -100.0, -385.0, -425.0, -365.0, -90.0, -220.0, -167.0, -381.0, -176.0, -235.0, -342.0, -173.0, -242.0, -441.0, -495.0, -396.0, -474.0, -251.0, -126.0, -104.0, -457.0, -162.0, -277.0, -24.0, -32.0, -463.0, -446.0, -111.0, -497.0, -101.0, -86.0, -440.0, -112.0, -255.0, -354.0, -99.0, -219.0, -430.0, -149.0, -462.0, -415.0, -554.0, -407.0, -194.0, -302.0, -398.0, -269.0, -282.0, -302.0, 78.0, -474.0, -85.0, -231.0, -315.0, -344.0, -397.0, -548.0, -305.0, -389.0, -70.0, 7.0, -106.0, -129.0, -589.0, -305.0, -178.0, -435.0, -124.0, -297.0, -57.0, -92.0, -257.0, -467.0, -245.0, -205.0, -11.0, -179.0, -332.0, -454.0, -166.0, -99.0, -297.0, -315.0, -132.0, -460.0, -346.0, -199.0, -517.0, -580.0, -509.0, -37.0, -280.0, -435.0, -545.0, -481.0, -536.0, -180.0, -454.0, -376.0, -413.0, -492.0, -315.0, -240.0, -589.0, -554.0, -214.0, -10.0, -148.0, -304.0, -216.0, -232.0, -205.0, -103.0, -321.0, -443.0, -316.0, -236.0, -277.0, -366.0, -335.0, -508.0, -60.0, -201.0, -16.0, -246.0, -572.0, -256.0, -494.0, -19.0, -553.0, -250.0, -238.0, -170.0, -442.0, -63.0, -100.0, -315.0, -166.0, -118.0, -122.0, -122.0, -444.0, -418.0, -402.0, -388.0, -426.0, -70.0, -494.0, -92.0, -343.0, -185.0, -58.0, -379.0, -64.0, -416.0, -364.0, -184.0, -345.0, -15.0, 41.0, -381.0, -215.0, -213.0, -12.0, -154.0, 165.0, -237.0, -36.0, -160.0, -316.0, -308.0, -66.0, -267.0, -567.0, -473.0, -211.0, -275.0, -538.0, 77.0, -318.0, -224.0, -333.0, -63.0, -490.0, -465.0, -29.0, -112.0, -141.0, -113.0, -436.0, -74.0, -338.0, -292.0, -273.0, -365.0, -551.0, -154.0, -198.0, -129.0, -249.0, -563.0, -443.0, -252.0, -314.0, -527.0, -204.0, -86.0, -71.0, -187.0, -112.0, -104.0, -496.0, -327.0, -346.0, -215.0, -268.0, -67.0, -84.0, -339.0, -505.0, -400.0, -565.0, -198.0, -83.0, -270.0, -117.0, -514.0, -45.0, -504.0, -353.0, -328.0, -489.0, -321.0, -459.0, -131.0, -513.0, -565.0, -462.0, -115.0, -205.0]","[0, 0, 0, 1, 0, 1, 0, 0, 1, 1, 1, 1, 1, 0, 1, 0, 0, 1, 1, 1, 1, 0, 1, 1, 1, 1, 0, 1, 1, 0, 0, 1, 1, 1, 0, 1, 1, 0, 0, 0, 0, 1, 0, 1, 1, 1, 0, 0, 0, 1, 1, 0, 1, 1, 1, 1, 1, 0, 1, 1, 0, 0, 0, 0, 1, 1, 1, 1, 0, 0, 1, 1, 1, 0, 0, 1, 0, 0, 1, 1, 1, 0, 0, 0, 0, 1, 1, 1, 0, 1, 0, 1, 0, 1, 1, 1, 1, 1, 1, 0, 1, 0, 0, 0, 1, 0, 0, 0, 0, 1, 0, 1, 0, 1, 1, 0, 1, 1, 1, 1, 1, 1, 0, 1, 1, 0, 1, 0, 0, 1, 1, 1, 0, 0, 0, 0, 0, 0, 0, 1, 0, 0, 0, 0, 0, 0, 0, 0, 1, 1, 1, 1, 1, 1, 1, 1, 1, 1, 1, 1, 0, 0, 0, 0, 1, 1, 1, 0, 1, 1, 1, 0, 0, 0, 1, 1, 1, 0, 1, 1, 1, 0, 0, 1, 1, 1, 1, 0, 1, 0, 0, 0, 1, 0, 0, 0, 0, 0, 1, 1, 0, 0, 1, 1, 1, 1, 0, 1, 1, 1, 1, 0, 0, 1, 1, 0, 0, 0, 1, 1, 1, 0, 1, 0, 0, 1, 0, 0, 0, 1, 0, 1, 1, 0, 0, 1, 1, 0, 0, 1, 1, 0, 1, 1, 0, 1, 1, 1, 1, 1, 1, 1, 1, 0, 1, 0, 0, 0, 1, 1, 0, 0, 0, 1, 0, 1, 0, 0, 1, 0, 0, 1, 1, 1, 1, 1, 1, 0, 0, 1, 1, 0, 1, 0, 0, 1, 1, 1, 0, 1, 0, 1, 1, 0, 1, 1, 0, 1, 0, 0, 1, 1, 1, 0, 0, 0, 0, 1, 1, 1, 0, 1, 1, 1, 1, 0, 1, 0, 0, 1, 0, 1, 1, 0, 0, 1, 0, 0, 1, 0, 0, 1, 0, 0, 0, 0, 1, 0, 0, 0, 0, 1, 1, 0, 1, 1, 1, 1, 1, 1, 0, 1, 1, 1, 0, 1, 0, 0, 0, 0, 0, 1, 1, 0, 0, 0, 1, 1, 0, 0, 0, 1, 1, 1, 0, 1, 1, 1, 0, 0, 1, 1, 0, 1, 1, 0, 0, 1, 1, 1, 1, 1, 1, 1, 1, 0, 0, 0, 0, 0, 0, 0, 1, 1, 0, 0, 1, 1, 0, 1, 0, 0, 0, 1, 1, 1, 0, 1, 1, 1, 0, 1, 0, 1, 1, 1, 1, 1, 0, 1, 1, 1, 0, 1, 1, 0, 1, 0, 1, 1, 0, 1, 0, 0, 1, 1, 0, 0, 1, 0, 1, 1, 1, 1, 0, 1, 1, 0, 0, 0, 1, 1, 1, 0, 1, 0, 0, 1, 0, 0, 0, 0, 1, 0, 1, 1, 1, 1, 0, 0, 1, 0, 0, 1, 1, 0, 1, 0, 0, 1, 0, 0, 0, 1, 1, 0, 1, 1, 0, 1]",54583.0,218994.7,14340401.0,54583.0,4.625797271728516,54583.0,54583.0,0.0
mip,13,penalty,3,"[709.0, 1298.0, 1574.0, 1504.0, 1400.0, 1414.0, 1836.0, 2316.0, 2385.0, 2133.0, 2368.0, 2651.0, 2947.0, 2571.0, 3064.0, 2946.0, 2931.0, 3075.0, 3174.0, 3201.0, 3323.0, 3680.0, 3752.0, 3683.0, 3675.0, 3847.0, 4113.0, 4027.0, 4310.0, 4254.0, 4231.0, 4662.0, 4964.0, 4761.0, 5283.0, 5419.0, 5714.0, 5363.0, 5618.0, 5688.0, 5658.0, 5967.0, 5943.0, 6211.0, 6143.0, 6157.0, 6222.0, 6109.0, 6321.0, 6753.0, 7089.0, 6937.0, 7041.0, 7157.0, 7206.0, 7614.0, 7269.0, 7446.0, 7348.0, 7290.0, 7607.0, 7452.0, 7844.0, 7706.0, 8243.0, 8351.0, 8155.0, 8202.0, 8766.0, 8651.0, 8849.0, 8645.0, 8881.0, 9022.0, 8989.0, 9144.0, 9430.0, 9638.0, 9865.0, 9799.0, 9894.0, 9699.0, 9790.0, 10314.0, 10149.0, 10126.0, 10360.0, 10791.0, 10949.0, 11427.0, 11692.0, 11644.0, 11334.0, 11547.0, 11626.0, 11616.0, 12032.0, 12419.0, 12713.0, 12750.0, 13069.0, 13053.0, 13130.0, 13062.0, 13147.0, 13244.0, 13675.0, 13493.0, 13920.0, 13799.0, 13875.0, 14091.0, 14254.0, 13802.0, 13803.0, 14055.0, 14127.0, 14060.0, 14495.0, 14416.0, 14803.0, 15113.0, 15023.0, 14840.0, 14933.0, 14861.0, 15022.0, 15508.0, 15411.0, 15321.0, 15522.0, 15263.0, 16004.0, 15965.0, 16245.0, 16094.0, 16563.0, 16534.0, 16580.0, 16889.0, 16772.0, 16959.0, 17000.0, 17309.0, 17086.0, 17685.0, 17584.0, 17374.0, 17784.0, 17566.0, 17868.0, 17681.0, 17920.0, 18204.0, 18774.0, 19235.0, 19392.0, 19467.0, 19318.0, 19478.0, 19488.0, 19718.0, 19776.0, 19535.0, 20095.0, 20184.0, 20507.0, 20426.0, 20855.0, 21208.0, 21654.0, 21753.0, 22077.0, 21851.0, 22229.0, 22517.0, 22666.0, 22626.0, 22948.0, 23044.0, 23212.0, 23241.0, 23399.0, 23307.0, 23511.0, 23899.0, 24007.0, 23828.0, 23939.0, 24037.0, 23969.0, 24087.0, 23997.0, 24269.0, 24582.0, 24594.0, 24812.0, 25065.0, 24969.0, 25107.0, 25156.0, 25242.0, 25384.0, 25438.0, 25803.0, 25866.0, 26210.0, 25991.0, 26460.0, 26329.0, 26183.0, 26426.0, 26498.0, 26539.0, 26300.0, 26769.0, 26713.0, 26894.0, 26909.0, 27174.0, 27208.0, 27236.0, 27501.0, 27621.0, 27669.0, 27712.0, 27689.0, 27622.0, 27967.0, 28081.0, 28148.0, 28049.0, 28152.0, 28174.0, 28313.0, 28305.0, 28779.0, 28597.0, 28780.0, 28710.0, 28634.0, 28974.0, 28657.0, 29442.0, 29363.0, 29078.0, 29242.0, 29542.0, 29860.0, 29930.0, 30059.0, 30331.0, 30350.0, 30301.0, 30125.0, 30417.0, 30496.0, 30201.0, 30721.0, 30862.0, 30608.0, 31213.0, 31385.0, 31212.0, 31145.0, 31191.0, 31342.0, 31624.0, 31604.0, 31595.0, 31770.0, 31796.0, 32000.0, 32267.0, 32389.0, 32463.0, 32451.0, 32568.0, 32375.0, 32541.0, 33007.0, 32757.0, 33000.0, 32732.0, 32845.0, 33315.0, 33483.0, 33080.0, 33468.0, 33303.0, 33192.0, 33574.0, 33378.0, 33429.0, 33714.0, 33662.0, 33579.0, 33880.0, 33599.0, 34015.0, 34434.0, 34513.0, 34524.0, 34416.0, 35074.0, 35080.0, 35176.0, 35557.0, 35487.0, 35310.0, 35862.0, 35729.0, 35807.0, 36350.0, 36724.0, 36692.0, 36880.0, 36866.0, 36744.0, 36540.0, 36622.0, 36834.0, 36767.0, 37645.0, 37443.0, 37381.0, 37995.0, 37819.0, 37997.0, 37870.0, 37973.0, 38143.0, 38488.0, 38344.0, 38394.0, 38313.0, 38458.0, 38762.0, 38952.0, 38838.0, 38703.0, 38966.0, 39097.0, 38917.0, 39349.0, 39556.0, 39499.0, 39947.0, 40113.0, 40463.0, 40059.0, 40467.0, 40554.0, 40800.0, 40826.0, 40930.0, 40680.0, 41082.0, 41118.0, 41336.0, 41347.0, 41311.0, 41168.0, 41720.0, 41753.0, 41646.0, 41645.0, 41715.0, 42086.0, 42110.0, 42194.0, 42349.0, 42089.0, 42397.0, 42497.0, 42573.0, 42605.0, 42751.0, 42956.0, 42857.0, 43072.0, 42737.0, 42900.0, 42869.0, 43031.0, 43357.0, 43131.0, 43437.0, 43030.0, 43632.0, 43426.0, 43814.0, 43854.0, 44395.0, 43926.0, 44135.0, 44463.0, 44382.0, 44447.0, 44519.0, 44638.0, 45181.0, 45407.0, 45681.0, 45619.0, 45762.0, 45434.0, 45926.0, 45613.0, 45865.0, 45638.0, 45758.0, 45989.0, 45849.0, 46561.0, 46466.0, 46380.0, 46592.0, 46353.0, 46387.0, 46719.0, 46756.0, 46701.0, 46621.0, 46958.0, 46919.0, 47140.0, 47052.0, 47343.0, 47640.0, 47848.0, 47516.0, 47824.0, 48199.0, 48283.0, 48022.0, 48154.0, 48461.0, 48079.0, 48293.0, 48312.0, 48421.0, 48227.0, 49073.0, 49289.0, 48943.0, 49416.0, 49332.0, 49417.0, 49891.0, 49709.0, 50439.0, 50325.0, 50442.0, 50724.0, 50911.0, 50603.0, 50791.0, 50790.0, 51112.0, 51523.0, 51507.0, 51384.0, 51469.0, 51750.0, 51777.0, 51569.0, 51644.0, 51873.0, 52109.0, 52011.0, 52729.0, 52597.0, 52734.0, 52687.0, 52666.0, 52661.0, 52800.0, 53287.0, 53385.0, 53362.0, 53634.0, 53357.0, 53221.0, 53958.0, 53697.0, 54056.0, 53768.0, 54159.0, 54131.0, 54332.0, 54403.0, 54244.0, 54373.0, 54169.0, 54699.0, 54769.0, 54734.0, 54441.0, 54788.0]","[0.0, 0.0, 0.0, 0.0, 0.0, 0.0, 0.0, 0.0, 0.0, 0.0, 0.0, 0.0, 0.0, 0.0, 0.0, 0.0, 0.0, 0.0, 0.0, 0.0, 0.0, 0.0, 0.0, 0.0, 0.0, 0.0, 0.0, 0.0, 0.0, 0.0, 0.0, 0.0, 0.0, 0.0, 0.0, 0.0, 0.0, 0.0, 0.0, 0.0, 0.0, 0.0, 0.0, 1.0, 0.0, 0.0, 10.0, 0.0, 0.0, 0.0, 0.0, 0.0, 0.0, 0.0, 0.0, 0.0, 0.0, 0.0, 0.0, 0.0, 0.0, 0.0, 0.0, 0.0, 0.0, 0.0, 0.0, 0.0, 0.0, 0.0, 0.0, 0.0, 0.0, 0.0, 0.0, 0.0, 0.0, 0.0, 0.0, 0.0, 0.0, 0.0, 0.0, 0.0, 0.0, 0.0, 0.0, 0.0, 0.0, 0.0, 0.0, 0.0, 0.0, 0.0, 0.0, 0.0, 0.0, 0.0, 0.0, 0.0, 0.0, 0.0, 2.0, 0.0, 0.0, 0.0, 0.0, 0.0, 0.0, 0.0, 0.0, 0.0, 0.0, 0.0, 0.0, 0.0, 0.0, 0.0, 0.0, 0.0, 0.0, 0.0, 0.0, 0.0, 0.0, 0.0, 0.0, 0.0, 0.0, 0.0, 0.0, 0.0, 0.0, 0.0, 0.0, 0.0, 0.0, 0.0, 0.0, 0.0, 0.0, 0.0, 0.0, 0.0, 0.0, 0.0, 0.0, 0.0, 0.0, 0.0, 0.0, 0.0, 0.0, 0.0, 0.0, 0.0, 0.0, -13.0, 0.0, 0.0, 0.0, 0.0, 0.0, 0.0, 0.0, 0.0, 0.0, 0.0, 0.0, 0.0, 0.0, 0.0, 0.0, 0.0, 0.0, 0.0, 0.0, 0.0, 0.0, 0.0, 0.0, 0.0, 0.0, 0.0, 0.0, 0.0, 0.0, 0.0, -3.0, 23.0, 0.0, 0.0, -4.0, 0.0, 0.0, 0.0, 0.0, 0.0, 0.0, 0.0, 0.0, 0.0, 0.0, 0.0, 0.0, 0.0, 0.0, 0.0, 0.0, 0.0, 0.0, 0.0, 0.0, 53.0, 0.0, 0.0, 0.0, 0.0, 0.0, 0.0, 0.0, 0.0, 0.0, 0.0, 0.0, 20.0, 5.0, 0.0, 0.0, 0.0, 0.0, 0.0, 0.0, 0.0, 0.0, 0.0, 0.0, 0.0, 0.0, 42.0, 0.0, 0.0, 0.0, 0.0, 0.0, 0.0, 0.0, 0.0, 0.0, 0.0, 0.0, 0.0, 0.0, 0.0, 0.0, 0.0, 0.0, 0.0, 0.0, 0.0, 0.0, 0.0, 0.0, 0.0, -6.0, 0.0, 0.0, 0.0, 0.0, 0.0, 0.0, 0.0, 0.0, 0.0, 0.0, 0.0, 0.0, 0.0, 0.0, 0.0, 0.0, 0.0, 0.0, 0.0, 0.0, 0.0, 0.0, 0.0, 0.0, 0.0, 0.0, 0.0, -4.0, 0.0, 0.0, 0.0, 0.0, 0.0, 0.0, 0.0, -8.0, 0.0, 0.0, 0.0, 0.0, 0.0, 0.0, 0.0, 0.0, 0.0, 0.0, 0.0, 0.0, 0.0, 0.0, 0.0, 20.0, 0.0, -71.0, 0.0, 0.0, 0.0, 0.0, 0.0, 0.0, 0.0, 0.0, 0.0, 0.0, 0.0, 0.0, 0.0, 0.0, 0.0, 0.0, 0.0, 0.0, 0.0, 0.0, 0.0, 0.0, 0.0, 0.0, 0.0, 0.0, 0.0, 0.0, 0.0, 0.0, 0.0, 0.0, 0.0, 0.0, 0.0, 0.0, 0.0, 0.0, 0.0, 0.0, 0.0, 0.0, 0.0, 0.0, 0.0, 0.0, 0.0, 0.0, 0.0, 0.0, 0.0, 0.0, 0.0, 0.0, 0.0, 0.0, 0.0, 0.0, 0.0, 0.0, 0.0, 0.0, 0.0, 0.0, 0.0, 0.0, 0.0, 0.0, 0.0, 0.0, 0.0, 0.0, 0.0, 0.0, 0.0, 0.0, 0.0, 0.0, 0.0, 0.0, 0.0, 0.0, 0.0, 0.0, 28.0, 0.0, 0.0, 0.0, 0.0, 0.0, 0.0, 0.0, 0.0, 0.0, 0.0, 0.0, 25.0, 0.0, 0.0, 0.0, 0.0, 0.0, 0.0, 0.0, 0.0, 0.0, 0.0, 0.0, 0.0, 0.0, 0.0, 0.0, 0.0, 0.0, 0.0, 0.0, 0.0, 0.0, 0.0, 0.0, 0.0, 0.0, 0.0, 0.0, 0.0, 0.0, 0.0, 0.0, 0.0, 0.0, 0.0, 0.0, 0.0, 0.0, 0.0, 0.0, 0.0, 0.0, 0.0, 0.0, 0.0, 0.0, 0.0, 0.0, 0.0, 0.0, 0.0, 0.0, 0.0, 0.0, 0.0, 0.0, 35.0, -5.0, 0.0, 0.0, -6.0, 0.0, 32.0, 0.0, 0.0, 0.0, 0.0, 0.0, 0.0, 0.0, 0.0, -56.0, 0.0, 0.0, 0.0, 0.0, 0.0, 77.0, 0.0, 0.0, 0.0, 0.0, 0.0, 25.0, 0.0]","[0, 0, 1, 0, 2, 1, 0, 1, 2, 0, 0, 0, 2, 0, 1, 0, 1, 0, 0, 1, 0, 1, 2, 0, 2, 0, 2, 0, 0, 1, 0, 0, 0, 0, 0, 0, 1, 1, 0, 0, 2, 0, 1, 1, 1, 0, 2, 2, 0, 0, 1, 1, 0, 0, 1, 0, 0, 1, 0, 1, 1, 0, 0, 0, 1, 0, 2, 0, 0, 0, 1, 1, 0, 1, 0, 0, 0, 0, 0, 2, 1, 1, 1, 1, 0, 1, 0, 0, 0, 0, 2, 0, 1, 1, 1, 2, 0, 0, 0, 1, 1, 2, 0, 0, 2, 0, 0, 0, 0, 2, 1, 0, 0, 1, 0, 2, 2, 1, 1, 0, 1, 0, 1, 2, 2, 0, 0, 1, 0, 0, 2, 1, 2, 1, 0, 0, 0, 2, 1, 1, 0, 2, 0, 1, 1, 0, 1, 0, 0, 0, 2, 1, 0, 0, 1, 2, 2, 2, 0, 1, 0, 1, 0, 2, 2, 1, 2, 0, 1, 2, 0, 2, 2, 1, 0, 0, 1, 2, 1, 2, 0, 2, 0, 1, 1, 0, 2, 0, 2, 1, 1, 0, 0, 1, 0, 1, 2, 0, 0, 2, 1, 2, 1, 2, 0, 1, 0, 0, 1, 2, 2, 0, 2, 0, 0, 0, 1, 1, 2, 0, 1, 2, 1, 2, 0, 1, 2, 1, 0, 2, 0, 1, 1, 2, 0, 2, 0, 1, 2, 1, 0, 0, 2, 0, 0, 1, 1, 2, 1, 2, 1, 0, 2, 1, 2, 1, 0, 0, 1, 1, 2, 0, 2, 1, 0, 2, 0, 2, 1, 0, 0, 2, 1, 1, 0, 1, 2, 0, 1, 2, 2, 2, 0, 0, 1, 0, 1, 1, 2, 1, 0, 0, 2, 0, 0, 1, 1, 1, 2, 1, 2, 0, 2, 1, 2, 0, 1, 1, 0, 2, 1, 1, 0, 2, 1, 0, 0, 1, 2, 2, 0, 2, 0, 2, 1, 0, 2, 1, 0, 2, 1, 1, 1, 0, 2, 2, 0, 0, 2, 2, 1, 0, 0, 1, 1, 0, 1, 2, 2, 2, 0, 1, 1, 2, 0, 0, 0, 2, 0, 2, 1, 0, 1, 2, 0, 2, 0, 1, 2, 1, 1, 2, 0, 0, 1, 2, 0, 0, 1, 1, 1, 1, 2, 0, 0, 0, 2, 2, 2, 0, 1, 2, 1, 1, 0, 0, 1, 0, 2, 0, 2, 1, 1, 1, 0, 0, 2, 2, 1, 0, 2, 2, 1, 1, 2, 1, 0, 1, 1, 2, 0, 1, 2, 0, 1, 0, 1, 1, 2, 1, 2, 0, 0, 0, 2, 2, 2, 1, 0, 0, 1, 0, 1, 0, 1, 0, 1, 2, 0, 0, 1, 1, 2, 0, 2, 0, 0, 0, 1, 1, 2, 0, 2, 1, 2, 1, 1, 0, 1, 2, 2, 1, 2, 0, 2, 0, 1, 2, 2, 0, 2, 0, 1, 1, 1, 2, 2, 0, 1, 0, 0, 1, 0, 2, 2, 2, 2, 1, 2, 0]",673.8500000000001,673.85,14483939.0,54788.0,305.1555531024933,673.8500000000001,509.0384353603758,0.2445819761662452
mip,13,total_time,3,"[601.0, 1020.0, 1029.0, 1093.0, 1304.0, 1334.0, 1631.0, 1725.0, 1848.0, 1889.0, 2190.0, 2345.0, 2406.0, 2434.0, 2466.0, 2541.0, 2631.0, 2637.0, 2850.0, 3004.0, 3162.0, 3187.0, 3218.0, 3360.0, 3424.0, 3515.0, 3698.0, 3717.0, 3829.0, 4012.0, 4096.0, 4393.0, 4511.0, 4675.0, 4942.0, 5153.0, 5170.0, 5178.0, 5221.0, 5351.0, 5522.0, 5642.0, 5700.0, 5701.0, 5804.0, 5849.0, 5877.0, 6000.0, 6191.0, 6486.0, 6513.0, 6622.0, 6780.0, 6893.0, 6956.0, 7122.0, 7137.0, 7156.0, 7190.0, 7205.0, 7224.0, 7319.0, 7425.0, 7534.0, 7901.0, 7957.0, 8023.0, 8136.0, 8208.0, 8321.0, 8308.0, 8313.0, 8575.0, 8577.0, 8653.0, 8778.0, 8930.0, 9156.0, 9275.0, 9348.0, 9432.0, 9433.0, 9597.0, 9715.0, 9791.0, 9881.0, 10258.0, 10364.0, 10631.0, 10879.0, 11124.0, 11164.0, 11212.0, 11293.0, 11355.0, 11434.0, 11751.0, 12278.0, 12294.0, 12333.0, 12596.0, 12604.0, 12768.0, 12811.0, 12975.0, 13123.0, 13162.0, 13322.0, 13501.0, 13595.0, 13599.0, 13614.0, 13666.0, 13718.0, 13729.0, 13852.0, 13880.0, 13992.0, 14120.0, 14200.0, 14212.0, 14563.0, 14614.0, 14650.0, 14662.0, 14700.0, 14924.0, 14928.0, 15040.0, 15047.0, 15066.0, 15135.0, 15575.0, 15764.0, 15769.0, 15968.0, 16052.0, 16110.0, 16432.0, 16579.0, 16591.0, 16623.0, 16851.0, 16928.0, 16993.0, 17182.0, 17226.0, 17236.0, 17255.0, 17372.0, 17453.0, 17483.0, 17827.0, 18064.0, 18385.0, 18785.0, 18815.0, 18962.0, 19039.0, 19092.0, 19233.0, 19272.0, 19376.0, 19424.0, 19508.0, 19795.0, 20061.0, 20143.0, 20647.0, 21103.0, 21182.0, 21415.0, 21491.0, 21578.0, 21741.0, 22118.0, 22145.0, 22215.0, 22365.0, 22585.0, 22781.0, 22921.0, 22928.0, 23172.0, 23324.0, 23388.0, 23412.0, 23461.0, 23620.0, 23680.0, 23699.0, 23864.0, 23884.0, 24046.0, 24177.0, 24213.0, 24247.0, 24643.0, 24653.0, 24746.0, 24907.0, 25028.0, 25250.0, 25252.0, 25494.0, 25776.0, 25817.0, 25895.0, 25940.0, 25962.0, 26080.0, 26082.0, 26099.0, 26167.0, 26219.0, 26386.0, 26426.0, 26490.0, 26708.0, 26778.0, 26854.0, 26953.0, 27056.0, 27257.0, 27263.0, 27343.0, 27406.0, 27493.0, 27523.0, 27566.0, 27748.0, 27764.0, 27791.0, 27832.0, 27916.0, 28122.0, 28218.0, 28268.0, 28280.0, 28331.0, 28439.0, 28483.0, 28586.0, 28917.0, 28967.0, 29009.0, 29051.0, 29161.0, 29321.0, 29618.0, 29740.0, 29758.0, 29797.0, 29858.0, 29886.0, 29934.0, 29951.0, 30045.0, 30423.0, 30465.0, 30508.0, 30828.0, 30846.0, 30847.0, 30950.0, 30971.0, 31175.0, 31215.0, 31339.0, 31360.0, 31373.0, 31623.0, 31742.0, 31818.0, 31857.0, 31966.0, 31977.0, 32160.0, 32249.0, 32437.0, 32476.0, 32595.0, 32597.0, 32655.0, 32716.0, 32852.0, 32964.0, 32969.0, 32971.0, 33068.0, 33098.0, 33134.0, 33137.0, 33167.0, 33214.0, 33251.0, 33290.0, 33317.0, 33418.0, 33553.0, 33914.0, 33959.0, 34091.0, 34222.0, 34645.0, 34682.0, 34800.0, 35154.0, 35185.0, 35239.0, 35323.0, 35571.0, 35576.0, 36035.0, 36276.0, 36295.0, 36312.0, 36400.0, 36426.0, 36466.0, 36494.0, 36629.0, 36638.0, 37056.0, 37138.0, 37203.0, 37560.0, 37695.0, 37700.0, 37795.0, 37878.0, 37886.0, 38021.0, 38099.0, 38189.0, 38228.0, 38279.0, 38430.0, 38479.0, 38574.0, 38604.0, 38669.0, 38725.0, 38759.0, 38889.0, 39210.0, 39293.0, 39430.0, 39533.0, 39954.0, 39958.0, 40107.0, 40119.0, 40205.0, 40345.0, 40394.0, 40500.0, 40628.0, 40742.0, 40833.0, 40855.0, 40924.0, 40928.0, 41131.0, 41163.0, 41432.0, 41513.0, 41567.0, 41782.0, 41894.0, 41900.0, 41984.0, 41986.0, 42033.0, 42054.0, 42203.0, 42369.0, 42474.0, 42504.0, 42522.0, 42564.0, 42594.0, 42613.0, 42746.0, 42782.0, 42785.0, 42836.0, 42916.0, 42935.0, 43065.0, 43176.0, 43576.0, 43684.0, 43862.0, 43863.0, 44035.0, 44097.0, 44117.0, 44240.0, 44364.0, 44516.0, 44737.0, 44989.0, 45226.0, 45231.0, 45336.0, 45364.0, 45404.0, 45413.0, 45481.0, 45454.0, 45607.0, 45610.0, 45785.0, 46031.0, 46077.0, 46196.0, 46247.0, 46257.0, 46286.0, 46338.0, 46371.0, 46434.0, 46486.0, 46804.0, 46851.0, 46903.0, 46927.0, 47183.0, 47324.0, 47387.0, 47450.0, 47557.0, 47632.0, 47810.0, 47811.0, 47860.0, 47923.0, 47954.0, 47975.0, 48012.0, 48087.0, 48164.0, 48583.0, 48824.0, 48867.0, 49144.0, 49191.0, 49251.0, 49455.0, 49635.0, 49993.0, 50033.0, 50087.0, 50359.0, 50360.0, 50449.0, 50593.0, 50606.0, 50863.0, 50960.0, 51064.0, 51096.0, 51155.0, 51223.0, 51407.0, 51483.0, 51563.0, 51686.0, 51849.0, 51907.0, 52198.0, 52275.0, 52349.0, 52388.0, 52404.0, 52594.0, 52665.0, 52810.0, 52880.0, 52962.0, 53069.0, 53125.0, 53138.0, 53569.0, 53580.0, 53598.0, 53659.0, 53655.0, 53736.0, 53792.0, 53835.0, 53846.0, 53914.0, 53921.0, 54186.0, 54204.0, 54236.0, 54301.0, 54583.0]","[-108.0, -278.0, -545.0, -411.0, -96.0, -80.0, -205.0, -591.0, -537.0, -244.0, -178.0, -306.0, -541.0, -137.0, -598.0, -405.0, -300.0, -438.0, -324.0, -197.0, -161.0, -493.0, -534.0, -323.0, -251.0, -332.0, -415.0, -310.0, -481.0, -242.0, -135.0, -269.0, -453.0, -86.0, -341.0, -266.0, -544.0, -185.0, -397.0, -337.0, -136.0, -325.0, -243.0, -509.0, -339.0, -308.0, -335.0, -109.0, -130.0, -267.0, -576.0, -315.0, -261.0, -264.0, -250.0, -492.0, -132.0, -290.0, -158.0, -85.0, -383.0, -133.0, -419.0, -172.0, -342.0, -394.0, -132.0, -66.0, -558.0, -330.0, -541.0, -332.0, -306.0, -445.0, -336.0, -366.0, -500.0, -482.0, -590.0, -451.0, -462.0, -266.0, -193.0, -599.0, -358.0, -245.0, -102.0, -427.0, -318.0, -548.0, -568.0, -480.0, -122.0, -254.0, -271.0, -182.0, -281.0, -141.0, -419.0, -417.0, -473.0, -449.0, -360.0, -251.0, -172.0, -121.0, -513.0, -171.0, -419.0, -204.0, -276.0, -477.0, -588.0, -84.0, -74.0, -203.0, -247.0, -68.0, -375.0, -216.0, -591.0, -550.0, -409.0, -190.0, -271.0, -161.0, -98.0, -580.0, -371.0, -274.0, -456.0, -128.0, -429.0, -201.0, -476.0, -126.0, -511.0, -424.0, -148.0, -310.0, -181.0, -336.0, -149.0, -381.0, -93.0, -503.0, -358.0, -138.0, -529.0, -194.0, -415.0, -198.0, -93.0, -140.0, -389.0, -450.0, -577.0, -518.0, -279.0, -386.0, -255.0, -446.0, -400.0, -111.0, -587.0, -389.0, -446.0, -283.0, -208.0, -105.0, -472.0, -338.0, -586.0, -273.0, -488.0, -399.0, -521.0, -411.0, -583.0, -459.0, -431.0, -320.0, -471.0, -135.0, -187.0, -511.0, -595.0, -367.0, -322.0, -334.0, -270.0, -223.0, -117.0, -223.0, -405.0, -381.0, -565.0, -422.0, -316.0, -361.0, -249.0, -214.0, -134.0, -186.0, -309.0, -90.0, -393.0, -96.0, -520.0, -367.0, -103.0, -344.0, -399.0, -319.0, -81.0, -383.0, -287.0, -404.0, -201.0, -396.0, -354.0, -283.0, -445.0, -364.0, -406.0, -349.0, -278.0, -129.0, -444.0, -515.0, -400.0, -285.0, -361.0, -342.0, -397.0, -183.0, -561.0, -329.0, -500.0, -337.0, -195.0, -491.0, -71.0, -525.0, -396.0, -69.0, -191.0, -381.0, -539.0, -312.0, -319.0, -573.0, -553.0, -443.0, -239.0, -483.0, -545.0, -156.0, -298.0, -397.0, -100.0, -385.0, -539.0, -365.0, -201.0, -220.0, -167.0, -409.0, -265.0, -235.0, -397.0, -173.0, -258.0, -449.0, -532.0, -497.0, -474.0, -408.0, -126.0, -104.0, -531.0, -162.0, -403.0, -77.0, -129.0, -463.0, -519.0, -111.0, -497.0, -235.0, -94.0, -440.0, -245.0, -262.0, -500.0, -411.0, -289.0, -563.0, -181.0, -462.0, -528.0, -554.0, -433.0, -194.0, -429.0, -398.0, -376.0, -403.0, -302.0, -71.0, -539.0, -158.0, -231.0, -315.0, -448.0, -397.0, -548.0, -466.0, -389.0, -74.0, -128.0, -205.0, -129.0, -589.0, -305.0, -178.0, -435.0, -124.0, -297.0, -75.0, -95.0, -257.0, -467.0, -245.0, -205.0, -85.0, -179.0, -332.0, -473.0, -264.0, -99.0, -297.0, -372.0, -158.0, -460.0, -346.0, -206.0, -517.0, -580.0, -509.0, -101.0, -360.0, -435.0, -595.0, -481.0, -536.0, -180.0, -454.0, -376.0, -503.0, -492.0, -387.0, -240.0, -589.0, -590.0, -214.0, -132.0, -148.0, -304.0, -216.0, -294.0, -365.0, -103.0, -364.0, -443.0, -370.0, -236.0, -277.0, -452.0, -335.0, -508.0, -143.0, -287.0, -123.0, -249.0, -572.0, -295.0, -521.0, -95.0, -567.0, -250.0, -238.0, -170.0, -533.0, -63.0, -100.0, -366.0, -265.0, -207.0, -155.0, -122.0, -444.0, -418.0, -427.0, -388.0, -426.0, -70.0, -522.0, -200.0, -384.0, -184.0, -151.0, -379.0, -64.0, -530.0, -364.0, -184.0, -345.0, -96.0, -101.0, -381.0, -385.0, -267.0, -135.0, -154.0, -68.0, -237.0, -125.0, -160.0, -316.0, -461.0, -66.0, -267.0, -567.0, -473.0, -211.0, -294.0, -538.0, -125.0, -318.0, -300.0, -334.0, -63.0, -490.0, -465.0, -76.0, -272.0, -141.0, -166.0, -436.0, -74.0, -446.0, -292.0, -355.0, -365.0, -551.0, -154.0, -198.0, -184.0, -249.0, -563.0, -443.0, -288.0, -314.0, -527.0, -370.0, -86.0, -81.0, -187.0, -260.0, -104.0, -496.0, -327.0, -385.0, -299.0, -268.0, -67.0, -103.0, -477.0, -505.0, -400.0, -565.0, -232.0, -83.0, -389.0, -117.0, -514.0, -109.0, -504.0, -395.0, -540.0, -568.0, -321.0, -459.0, -248.0, -513.0, -565.0, -498.0, -115.0, -205.0]","[0, 0, 2, 1, 2, 1, 2, 1, 0, 2, 1, 2, 1, 2, 0, 1, 2, 0, 0, 0, 2, 1, 0, 1, 2, 1, 1, 0, 1, 2, 0, 1, 1, 0, 1, 2, 0, 1, 2, 1, 2, 2, 1, 0, 1, 0, 1, 0, 2, 1, 2, 2, 0, 1, 0, 1, 2, 0, 1, 2, 0, 0, 0, 1, 1, 0, 1, 2, 1, 1, 2, 0, 0, 2, 1, 1, 2, 1, 1, 0, 2, 1, 1, 0, 2, 1, 2, 0, 1, 0, 2, 1, 0, 1, 0, 1, 0, 2, 0, 1, 2, 0, 1, 0, 2, 2, 1, 0, 2, 1, 0, 2, 1, 0, 2, 2, 1, 2, 0, 2, 1, 0, 1, 2, 0, 1, 0, 2, 0, 2, 1, 1, 2, 0, 1, 0, 2, 1, 1, 1, 2, 0, 1, 0, 2, 0, 1, 2, 0, 2, 0, 2, 1, 0, 0, 1, 2, 1, 0, 2, 1, 0, 1, 0, 1, 2, 1, 0, 0, 2, 1, 0, 1, 2, 1, 1, 0, 2, 1, 2, 0, 1, 2, 0, 1, 2, 1, 0, 1, 2, 0, 1, 2, 1, 0, 2, 1, 2, 0, 2, 1, 1, 0, 2, 0, 0, 1, 0, 1, 2, 2, 0, 1, 1, 0, 2, 0, 1, 2, 1, 2, 2, 0, 1, 2, 1, 0, 1, 2, 0, 1, 0, 2, 1, 2, 0, 2, 0, 1, 2, 2, 1, 0, 1, 0, 2, 0, 2, 1, 0, 2, 1, 0, 1, 2, 0, 1, 0, 0, 2, 1, 0, 1, 2, 0, 1, 1, 0, 0, 2, 1, 0, 1, 2, 1, 0, 1, 0, 2, 1, 2, 2, 0, 1, 2, 0, 2, 0, 1, 0, 2, 1, 0, 2, 1, 0, 2, 1, 0, 1, 1, 0, 0, 0, 0, 1, 0, 1, 0, 2, 1, 1, 0, 0, 2, 1, 0, 1, 2, 0, 1, 1, 0, 2, 1, 0, 2, 2, 0, 1, 2, 0, 2, 2, 1, 0, 2, 1, 2, 2, 0, 2, 1, 0, 1, 1, 0, 0, 0, 2, 0, 0, 1, 1, 0, 1, 2, 2, 0, 2, 0, 1, 0, 2, 1, 0, 1, 0, 2, 2, 1, 2, 0, 1, 0, 2, 0, 2, 0, 1, 2, 0, 1, 1, 0, 2, 1, 2, 1, 1, 0, 0, 0, 2, 1, 0, 2, 1, 0, 2, 0, 1, 0, 2, 1, 1, 2, 1, 0, 0, 2, 1, 0, 1, 0, 1, 0, 2, 1, 0, 2, 1, 0, 2, 0, 2, 0, 1, 0, 2, 1, 0, 2, 1, 1, 2, 0, 1, 2, 0, 1, 2, 1, 0, 0, 1, 0, 1, 2, 2, 0, 0, 1, 2, 0, 2, 1, 2, 0, 2, 1, 2, 0, 1, 2, 0, 1, 0, 2, 0, 1, 0, 1, 2, 1, 0, 0, 2, 2, 0, 1, 1, 0, 2, 0, 1, 2, 0, 1, 1, 2, 1, 0, 0, 2, 1, 2, 0, 1, 0]",14322338.0,243730.42,14322338.0,54583.0,22.166728019714355,14322338.0,14322338.0,0.0
mip,13,makespan,3,"[952.0, 1097.0, 1029.0, 2893.0, 1304.0, 1372.0, 1631.0, 3525.0, 1957.0, 1889.0, 2190.0, 2345.0, 2757.0, 2622.0, 2690.0, 2780.0, 2825.0, 2825.0, 2893.0, 4804.0, 3277.0, 3187.0, 3277.0, 3457.0, 3525.0, 3525.0, 3852.0, 3717.0, 3920.0, 4420.0, 4096.0, 4533.0, 4601.0, 4691.0, 4942.0, 5153.0, 5246.0, 5178.0, 5246.0, 5351.0, 7322.0, 5642.0, 5700.0, 5701.0, 5917.0, 5849.0, 5985.0, 6000.0, 6191.0, 6825.0, 6757.0, 6938.0, 6938.0, 7096.0, 7028.0, 7164.0, 7254.0, 7164.0, 7186.0, 7232.0, 7322.0, 7322.0, 7425.0, 9334.0, 8025.0, 7957.0, 9801.0, 9936.0, 8376.0, 8489.0, 8308.0, 8313.0, 8645.0, 8577.0, 8653.0, 8778.0, 9153.0, 9266.0, 9334.0, 9575.0, 9643.0, 9643.0, 9643.0, 9733.0, 9801.0, 9936.0, 10258.0, 10364.0, 10631.0, 10879.0, 11124.0, 11325.0, 11212.0, 11393.0, 11393.0, 11434.0, 13551.0, 12362.0, 12294.0, 14133.0, 12596.0, 13076.0, 13076.0, 13189.0, 13257.0, 13370.0, 13370.0, 13483.0, 13501.0, 13614.0, 13797.0, 13614.0, 13786.0, 13718.0, 13729.0, 13854.0, 13880.0, 13992.0, 14120.0, 14280.0, 14212.0, 14563.0, 14614.0, 14650.0, 14662.0, 14700.0, 14924.0, 14928.0, 15040.0, 15047.0, 15066.0, 15135.0, 15575.0, 15764.0, 15769.0, 15968.0, 16052.0, 16110.0, 16432.0, 16681.0, 16591.0, 16704.0, 16851.0, 16928.0, 18785.0, 17182.0, 17272.0, 17272.0, 19055.0, 17372.0, 17453.0, 17483.0, 17827.0, 18064.0, 18385.0, 18785.0, 18853.0, 18962.0, 19039.0, 19107.0, 19233.0, 19272.0, 21176.0, 19598.0, 19508.0, 19795.0, 20996.0, 21018.0, 21086.0, 21176.0, 22982.0, 23215.0, 23265.0, 23378.0, 23541.0, 23918.0, 23850.0, 24015.0, 24165.0, 24385.0, 24581.0, 24721.0, 24728.0, 24972.0, 25075.0, 25188.0, 25075.0, 25261.0, 25420.0, 25352.0, 25420.0, 25563.0, 25563.0, 25653.0, 25766.0, 25766.0, 25766.0, 25901.0, 25901.0, 25901.0, 26014.0, 26828.0, 26082.0, 26014.0, 26172.0, 26172.0, 26285.0, 26285.0, 26353.0, 26353.0, 26466.0, 26466.0, 26466.0, 26534.0, 26602.0, 26670.0, 26738.0, 26760.0, 28508.0, 26828.0, 26854.0, 26953.0, 27056.0, 27331.0, 27263.0, 27343.0, 27406.0, 27493.0, 27523.0, 27566.0, 28079.0, 27989.0, 28079.0, 28147.0, 28147.0, 28237.0, 28259.0, 28327.0, 28327.0, 28372.0, 28440.0, 28508.0, 30386.0, 28917.0, 29077.0, 29009.0, 29145.0, 29161.0, 29321.0, 29979.0, 30047.0, 30093.0, 30115.0, 30183.0, 30183.0, 30228.0, 30273.0, 30296.0, 30578.0, 30465.0, 30646.0, 30828.0, 30960.0, 30847.0, 31061.0, 30971.0, 31175.0, 31215.0, 31339.0, 31360.0, 31373.0, 31623.0, 31742.0, 31818.0, 31886.0, 31966.0, 32056.0, 32317.0, 32249.0, 32437.0, 32550.0, 32687.0, 32597.0, 32829.0, 32716.0, 32897.0, 32964.0, 32969.0, 32987.0, 33068.0, 33098.0, 33136.0, 33137.0, 33327.0, 33214.0, 33395.0, 33327.0, 33486.0, 33418.0, 33599.0, 34027.0, 33959.0, 34091.0, 34222.0, 34645.0, 34682.0, 34800.0, 35239.0, 35239.0, 35239.0, 36946.0, 37104.0, 37036.0, 37127.0, 38076.0, 37172.0, 38112.0, 37262.0, 37308.0, 37308.0, 37330.0, 37398.0, 37489.0, 37511.0, 37692.0, 37579.0, 39360.0, 37760.0, 37986.0, 37850.0, 37918.0, 37986.0, 38044.0, 38112.0, 38189.0, 38228.0, 38279.0, 38430.0, 38479.0, 38574.0, 39043.0, 38669.0, 39111.0, 39111.0, 39179.0, 39247.0, 39293.0, 39430.0, 39533.0, 39954.0, 39958.0, 40107.0, 40119.0, 40205.0, 40345.0, 40394.0, 40500.0, 40628.0, 40742.0, 40833.0, 40855.0, 40996.0, 40928.0, 41131.0, 41199.0, 43232.0, 41513.0, 41567.0, 41782.0, 41894.0, 42238.0, 42329.0, 42442.0, 42351.0, 42419.0, 42532.0, 42600.0, 42668.0, 42668.0, 42713.0, 42736.0, 42781.0, 42781.0, 42849.0, 42939.0, 43007.0, 42939.0, 43097.0, 43007.0, 43097.0, 43232.0, 43576.0, 43684.0, 43862.0, 43863.0, 44035.0, 44097.0, 44117.0, 44240.0, 44364.0, 44516.0, 46486.0, 44989.0, 45226.0, 45231.0, 45336.0, 45364.0, 45394.0, 45484.0, 45484.0, 45454.0, 45607.0, 45610.0, 45785.0, 46031.0, 46077.0, 46196.0, 46247.0, 46257.0, 46286.0, 48138.0, 46371.0, 46621.0, 46486.0, 46804.0, 46993.0, 46903.0, 46927.0, 47183.0, 47324.0, 47387.0, 47450.0, 47557.0, 47632.0, 47810.0, 47811.0, 47860.0, 47923.0, 47954.0, 47975.0, 48070.0, 48088.0, 48164.0, 48583.0, 48935.0, 48867.0, 49144.0, 49319.0, 49251.0, 49455.0, 49635.0, 51744.0, 50033.0, 50087.0, 50428.0, 50360.0, 52198.0, 50719.0, 50606.0, 50863.0, 50960.0, 51064.0, 51096.0, 51155.0, 51223.0, 51407.0, 51631.0, 51563.0, 51721.0, 51849.0, 51907.0, 52198.0, 52275.0, 52472.0, 52472.0, 52404.0, 52733.0, 52665.0, 52810.0, 52880.0, 52962.0, 53069.0, 53228.0, 53138.0, 53569.0, 53580.0, 53598.0, 53659.0, 53659.0, 53736.0, 54004.0, 53914.0, 53846.0, 53882.0, 53921.0, 54186.0, 54369.0, 54369.0, 54301.0, 54583.0]","[243.0, -201.0, -545.0, 1389.0, -96.0, -42.0, -205.0, 1209.0, -428.0, -244.0, -178.0, -306.0, -190.0, 51.0, -374.0, -166.0, -106.0, -250.0, -281.0, 1603.0, -46.0, -493.0, -475.0, -226.0, -150.0, -322.0, -261.0, -310.0, -390.0, 166.0, -135.0, -129.0, -363.0, -70.0, -341.0, -266.0, -468.0, -185.0, -372.0, -337.0, 1664.0, -325.0, -243.0, -509.0, -226.0, -308.0, -227.0, -109.0, -130.0, 72.0, -332.0, 1.0, -103.0, -61.0, -178.0, -450.0, -15.0, -282.0, -162.0, -58.0, -285.0, -130.0, -419.0, 1628.0, -218.0, -394.0, 1646.0, 1734.0, -390.0, -162.0, -541.0, -332.0, -236.0, -445.0, -336.0, -366.0, -277.0, -372.0, -531.0, -224.0, -251.0, -56.0, -147.0, -581.0, -348.0, -190.0, -102.0, -427.0, -318.0, -548.0, -568.0, -319.0, -122.0, -154.0, -233.0, -182.0, 1519.0, -57.0, -419.0, 1383.0, -473.0, 23.0, -52.0, 127.0, 110.0, 126.0, -305.0, -10.0, -419.0, -185.0, -78.0, -477.0, -468.0, -84.0, -74.0, -201.0, -247.0, -68.0, -375.0, -136.0, -591.0, -550.0, -409.0, -190.0, -271.0, -161.0, -98.0, -580.0, -371.0, -274.0, -456.0, -128.0, -429.0, -201.0, -476.0, -126.0, -511.0, -424.0, -148.0, -208.0, -181.0, -255.0, -149.0, -381.0, 1699.0, -503.0, -312.0, -102.0, 1271.0, -194.0, -415.0, -198.0, -93.0, -140.0, -389.0, -450.0, -539.0, -518.0, -279.0, -371.0, -255.0, -446.0, 1400.0, 63.0, -587.0, -389.0, 489.0, 592.0, 231.0, -32.0, 1328.0, 1462.0, 1188.0, 1527.0, 1312.0, 1401.0, 1184.0, 1389.0, 1217.0, 1341.0, 1369.0, 1480.0, 1329.0, 1665.0, 1564.0, 1289.0, 1068.0, 1433.0, 1478.0, 1338.0, 1451.0, 1476.0, 1562.0, 1384.0, 1184.0, 1172.0, 954.0, 836.0, 932.0, 794.0, 858.0, 1586.0, 698.0, 576.0, 369.0, 306.0, 75.0, 294.0, -107.0, 24.0, 283.0, 40.0, -32.0, 48.0, 302.0, -99.0, 25.0, -134.0, 1599.0, -346.0, -354.0, -283.0, -445.0, -290.0, -406.0, -349.0, -278.0, -129.0, -444.0, -515.0, -69.0, -60.0, -73.0, -27.0, -166.0, -68.0, -520.0, -270.0, -453.0, -296.0, -194.0, -466.0, 1729.0, -525.0, -286.0, -69.0, -97.0, -381.0, -539.0, 49.0, -12.0, -238.0, -235.0, -118.0, 58.0, -189.0, -223.0, 95.0, -143.0, -397.0, 38.0, -385.0, -425.0, -365.0, -90.0, -220.0, -167.0, -409.0, -265.0, -235.0, -397.0, -173.0, -258.0, -449.0, -503.0, -497.0, -395.0, -251.0, -126.0, -104.0, -457.0, -70.0, -403.0, 97.0, -129.0, -418.0, -519.0, -111.0, -481.0, -235.0, -94.0, -438.0, -245.0, -102.0, -500.0, -267.0, -252.0, -394.0, -181.0, -416.0, -415.0, -554.0, -433.0, -194.0, -429.0, -398.0, -376.0, -318.0, -248.0, -71.0, 1084.0, 1375.0, 1229.0, 777.0, 1352.0, 480.0, 1252.0, 396.0, 493.0, 768.0, 708.0, 564.0, 722.0, -134.0, 249.0, 198.0, 1365.0, -59.0, -11.0, -20.0, -55.0, -157.0, -444.0, -232.0, -205.0, -85.0, -179.0, -332.0, -473.0, -264.0, 340.0, -297.0, 14.0, 194.0, -170.0, -309.0, -206.0, -517.0, -580.0, -509.0, -101.0, -360.0, -435.0, -595.0, -481.0, -536.0, -180.0, -454.0, -376.0, -503.0, -492.0, -315.0, -240.0, -589.0, -554.0, 1586.0, -132.0, -148.0, -304.0, -216.0, 44.0, -20.0, 353.0, -46.0, -78.0, -41.0, -5.0, -83.0, -288.0, -144.0, -336.0, 44.0, -119.0, -20.0, -92.0, -350.0, -192.0, -340.0, -23.0, -535.0, -194.0, -238.0, -170.0, -533.0, -63.0, -100.0, -366.0, -265.0, -207.0, -155.0, -122.0, 1305.0, -418.0, -427.0, -388.0, -426.0, -70.0, -532.0, -129.0, -381.0, -184.0, -151.0, -379.0, -64.0, -530.0, -364.0, -184.0, -345.0, -96.0, -101.0, 1419.0, -385.0, -80.0, -135.0, -154.0, 74.0, -237.0, -125.0, -160.0, -316.0, -461.0, -66.0, -267.0, -567.0, -473.0, -211.0, -294.0, -538.0, -125.0, -318.0, -242.0, -333.0, -63.0, -490.0, -354.0, -76.0, -272.0, -13.0, -166.0, -436.0, -74.0, 1305.0, -292.0, -355.0, -296.0, -551.0, 1595.0, -72.0, -184.0, -249.0, -563.0, -443.0, -288.0, -314.0, -527.0, -370.0, 62.0, -81.0, -152.0, -260.0, -104.0, -496.0, -327.0, -262.0, -215.0, -268.0, 72.0, -103.0, -477.0, -505.0, -400.0, -565.0, -129.0, -83.0, -389.0, -117.0, -514.0, -109.0, -500.0, -395.0, -328.0, -489.0, -321.0, -491.0, -248.0, -513.0, -400.0, -365.0, -115.0, -205.0]","[0, 2, 2, 2, 2, 2, 2, 2, 2, 2, 2, 2, 2, 2, 0, 1, 2, 0, 1, 2, 0, 1, 1, 0, 1, 0, 2, 2, 2, 1, 1, 2, 2, 2, 2, 2, 0, 0, 2, 1, 2, 1, 0, 2, 2, 2, 0, 2, 1, 1, 1, 2, 1, 1, 1, 2, 2, 1, 0, 1, 1, 0, 1, 1, 2, 2, 0, 0, 2, 2, 2, 0, 2, 2, 1, 2, 1, 1, 0, 0, 1, 2, 0, 0, 1, 2, 2, 1, 2, 2, 0, 2, 2, 0, 1, 2, 1, 2, 2, 1, 1, 1, 0, 0, 0, 0, 1, 1, 2, 2, 2, 0, 1, 0, 2, 0, 2, 1, 0, 0, 0, 1, 2, 0, 1, 2, 1, 2, 0, 1, 2, 2, 2, 2, 0, 0, 2, 1, 1, 1, 2, 0, 2, 1, 1, 0, 1, 0, 0, 1, 0, 2, 2, 0, 2, 2, 0, 2, 1, 1, 1, 2, 2, 0, 0, 2, 1, 0, 0, 0, 1, 0, 1, 1, 0, 2, 2, 0, 0, 0, 0, 0, 2, 1, 2, 0, 0, 2, 0, 0, 1, 1, 2, 2, 2, 1, 0, 2, 0, 1, 2, 2, 1, 1, 1, 0, 2, 0, 1, 0, 1, 0, 2, 2, 2, 1, 2, 1, 1, 0, 1, 0, 1, 0, 0, 1, 0, 1, 2, 0, 2, 2, 0, 1, 2, 1, 2, 1, 0, 2, 1, 0, 1, 2, 1, 1, 1, 2, 0, 1, 1, 2, 1, 2, 1, 0, 2, 0, 0, 0, 0, 0, 0, 2, 0, 2, 2, 0, 2, 0, 1, 2, 1, 1, 1, 1, 1, 1, 1, 0, 0, 2, 1, 1, 1, 0, 2, 1, 0, 1, 2, 0, 1, 2, 2, 1, 1, 2, 2, 2, 0, 0, 1, 1, 1, 0, 2, 0, 2, 1, 1, 1, 1, 0, 1, 1, 2, 2, 1, 0, 2, 1, 2, 0, 1, 1, 1, 1, 1, 1, 1, 0, 2, 0, 1, 0, 1, 0, 2, 1, 2, 0, 1, 2, 2, 1, 2, 2, 2, 2, 1, 2, 0, 1, 0, 1, 0, 2, 2, 0, 1, 1, 1, 1, 1, 1, 0, 1, 0, 2, 1, 0, 2, 1, 0, 1, 0, 2, 0, 1, 0, 2, 1, 0, 1, 1, 0, 2, 2, 1, 2, 2, 1, 1, 0, 0, 1, 2, 0, 2, 0, 1, 1, 0, 1, 1, 0, 2, 2, 1, 0, 1, 0, 1, 0, 2, 2, 0, 1, 2, 1, 0, 0, 2, 1, 1, 1, 0, 1, 1, 2, 1, 2, 1, 1, 2, 0, 1, 0, 2, 1, 2, 2, 2, 2, 2, 0, 0, 1, 2, 1, 1, 1, 2, 1, 1, 1, 1, 1, 1, 0, 0, 1, 0, 2, 0, 1, 1, 0, 2, 1, 2, 1, 0, 2, 2, 1, 1, 2, 1, 2, 1, 1, 1, 2, 1, 0, 2, 1, 1, 1, 2, 2, 0, 1, 1, 0, 1, 1, 1]",54583.0,294946.89,14463459.0,54583.0,5.659577131271362,54583.0,54583.0,0.0
cp,1,penalty,1,"[165.0, 258.0, 98.0, 106.0, 118.0, 126.0, 134.0, 142.0, 150.0, 180.0]","[10.0, 0.0, 0.0, 0.0, -5.0, -9.0, -4.0, 2.0, 0.0, 0.0]","[0, 0, 0, 0, 0, 0, 0, 0, 0, 0]",700.0,700.0,1477.0,258.0,0.05475783348083496,700.0,700.0,0.0
cp,1,total_time,1,"[159.0, 195.0, 89.0, 97.0, 110.0, 120.0, 136.0, 128.0, 144.0, 174.0]","[4.0, -63.0, -9.0, -9.0, -13.0, -15.0, -2.0, -12.0, -6.0, -6.0]","[0, 0, 0, 0, 0, 0, 0, 0, 0, 0]",1352.0,2830.0,1352.0,195.0,0.007318973541259766,1352.0,1352.0,0.0
cp,1,makespan,1,"[159.0, 195.0, 89.0, 97.0, 110.0, 120.0, 136.0, 128.0, 144.0, 174.0]","[4.0, -63.0, -9.0, -9.0, -13.0, -15.0, -2.0, -12.0, -6.0, -6.0]","[0, 0, 0, 0, 0, 0, 0, 0, 0, 0]",195.0,2830.0,1352.0,195.0,0.0072019100189208984,195.0,195.0,0.0
cp,1,penalty,2,"[155.0, 258.0, 98.0, 106.0, 123.0, 132.0, 138.0, 140.0, 150.0, 180.0]","[0.0, 0.0, 0.0, 0.0, 0.0, -3.0, 0.0, 0.0, 0.0, 0.0]","[0, 1, 1, 1, 1, 0, 1, 0, 1, 1]",90.0,90.0,1480.0,258.0,0.009017229080200195,90.0,90.0,0.0
cp,1,total_time,2,"[139.0, 195.0, 89.0, 96.0, 110.0, 120.0, 124.0, 128.0, 136.0, 160.0]","[-16.0, -63.0, -9.0, -10.0, -13.0, -15.0, -14.0, -12.0, -14.0, -20.0]","[0, 1, 0, 1, 1, 1, 0, 1, 1, 0]",1297.0,4000.0,1297.0,195.0,0.01123809814453125,1297.0,1297.0,0.0
cp,1,makespan,2,"[129.0, 195.0, 89.0, 96.0, 176.0, 168.0, 151.0, 143.0, 135.0, 160.0]","[-26.0, -63.0, -9.0, -10.0, 53.0, 33.0, 13.0, 3.0, -15.0, -20.0]","[0, 1, 1, 0, 1, 1, 1, 1, 1, 1]",195.0,5570.0,1442.0,195.0,0.008487939834594727,195.0,195.0,0.0
cp,1,penalty,3,"[155.0, 258.0, 98.0, 106.0, 123.0, 135.0, 138.0, 140.0, 150.0, 180.0]","[0.0, 0.0, 0.0, 0.0, 0.0, 0.0, 0.0, 0.0, 0.0, 0.0]","[0, 1, 0, 1, 0, 1, 2, 0, 1, 0]",0.0,0.0,1483.0,258.0,0.011452913284301758,0.0,0.0,0.0
cp,1,total_time,3,"[129.0, 195.0, 89.0, 96.0, 110.0, 120.0, 124.0, 128.0, 135.0, 160.0]","[-26.0, -63.0, -9.0, -10.0, -13.0, -15.0, -14.0, -12.0, -15.0, -20.0]","[0, 1, 1, 0, 2, 2, 1, 2, 1, 0]",1286.0,4130.0,1286.0,195.0,0.011700868606567383,1286.0,1286.0,0.0
cp,1,makespan,3,"[129.0, 195.0, 89.0, 144.0, 152.0, 192.0, 184.0, 176.0, 168.0, 160.0]","[-26.0, -63.0, -9.0, 38.0, 29.0, 57.0, 46.0, 36.0, 18.0, -20.0]","[0, 1, 0, 0, 0, 0, 0, 0, 0, 0]",195.0,8480.0,1589.0,195.0,0.009779930114746094,195.0,195.0,0.0
cp,2,penalty,1,"[196.0, 250.0, 90.0, 98.0, 106.0, 114.0, 122.0, 138.0, 130.0, 151.0, 339.0, 313.0, 181.0, 171.0, 342.0]","[41.0, 0.0, -3.0, 0.0, -5.0, -6.0, 1.0, 18.0, 2.0, 0.0, -2.0, 0.0, 0.0, 0.0, 0.0]","[0, 0, 0, 0, 0, 0, 0, 0, 0, 0, 0, 0, 0, 0, 0]",1480.0,1480.0,2741.0,342.0,0.09671998023986816,1480.0,1480.0,0.0
cp,2,total_time,1,"[175.0, 190.0, 84.0, 92.0, 100.0, 108.0, 124.0, 116.0, 132.0, 140.0, 266.0, 251.0, 160.0, 152.0, 276.0]","[20.0, -60.0, -9.0, -6.0, -11.0, -12.0, 3.0, -4.0, 4.0, -11.0, -75.0, -62.0, -21.0, -19.0, -66.0]","[0, 0, 0, 0, 0, 0, 0, 0, 0, 0, 0, 0, 0, 0, 0]",2366.0,5830.0,2366.0,276.0,0.014845848083496094,2366.0,2366.0,0.0
cp,2,makespan,1,"[175.0, 190.0, 84.0, 92.0, 100.0, 108.0, 124.0, 116.0, 132.0, 140.0, 266.0, 251.0, 160.0, 152.0, 276.0]","[20.0, -60.0, -9.0, -6.0, -11.0, -12.0, 3.0, -4.0, 4.0, -11.0, -75.0, -62.0, -21.0, -19.0, -66.0]","[0, 0, 0, 0, 0, 0, 0, 0, 0, 0, 0, 0, 0, 0, 0]",276.0,5830.0,2366.0,276.0,0.009835004806518555,276.0,276.0,0.0
cp,2,penalty,2,"[155.0, 250.0, 93.0, 98.0, 111.0, 113.0, 121.0, 120.0, 128.0, 151.0, 341.0, 313.0, 181.0, 171.0, 342.0]","[0.0, 0.0, 0.0, 0.0, 0.0, -7.0, 0.0, 0.0, 0.0, 0.0, 0.0, 0.0, 0.0, 0.0, 0.0]","[0, 1, 0, 1, 1, 0, 0, 1, 1, 1, 0, 1, 1, 0, 1]",210.0,210.0,2688.0,342.0,0.02005624771118164,210.0,210.0,0.0
cp,2,total_time,2,"[130.0, 190.0, 84.0, 89.0, 100.0, 107.0, 109.0, 117.0, 115.0, 134.0, 266.0, 251.0, 160.0, 152.0, 276.0]","[-25.0, -60.0, -9.0, -9.0, -11.0, -13.0, -12.0, -3.0, -13.0, -17.0, -75.0, -62.0, -21.0, -19.0, -66.0]","[0, 1, 0, 1, 1, 0, 1, 1, 0, 1, 1, 0, 1, 1, 1]",2280.0,6690.0,2280.0,276.0,0.01250314712524414,2280.0,2280.0,0.0
cp,2,makespan,2,"[129.0, 190.0, 84.0, 92.0, 213.0, 205.0, 109.0, 245.0, 237.0, 229.0, 268.0, 271.0, 221.0, 253.0, 276.0]","[-26.0, -60.0, -9.0, -6.0, 102.0, 85.0, -12.0, 125.0, 109.0, 78.0, -73.0, -42.0, 40.0, 82.0, -66.0]","[0, 1, 1, 1, 1, 1, 1, 1, 1, 1, 1, 1, 1, 1, 1]",276.0,22110.0,3022.0,276.0,0.013056039810180664,276.0,276.0,0.0
cp,2,penalty,3,"[155.0, 250.0, 93.0, 98.0, 111.0, 120.0, 121.0, 120.0, 128.0, 151.0, 341.0, 313.0, 181.0, 171.0, 342.0]","[0.0, 0.0, 0.0, 0.0, 0.0, 0.0, 0.0, 0.0, 0.0, 0.0, 0.0, 0.0, 0.0, 0.0, 0.0]","[0, 1, 2, 0, 1, 2, 1, 0, 0, 1, 1, 0, 0, 0, 0]",0.0,0.0,2695.0,342.0,0.016448020935058594,0.0,0.0,0.0
cp,2,total_time,3,"[129.0, 190.0, 84.0, 89.0, 100.0, 107.0, 109.0, 109.0, 115.0, 134.0, 266.0, 251.0, 160.0, 152.0, 276.0]","[-26.0, -60.0, -9.0, -9.0, -11.0, -13.0, -12.0, -11.0, -13.0, -17.0, -75.0, -62.0, -21.0, -19.0, -66.0]","[0, 1, 2, 0, 1, 2, 0, 1, 2, 1, 0, 0, 0, 0, 0]",2271.0,6940.0,2271.0,276.0,0.017766952514648438,2271.0,2271.0,0.0
cp,2,makespan,3,"[272.0, 269.0, 208.0, 274.0, 192.0, 168.0, 266.0, 115.0, 176.0, 168.0, 266.0, 251.0, 160.0, 152.0, 276.0]","[117.0, 19.0, 115.0, 176.0, 81.0, 48.0, 145.0, -5.0, 48.0, 17.0, -75.0, -62.0, -21.0, -19.0, -66.0]","[0, 0, 0, 1, 2, 2, 1, 0, 0, 0, 0, 1, 2, 0, 2]",276.0,23640.0,3213.0,276.0,0.016560792922973633,276.0,276.0,0.0
cp,3,penalty,1,"[82.0, 197.0, 184.0, 117.0, 261.0, 101.0, 229.0, 109.0, 133.0, 141.0, 149.0, 125.0, 336.0, 316.0, 258.0, 409.0, 339.0, 287.0, 160.0, 169.0]","[0.0, 0.0, 24.0, 0.0, 0.0, -5.0, 0.0, 1.0, 1.0, 11.0, 0.0, -1.0, 0.0, 0.0, 0.0, 0.0, 1.0, 0.0, 0.0, 0.0]","[0, 0, 0, 0, 0, 0, 0, 0, 0, 0, 0, 0, 0, 0, 0, 0, 0, 0, 0, 0]",820.0,820.0,4102.0,409.0,0.05160403251647949,820.0,820.0,0.0
cp,3,total_time,1,"[75.0, 177.0, 174.0, 103.0, 201.0, 95.0, 185.0, 111.0, 135.0, 119.0, 143.0, 127.0, 261.0, 250.0, 214.0, 310.0, 269.0, 237.0, 151.0, 159.0]","[-7.0, -20.0, 14.0, -14.0, -60.0, -11.0, -44.0, 3.0, 3.0, -11.0, -6.0, 1.0, -75.0, -66.0, -44.0, -99.0, -69.0, -50.0, -9.0, -10.0]","[0, 0, 0, 0, 0, 0, 0, 0, 0, 0, 0, 0, 0, 0, 0, 0, 0, 0, 0, 0]",3496.0,7660.0,3496.0,310.0,0.04525184631347656,3496.0,3496.0,0.0
cp,3,makespan,1,"[87.0, 177.0, 174.0, 111.0, 201.0, 95.0, 185.0, 103.0, 135.0, 127.0, 143.0, 119.0, 261.0, 250.0, 214.0, 310.0, 269.0, 237.0, 151.0, 159.0]","[5.0, -20.0, 14.0, -6.0, -60.0, -11.0, -44.0, -5.0, 3.0, -3.0, -6.0, -7.0, -75.0, -66.0, -44.0, -99.0, -69.0, -50.0, -9.0, -10.0]","[0, 0, 0, 0, 0, 0, 0, 0, 0, 0, 0, 0, 0, 0, 0, 0, 0, 0, 0, 0]",310.0,7360.0,3508.0,310.0,0.016783714294433594,310.0,310.0,0.0
cp,3,penalty,2,"[82.0, 197.0, 160.0, 117.0, 261.0, 106.0, 229.0, 108.0, 132.0, 130.0, 149.0, 124.0, 336.0, 316.0, 258.0, 409.0, 338.0, 287.0, 160.0, 169.0]","[0.0, 0.0, 0.0, 0.0, 0.0, 0.0, 0.0, 0.0, 0.0, 0.0, 0.0, -2.0, 0.0, 0.0, 0.0, 0.0, 0.0, 0.0, 0.0, 0.0]","[0, 1, 0, 0, 1, 0, 1, 1, 1, 0, 1, 1, 0, 1, 1, 1, 1, 1, 1, 1]",60.0,60.0,4068.0,409.0,0.02227616310119629,60.0,60.0,0.0
cp,3,total_time,2,"[75.0, 157.0, 134.0, 103.0, 201.0, 95.0, 185.0, 98.0, 122.0, 117.0, 132.0, 114.0, 261.0, 250.0, 214.0, 310.0, 269.0, 237.0, 144.0, 152.0]","[-7.0, -40.0, -26.0, -14.0, -60.0, -11.0, -44.0, -10.0, -10.0, -13.0, -17.0, -12.0, -75.0, -66.0, -44.0, -99.0, -69.0, -50.0, -16.0, -17.0]","[0, 1, 1, 0, 1, 0, 1, 1, 0, 1, 0, 0, 0, 0, 0, 1, 0, 1, 0, 0]",3370.0,9540.0,3370.0,310.0,0.027205944061279297,3370.0,3370.0,0.0
cp,3,makespan,2,"[87.0, 190.0, 193.0, 103.0, 201.0, 111.0, 204.0, 167.0, 175.0, 219.0, 252.0, 284.0, 299.0, 302.0, 305.0, 310.0, 269.0, 237.0, 159.0, 151.0]","[5.0, -7.0, 33.0, -14.0, -60.0, 5.0, -25.0, 59.0, 43.0, 89.0, 103.0, 158.0, -37.0, -14.0, 47.0, -99.0, -69.0, -50.0, -1.0, -18.0]","[0, 1, 1, 1, 1, 1, 1, 1, 1, 1, 1, 1, 1, 1, 1, 1, 1, 1, 1, 1]",310.0,19260.0,4218.0,310.0,0.023190021514892578,310.0,310.0,0.0
cp,3,penalty,3,"[82.0, 197.0, 160.0, 117.0, 261.0, 106.0, 229.0, 108.0, 132.0, 130.0, 149.0, 126.0, 336.0, 316.0, 258.0, 409.0, 338.0, 287.0, 160.0, 169.0]","[0.0, 0.0, 0.0, 0.0, 0.0, 0.0, 0.0, 0.0, 0.0, 0.0, 0.0, 0.0, 0.0, 0.0, 0.0, 0.0, 0.0, 0.0, 0.0, 0.0]","[0, 1, 1, 0, 0, 1, 0, 0, 2, 1, 0, 0, 1, 0, 0, 0, 0, 0, 0, 0]",0.0,0.0,4070.0,409.0,0.02890801429748535,0.0,0.0,0.0
cp,3,total_time,3,"[75.0, 157.0, 134.0, 103.0, 201.0, 95.0, 185.0, 98.0, 117.0, 117.0, 132.0, 114.0, 261.0, 250.0, 214.0, 310.0, 269.0, 237.0, 144.0, 151.0]","[-7.0, -40.0, -26.0, -14.0, -60.0, -11.0, -44.0, -10.0, -15.0, -13.0, -17.0, -12.0, -75.0, -66.0, -44.0, -99.0, -69.0, -50.0, -16.0, -18.0]","[0, 1, 1, 0, 0, 0, 1, 1, 2, 1, 0, 0, 0, 0, 0, 0, 0, 0, 2, 0]",3364.0,9720.0,3364.0,310.0,0.028255462646484375,3364.0,3364.0,0.0
cp,3,makespan,3,"[159.0, 240.0, 255.0, 237.0, 252.0, 229.0, 214.0, 199.0, 191.0, 183.0, 175.0, 167.0, 264.0, 261.0, 258.0, 310.0, 269.0, 237.0, 144.0, 151.0]","[77.0, 43.0, 95.0, 120.0, -9.0, 123.0, -15.0, 91.0, 59.0, 53.0, 26.0, 41.0, -72.0, -55.0, 0.0, -99.0, -69.0, -50.0, -16.0, -18.0]","[0, 1, 0, 0, 0, 0, 0, 0, 0, 0, 0, 0, 0, 0, 0, 2, 2, 1, 2, 0]",310.0,23790.0,4395.0,310.0,0.030714035034179688,310.0,310.0,0.0
cp,4,penalty,1,"[82.0, 90.0, 201.0, 270.0, 98.0, 122.0, 130.0, 114.0, 106.0, 280.0, 295.0, 154.0, 138.0, 291.0, 178.0, 146.0, 186.0, 170.0, 162.0, 357.0]","[-10.0, -3.0, 18.0, 0.0, 0.0, 5.0, 12.0, -2.0, -6.0, 0.0, 0.0, -2.0, 1.0, 0.0, 4.0, -10.0, 16.0, 1.0, -6.0, 0.0]","[0, 0, 0, 0, 0, 0, 0, 0, 0, 0, 0, 0, 0, 0, 0, 0, 0, 0, 0, 0]",2520.0,2520.0,3570.0,357.0,0.2609522342681885,2520.0,2520.0,0.0
cp,4,total_time,1,"[82.0, 90.0, 201.0, 204.0, 98.0, 106.0, 122.0, 114.0, 130.0, 221.0, 232.0, 162.0, 138.0, 235.0, 170.0, 146.0, 178.0, 154.0, 186.0, 286.0]","[-10.0, -3.0, 18.0, -66.0, 0.0, -11.0, 4.0, -2.0, 18.0, -59.0, -63.0, 6.0, 1.0, -56.0, -4.0, -10.0, 8.0, -15.0, 18.0, -71.0]","[0, 0, 0, 0, 0, 0, 0, 0, 0, 0, 0, 0, 0, 0, 0, 0, 0, 0, 0, 0]",3255.0,6630.0,3255.0,286.0,2.4265971183776855,3255.0,3255.0,0.0
cp,4,makespan,1,"[82.0, 90.0, 201.0, 204.0, 98.0, 130.0, 122.0, 114.0, 106.0, 221.0, 232.0, 162.0, 138.0, 235.0, 186.0, 146.0, 178.0, 170.0, 154.0, 286.0]","[-10.0, -3.0, 18.0, -66.0, 0.0, 13.0, 4.0, -2.0, -6.0, -59.0, -63.0, 6.0, 1.0, -56.0, 12.0, -10.0, 8.0, 1.0, -14.0, -71.0]","[0, 0, 0, 0, 0, 0, 0, 0, 0, 0, 0, 0, 0, 0, 0, 0, 0, 0, 0, 0]",286.0,6030.0,3255.0,286.0,0.024980783462524414,286.0,286.0,0.0
cp,4,penalty,2,"[90.0, 93.0, 187.0, 270.0, 98.0, 118.0, 118.0, 110.0, 110.0, 280.0, 295.0, 156.0, 137.0, 291.0, 176.0, 156.0, 172.0, 168.0, 164.0, 357.0]","[-2.0, 0.0, 4.0, 0.0, 0.0, 1.0, 0.0, -6.0, -2.0, 0.0, 0.0, 0.0, 0.0, 0.0, 2.0, 0.0, 2.0, -1.0, -4.0, 0.0]","[0, 1, 1, 1, 0, 0, 1, 1, 0, 0, 0, 1, 0, 0, 0, 0, 1, 0, 1, 1]",640.0,640.0,3546.0,357.0,0.07766985893249512,640.0,640.0,0.0
cp,4,total_time,2,"[82.0, 84.0, 173.0, 204.0, 90.0, 104.0, 109.0, 112.0, 101.0, 221.0, 232.0, 138.0, 123.0, 235.0, 159.0, 140.0, 151.0, 158.0, 150.0, 286.0]","[-10.0, -9.0, -10.0, -66.0, -8.0, -13.0, -9.0, -4.0, -11.0, -59.0, -63.0, -18.0, -14.0, -56.0, -15.0, -16.0, -19.0, -11.0, -18.0, -71.0]","[0, 1, 1, 0, 0, 1, 0, 1, 0, 1, 0, 1, 1, 0, 0, 0, 0, 1, 1, 0]",3052.0,8500.0,3052.0,286.0,0.0715789794921875,3052.0,3052.0,0.0
cp,4,makespan,2,"[286.0, 263.0, 271.0, 268.0, 148.0, 255.0, 172.0, 247.0, 101.0, 221.0, 232.0, 206.0, 198.0, 235.0, 164.0, 140.0, 156.0, 190.0, 150.0, 286.0]","[194.0, 170.0, 88.0, -2.0, 50.0, 138.0, 54.0, 131.0, -11.0, -59.0, -63.0, 50.0, 61.0, -56.0, -10.0, -16.0, -14.0, 21.0, -18.0, -71.0]","[0, 1, 0, 0, 0, 1, 0, 1, 0, 1, 1, 1, 1, 0, 0, 0, 0, 1, 1, 1]",286.0,31530.0,4189.0,286.0,0.03519892692565918,286.0,286.0,0.0
cp,4,penalty,3,"[92.0, 93.0, 184.0, 270.0, 98.0, 117.0, 120.0, 116.0, 112.0, 280.0, 295.0, 156.0, 137.0, 291.0, 174.0, 156.0, 170.0, 169.0, 166.0, 357.0]","[0.0, 0.0, 1.0, 0.0, 0.0, 0.0, 2.0, 0.0, 0.0, 0.0, 0.0, 0.0, 0.0, 0.0, 0.0, 0.0, 0.0, 0.0, -2.0, 0.0]","[0, 1, 0, 0, 2, 0, 1, 2, 1, 1, 0, 1, 0, 0, 1, 0, 2, 0, 1, 1]",130.0,130.0,3553.0,357.0,0.04807400703430176,130.0,130.0,0.0
cp,4,total_time,3,"[82.0, 84.0, 150.0, 204.0, 89.0, 104.0, 109.0, 105.0, 101.0, 221.0, 232.0, 138.0, 123.0, 235.0, 158.0, 140.0, 151.0, 159.0, 150.0, 286.0]","[-10.0, -9.0, -33.0, -66.0, -9.0, -13.0, -9.0, -11.0, -11.0, -59.0, -63.0, -18.0, -14.0, -56.0, -16.0, -16.0, -19.0, -10.0, -18.0, -71.0]","[0, 1, 0, 2, 2, 2, 0, 1, 0, 1, 2, 2, 0, 1, 1, 1, 2, 2, 1, 0]",3021.0,8970.0,3021.0,286.0,0.04375791549682617,3021.0,3021.0,0.0
cp,4,makespan,3,"[82.0, 84.0, 150.0, 204.0, 90.0, 104.0, 112.0, 120.0, 128.0, 221.0, 232.0, 165.0, 173.0, 235.0, 181.0, 266.0, 258.0, 250.0, 189.0, 286.0]","[-10.0, -9.0, -33.0, -66.0, -8.0, -13.0, -6.0, 4.0, 16.0, -59.0, -63.0, 9.0, 36.0, -56.0, 7.0, 110.0, 88.0, 81.0, 21.0, -71.0]","[0, 1, 0, 0, 0, 0, 0, 0, 0, 0, 0, 0, 0, 0, 0, 0, 0, 0, 0, 0]",286.0,16020.0,3530.0,286.0,0.04925799369812012,286.0,286.0,0.0
cp,5,penalty,1,"[201.0, 246.0, 82.0, 90.0, 98.0, 114.0, 122.0, 106.0, 130.0, 138.0, 307.0, 280.0, 178.0, 146.0, 301.0, 393.0, 162.0, 170.0, 154.0, 186.0]","[46.0, 0.0, -8.0, -4.0, -7.0, 2.0, 10.0, -5.0, 13.0, 1.0, 0.0, 0.0, 17.0, -5.0, 0.0, 0.0, 3.0, 8.0, 1.0, 4.0]","[0, 0, 0, 0, 0, 0, 0, 0, 0, 0, 0, 0, 0, 0, 0, 0, 0, 0, 0, 0]",3100.0,3100.0,3604.0,393.0,1.375356912612915,3100.0,3100.0,0.0
cp,5,total_time,1,"[201.0, 204.0, 82.0, 90.0, 98.0, 106.0, 114.0, 130.0, 178.0, 122.0, 240.0, 224.0, 146.0, 170.0, 243.0, 300.0, 186.0, 154.0, 138.0, 162.0]","[46.0, -42.0, -8.0, -4.0, -7.0, -6.0, 2.0, 19.0, 61.0, -15.0, -67.0, -56.0, -15.0, 19.0, -58.0, -93.0, 27.0, -8.0, -15.0, -20.0]","[0, 0, 0, 0, 0, 0, 0, 0, 0, 0, 0, 0, 0, 0, 0, 0, 0, 0, 0, 0]",3288.0,10400.0,3288.0,300.0,113.28906297683716,3288.0,3288.0,0.0
cp,5,makespan,1,"[201.0, 204.0, 82.0, 90.0, 98.0, 122.0, 114.0, 106.0, 130.0, 138.0, 240.0, 224.0, 178.0, 154.0, 243.0, 300.0, 162.0, 170.0, 146.0, 186.0]","[46.0, -42.0, -8.0, -4.0, -7.0, 10.0, 2.0, -5.0, 13.0, 1.0, -67.0, -56.0, 17.0, 3.0, -58.0, -93.0, 3.0, 8.0, -7.0, 4.0]","[0, 0, 0, 0, 0, 0, 0, 0, 0, 0, 0, 0, 0, 0, 0, 0, 0, 0, 0, 0]",300.0,6380.0,3288.0,300.0,0.022557973861694336,300.0,300.0,0.0
cp,5,penalty,2,"[138.0, 246.0, 90.0, 94.0, 104.0, 120.0, 112.0, 111.0, 119.0, 137.0, 307.0, 280.0, 161.0, 151.0, 301.0, 393.0, 159.0, 167.0, 153.0, 182.0]","[-17.0, 0.0, 0.0, 0.0, -1.0, 8.0, 0.0, 0.0, 2.0, 0.0, 0.0, 0.0, 0.0, 0.0, 0.0, 0.0, 0.0, 5.0, 0.0, 0.0]","[0, 0, 1, 0, 0, 0, 0, 1, 1, 1, 1, 0, 0, 1, 1, 0, 1, 1, 0, 1]",650.0,650.0,3525.0,393.0,0.08729910850524902,650.0,650.0,0.0
cp,5,total_time,2,"[129.0, 187.0, 82.0, 85.0, 95.0, 100.0, 111.0, 103.0, 108.0, 122.0, 240.0, 224.0, 144.0, 135.0, 242.0, 300.0, 151.0, 152.0, 143.0, 162.0]","[-26.0, -59.0, -8.0, -9.0, -10.0, -12.0, -1.0, -8.0, -9.0, -15.0, -67.0, -56.0, -17.0, -16.0, -59.0, -93.0, -8.0, -10.0, -10.0, -20.0]","[0, 1, 0, 1, 0, 1, 0, 0, 1, 1, 1, 1, 0, 1, 0, 0, 1, 0, 1, 1]",3015.0,8190.0,3015.0,300.0,0.061708927154541016,3015.0,3015.0,0.0
cp,5,makespan,2,"[225.0, 222.0, 207.0, 199.0, 191.0, 183.0, 175.0, 167.0, 159.0, 151.0, 248.0, 245.0, 143.0, 135.0, 242.0, 300.0, 187.0, 178.0, 170.0, 162.0]","[70.0, -24.0, 117.0, 105.0, 86.0, 71.0, 63.0, 56.0, 42.0, 14.0, -59.0, -35.0, -18.0, -16.0, -59.0, -93.0, 28.0, 16.0, 17.0, -20.0]","[0, 0, 0, 0, 0, 0, 0, 0, 0, 0, 1, 1, 0, 0, 1, 1, 1, 1, 1, 1]",300.0,23470.0,3889.0,300.0,0.03345489501953125,300.0,300.0,0.0
cp,5,penalty,3,"[147.0, 246.0, 90.0, 94.0, 105.0, 112.0, 113.0, 111.0, 119.0, 137.0, 307.0, 280.0, 161.0, 151.0, 301.0, 393.0, 159.0, 162.0, 153.0, 182.0]","[-8.0, 0.0, 0.0, 0.0, 0.0, 0.0, 1.0, 0.0, 2.0, 0.0, 0.0, 0.0, 0.0, 0.0, 0.0, 0.0, 0.0, 0.0, 0.0, 0.0]","[0, 1, 2, 1, 2, 1, 2, 0, 0, 1, 2, 2, 1, 2, 1, 0, 2, 0, 1, 2]",170.0,170.0,3523.0,393.0,0.06577897071838379,170.0,170.0,0.0
cp,5,total_time,3,"[129.0, 187.0, 82.0, 85.0, 95.0, 100.0, 103.0, 100.0, 108.0, 122.0, 240.0, 224.0, 143.0, 135.0, 242.0, 300.0, 144.0, 146.0, 138.0, 162.0]","[-26.0, -59.0, -8.0, -9.0, -10.0, -12.0, -9.0, -11.0, -9.0, -15.0, -67.0, -56.0, -18.0, -16.0, -59.0, -93.0, -15.0, -16.0, -15.0, -20.0]","[0, 1, 1, 2, 0, 2, 0, 1, 1, 2, 2, 0, 2, 2, 0, 2, 0, 1, 1, 0]",2985.0,9090.0,2985.0,300.0,0.045285940170288086,2985.0,2985.0,0.0
cp,5,makespan,3,"[129.0, 187.0, 82.0, 85.0, 144.0, 202.0, 101.0, 113.0, 105.0, 122.0, 240.0, 224.0, 142.0, 146.0, 243.0, 300.0, 158.0, 150.0, 138.0, 162.0]","[-26.0, -59.0, -8.0, -9.0, 39.0, 90.0, -11.0, 2.0, -12.0, -15.0, -67.0, -56.0, -19.0, -5.0, -58.0, -93.0, -1.0, -12.0, -15.0, -20.0]","[0, 0, 1, 0, 0, 0, 1, 2, 2, 1, 0, 0, 2, 1, 0, 0, 2, 2, 1, 1]",300.0,11330.0,3173.0,300.0,0.0347590446472168,300.0,300.0,0.0
cp,6,penalty,1,"[0.0, 96.0, 192.0, 392.0, 464.0, 560.0, 760.0, 832.0, 1032.0, 1112.0, 1184.0, 1280.0, 1461.0, 1591.0, 1671.0, 1751.0, 1831.0, 1903.0, 1999.0, 2180.0, 2252.0, 2348.0, 2576.0, 2656.0, 2728.0, 2928.0, 2998.0, 3098.0, 3170.0, 3266.0]","[0.0, 17.0, 48.0, 188.0, 200.0, 240.0, 232.0, 197.0, 302.0, 346.0, 394.0, 360.0, 415.0, 485.0, 535.0, 585.0, 598.0, 261.0, 284.0, 410.0, 178.0, 180.0, 317.0, 229.0, 247.0, 249.0, 115.0, 116.0, 124.0, 175.0]","[0, 0, 0, 0, 0, 0, 0, 0, 0, 0, 0, 0, 0, 0, 0, 0, 0, 0, 0, 0, 0, 0, 0, 0, 0, 0, 0, 0, 0, 0]",24442.0,24442.0,50311.0,3266.0,0.008894920349121094,24442.0,24442.0,0.0
cp,6,total_time,1,"[0.0, 96.0, 192.0, 392.0, 464.0, 560.0, 760.0, 832.0, 1032.0, 1112.0, 1184.0, 1280.0, 1461.0, 1591.0, 1671.0, 1751.0, 1831.0, 1903.0, 1999.0, 2180.0, 2252.0, 2348.0, 2576.0, 2656.0, 2728.0, 2928.0, 2998.0, 3098.0, 3170.0, 3266.0]","[0.0, 17.0, 48.0, 188.0, 200.0, 240.0, 232.0, 197.0, 302.0, 346.0, 394.0, 360.0, 415.0, 485.0, 535.0, 585.0, 598.0, 261.0, 284.0, 410.0, 178.0, 180.0, 317.0, 229.0, 247.0, 249.0, 115.0, 116.0, 124.0, 175.0]","[0, 0, 0, 0, 0, 0, 0, 0, 0, 0, 0, 0, 0, 0, 0, 0, 0, 0, 0, 0, 0, 0, 0, 0, 0, 0, 0, 0, 0, 0]",50311.0,24442.0,50311.0,3266.0,0.0066680908203125,50311.0,50311.0,0.0
cp,6,makespan,1,"[0.0, 96.0, 192.0, 392.0, 464.0, 560.0, 760.0, 832.0, 1032.0, 1112.0, 1184.0, 1280.0, 1461.0, 1591.0, 1671.0, 1751.0, 1831.0, 1903.0, 1999.0, 2180.0, 2252.0, 2348.0, 2576.0, 2656.0, 2728.0, 2928.0, 2998.0, 3098.0, 3170.0, 3266.0]","[0.0, 17.0, 48.0, 188.0, 200.0, 240.0, 232.0, 197.0, 302.0, 346.0, 394.0, 360.0, 415.0, 485.0, 535.0, 585.0, 598.0, 261.0, 284.0, 410.0, 178.0, 180.0, 317.0, 229.0, 247.0, 249.0, 115.0, 116.0, 124.0, 175.0]","[0, 0, 0, 0, 0, 0, 0, 0, 0, 0, 0, 0, 0, 0, 0, 0, 0, 0, 0, 0, 0, 0, 0, 0, 0, 0, 0, 0, 0, 0]",3266.0,24442.0,50311.0,3266.0,0.008934736251831055,3266.0,3266.0,0.0
cp,6,penalty,2,"[0.0, 79.0, 175.0, 204.0, 271.0, 320.0, 528.0, 635.0, 730.0, 810.0, 790.0, 920.0, 1046.0, 1276.0, 1136.0, 1166.0, 1233.0, 1642.0, 1738.0, 1770.0, 2074.0, 2170.0, 2259.0, 2427.0, 2481.0, 2679.0, 2883.0, 2982.0, 3046.0, 3091.0]","[0.0, 0.0, 31.0, 0.0, 7.0, 0.0, 0.0, 0.0, 0.0, 44.0, 0.0, 0.0, 0.0, 170.0, 0.0, 0.0, 0.0, 0.0, 23.0, 0.0, 0.0, 2.0, 0.0, 0.0, 0.0, 0.0, 0.0, 0.0, 0.0, 0.0]","[0, 1, 1, 0, 1, 0, 1, 0, 1, 1, 0, 0, 1, 1, 0, 1, 0, 1, 1, 0, 1, 1, 0, 1, 0, 1, 1, 0, 1, 0]",554.0,554.0,42561.0,3091.0,0.07294321060180664,554.0,554.0,0.0
cp,6,total_time,2,"[0.0, 79.0, 175.0, 204.0, 271.0, 320.0, 528.0, 635.0, 730.0, 810.0, 790.0, 920.0, 1046.0, 1148.0, 1146.0, 1226.0, 1233.0, 1642.0, 1738.0, 1770.0, 2074.0, 2170.0, 2259.0, 2427.0, 2481.0, 2679.0, 2883.0, 2982.0, 3046.0, 3091.0]","[0.0, 0.0, 31.0, 0.0, 7.0, 0.0, 0.0, 0.0, 0.0, 44.0, 0.0, 0.0, 0.0, 42.0, 10.0, 60.0, 0.0, 0.0, 23.0, 0.0, 0.0, 2.0, 0.0, 0.0, 0.0, 0.0, 0.0, 0.0, 0.0, 0.0]","[0, 1, 1, 0, 1, 0, 0, 0, 1, 1, 0, 1, 0, 1, 0, 0, 1, 0, 0, 1, 1, 1, 0, 1, 0, 1, 1, 0, 1, 0]",42503.0,636.0,42503.0,3091.0,0.06064200401306152,42503.0,42503.0,0.0
cp,6,makespan,2,"[0.0, 96.0, 192.0, 279.0, 288.0, 384.0, 563.0, 635.0, 846.0, 766.0, 1016.0, 920.0, 1046.0, 1176.0, 1256.0, 1313.0, 1233.0, 1642.0, 1738.0, 1919.0, 2074.0, 2168.0, 2537.0, 2427.0, 2613.0, 2813.0, 2883.0, 2982.0, 3054.0, 3091.0]","[0.0, 17.0, 48.0, 75.0, 24.0, 64.0, 35.0, 0.0, 116.0, 0.0, 226.0, 0.0, 0.0, 70.0, 120.0, 147.0, 0.0, 0.0, 23.0, 149.0, 0.0, 0.0, 278.0, 0.0, 132.0, 134.0, 0.0, 0.0, 8.0, 0.0]","[0, 0, 0, 1, 0, 0, 1, 1, 0, 0, 0, 0, 1, 1, 1, 0, 0, 1, 1, 1, 1, 0, 1, 1, 0, 1, 0, 1, 1, 0]",3091.0,4695.0,43950.0,3091.0,0.016324996948242188,3091.0,3091.0,0.0
cp,6,penalty,3,"[0.0, 79.0, 144.0, 204.0, 264.0, 320.0, 528.0, 635.0, 730.0, 766.0, 790.0, 920.0, 1046.0, 1106.0, 1136.0, 1166.0, 1233.0, 1642.0, 1715.0, 1770.0, 2074.0, 2168.0, 2259.0, 2427.0, 2481.0, 2679.0, 2883.0, 2982.0, 3046.0, 3091.0]","[0.0, 0.0, 0.0, 0.0, 0.0, 0.0, 0.0, 0.0, 0.0, 0.0, 0.0, 0.0, 0.0, 0.0, 0.0, 0.0, 0.0, 0.0, 0.0, 0.0, 0.0, 0.0, 0.0, 0.0, 0.0, 0.0, 0.0, 0.0, 0.0, 0.0]","[0, 1, 0, 2, 1, 2, 0, 0, 2, 1, 0, 0, 1, 2, 0, 1, 0, 1, 2, 0, 2, 1, 0, 0, 2, 0, 1, 0, 1, 0]",0.0,0.0,42284.0,3091.0,0.021505117416381836,0.0,0.0,0.0
cp,6,total_time,3,"[0.0, 79.0, 144.0, 204.0, 264.0, 320.0, 528.0, 635.0, 730.0, 766.0, 790.0, 920.0, 1046.0, 1106.0, 1136.0, 1166.0, 1233.0, 1642.0, 1715.0, 1770.0, 2074.0, 2168.0, 2259.0, 2427.0, 2481.0, 2679.0, 2883.0, 2982.0, 3046.0, 3091.0]","[0.0, 0.0, 0.0, 0.0, 0.0, 0.0, 0.0, 0.0, 0.0, 0.0, 0.0, 0.0, 0.0, 0.0, 0.0, 0.0, 0.0, 0.0, 0.0, 0.0, 0.0, 0.0, 0.0, 0.0, 0.0, 0.0, 0.0, 0.0, 0.0, 0.0]","[0, 1, 0, 2, 1, 2, 0, 0, 2, 1, 0, 0, 1, 2, 0, 1, 0, 1, 2, 0, 2, 1, 0, 0, 2, 0, 1, 0, 1, 0]",42284.0,0.0,42284.0,3091.0,0.02191901206970215,42284.0,42284.0,0.0
cp,6,makespan,3,"[0.0, 96.0, 192.0, 204.0, 288.0, 320.0, 563.0, 635.0, 846.0, 766.0, 790.0, 1118.0, 1046.0, 1346.0, 1136.0, 1506.0, 1426.0, 1642.0, 1715.0, 1896.0, 2074.0, 2170.0, 2398.0, 2427.0, 2613.0, 2813.0, 2883.0, 2982.0, 3054.0, 3091.0]","[0.0, 17.0, 48.0, 0.0, 24.0, 0.0, 35.0, 0.0, 116.0, 0.0, 0.0, 198.0, 0.0, 240.0, 0.0, 340.0, 193.0, 0.0, 0.0, 126.0, 0.0, 2.0, 139.0, 0.0, 132.0, 134.0, 0.0, 0.0, 8.0, 0.0]","[0, 0, 2, 1, 2, 0, 2, 0, 1, 1, 0, 2, 2, 2, 0, 2, 2, 1, 2, 2, 2, 2, 2, 0, 2, 2, 1, 0, 0, 2]",3091.0,4801.0,44036.0,3091.0,0.021538972854614258,3091.0,3091.0,0.0
cp,7,penalty,1,"[0.0, 96.0, 296.0, 376.0, 456.0, 528.0, 624.0, 720.0, 920.0, 992.0, 1192.0, 1264.0, 1464.0, 1544.0, 1616.0, 1816.0, 1896.0, 1968.0, 2168.0, 2248.0, 2320.0, 2416.0, 2616.0, 2688.0, 2888.0, 2968.0, 3048.0, 3128.0, 3200.0, 3296.0, 3496.0, 3568.0, 3768.0, 3840.0, 3936.0, 4136.0, 4216.0, 4296.0, 4368.0, 4464.0, 4560.0, 4656.0, 4752.0, 4952.0]","[0.0, -41.0, 25.0, 25.0, 25.0, 25.0, -2.0, -7.0, 25.0, 25.0, 25.0, 25.0, 25.0, 25.0, 25.0, 25.0, 25.0, 25.0, 25.0, 25.0, 25.0, 25.0, 25.0, 25.0, 25.0, 25.0, 25.0, 25.0, 25.0, 25.0, 25.0, 25.0, 25.0, 25.0, 25.0, 25.0, 25.0, 25.0, 25.0, 25.0, 25.0, 25.0, 25.0, 25.0]","[0, 0, 0, 0, 0, 0, 0, 0, 0, 0, 0, 0, 0, 0, 0, 0, 0, 0, 0, 0, 0, 0, 0, 0, 0, 0, 0, 0, 0, 0, 0, 0, 0, 0, 0, 0, 0, 0, 0, 0, 0, 0, 0, 0]",1550.0,1550.0,109760.0,4952.0,0.0731508731842041,1550.0,1550.0,0.0
cp,7,total_time,1,"[0.0, 96.0, 296.0, 456.0, 376.0, 624.0, 528.0, 720.0, 920.0, 992.0, 1192.0, 1264.0, 1544.0, 1464.0, 1616.0, 1896.0, 1816.0, 1968.0, 2248.0, 2168.0, 2416.0, 2320.0, 2616.0, 2688.0, 2888.0, 2968.0, 3128.0, 3048.0, 3296.0, 3200.0, 3496.0, 3568.0, 3768.0, 3936.0, 3840.0, 4136.0, 4296.0, 4216.0, 4368.0, 4464.0, 4560.0, 4752.0, 4656.0, 4952.0]","[0.0, -41.0, 25.0, 105.0, -55.0, 121.0, -98.0, -7.0, 25.0, 25.0, 25.0, 25.0, 105.0, -55.0, 25.0, 105.0, -55.0, 25.0, 105.0, -55.0, 121.0, -71.0, 25.0, 25.0, 25.0, 25.0, 105.0, -55.0, 121.0, -71.0, 25.0, 25.0, 25.0, 121.0, -71.0, 25.0, 105.0, -55.0, 25.0, 25.0, 25.0, 121.0, -71.0, 25.0]","[0, 0, 0, 0, 0, 0, 0, 0, 0, 0, 0, 0, 0, 0, 0, 0, 0, 0, 0, 0, 0, 0, 0, 0, 0, 0, 0, 0, 0, 0, 0, 0, 0, 0, 0, 0, 0, 0, 0, 0, 0, 0, 0, 0]",109760.0,3730.0,109760.0,4952.0,0.29111194610595703,109760.0,109760.0,0.0
cp,7,makespan,1,"[0.0, 96.0, 296.0, 456.0, 376.0, 624.0, 528.0, 720.0, 920.0, 992.0, 1192.0, 1264.0, 1544.0, 1464.0, 1616.0, 1896.0, 1816.0, 1968.0, 2248.0, 2168.0, 2416.0, 2320.0, 2616.0, 2688.0, 2888.0, 2968.0, 3128.0, 3048.0, 3296.0, 3200.0, 3496.0, 3568.0, 3768.0, 3936.0, 3840.0, 4136.0, 4296.0, 4216.0, 4368.0, 4464.0, 4560.0, 4752.0, 4656.0, 4952.0]","[0.0, -41.0, 25.0, 105.0, -55.0, 121.0, -98.0, -7.0, 25.0, 25.0, 25.0, 25.0, 105.0, -55.0, 25.0, 105.0, -55.0, 25.0, 105.0, -55.0, 121.0, -71.0, 25.0, 25.0, 25.0, 25.0, 105.0, -55.0, 121.0, -71.0, 25.0, 25.0, 25.0, 121.0, -71.0, 25.0, 105.0, -55.0, 25.0, 25.0, 25.0, 121.0, -71.0, 25.0]","[0, 0, 0, 0, 0, 0, 0, 0, 0, 0, 0, 0, 0, 0, 0, 0, 0, 0, 0, 0, 0, 0, 0, 0, 0, 0, 0, 0, 0, 0, 0, 0, 0, 0, 0, 0, 0, 0, 0, 0, 0, 0, 0, 0]",4952.0,3730.0,109760.0,4952.0,0.01926898956298828,4952.0,4952.0,0.0
cp,7,penalty,2,"[0.0, 137.0, 271.0, 351.0, 431.0, 503.0, 626.0, 727.0, 895.0, 967.0, 1167.0, 1239.0, 1439.0, 1519.0, 1591.0, 1791.0, 1871.0, 1943.0, 2143.0, 2223.0, 2295.0, 2391.0, 2591.0, 2663.0, 2863.0, 2943.0, 3023.0, 3103.0, 3175.0, 3271.0, 3471.0, 3543.0, 3743.0, 3815.0, 3911.0, 4111.0, 4191.0, 4271.0, 4343.0, 4439.0, 4535.0, 4631.0, 4727.0, 4927.0]","[0.0, 0.0, 0.0, 0.0, 0.0, 0.0, 0.0, 0.0, 0.0, 0.0, 0.0, 0.0, 0.0, 0.0, 0.0, 0.0, 0.0, 0.0, 0.0, 0.0, 0.0, 0.0, 0.0, 0.0, 0.0, 0.0, 0.0, 0.0, 0.0, 0.0, 0.0, 0.0, 0.0, 0.0, 0.0, 0.0, 0.0, 0.0, 0.0, 0.0, 0.0, 0.0, 0.0, 0.0]","[0, 0, 1, 1, 1, 1, 1, 0, 1, 1, 1, 1, 1, 1, 1, 1, 1, 1, 1, 1, 1, 1, 1, 1, 1, 1, 1, 1, 1, 1, 1, 1, 1, 1, 1, 1, 1, 1, 1, 1, 1, 1, 1, 1]",0.0,0.0,108810.0,4927.0,0.02176213264465332,0.0,0.0,0.0
cp,7,total_time,2,"[0.0, 96.0, 146.0, 226.0, 306.0, 378.0, 528.0, 635.0, 770.0, 842.0, 1042.0, 1114.0, 1314.0, 1394.0, 1466.0, 1666.0, 1746.0, 1818.0, 2018.0, 2098.0, 2170.0, 2266.0, 2466.0, 2538.0, 2738.0, 2818.0, 2898.0, 2978.0, 3050.0, 3146.0, 3346.0, 3418.0, 3618.0, 3690.0, 3786.0, 3986.0, 4066.0, 4146.0, 4218.0, 4314.0, 4410.0, 4506.0, 4602.0, 4802.0]","[0.0, -41.0, -125.0, -125.0, -125.0, -125.0, -98.0, -92.0, -125.0, -125.0, -125.0, -125.0, -125.0, -125.0, -125.0, -125.0, -125.0, -125.0, -125.0, -125.0, -125.0, -125.0, -125.0, -125.0, -125.0, -125.0, -125.0, -125.0, -125.0, -125.0, -125.0, -125.0, -125.0, -125.0, -125.0, -125.0, -125.0, -125.0, -125.0, -125.0, -125.0, -125.0, -125.0, -125.0]","[0, 0, 1, 1, 0, 1, 1, 0, 1, 1, 1, 1, 1, 1, 1, 1, 1, 1, 1, 1, 1, 1, 1, 1, 1, 1, 1, 1, 1, 1, 1, 1, 1, 1, 1, 1, 1, 1, 1, 1, 1, 1, 1, 1]",103579.0,7712.0,103579.0,4802.0,0.01720285415649414,103579.0,103579.0,0.0
cp,7,makespan,2,"[0.0, 96.0, 200.0, 296.0, 376.0, 448.0, 528.0, 635.0, 770.0, 842.0, 1042.0, 1114.0, 1314.0, 1394.0, 1466.0, 1666.0, 1746.0, 1818.0, 2018.0, 2098.0, 2170.0, 2266.0, 2466.0, 2538.0, 2738.0, 3058.0, 2898.0, 2978.0, 3130.0, 3146.0, 3346.0, 3418.0, 3618.0, 3690.0, 3786.0, 3986.0, 4066.0, 4146.0, 4410.0, 4314.0, 4602.0, 4506.0, 4698.0, 4802.0]","[0.0, -41.0, -71.0, -55.0, -55.0, -55.0, -98.0, -92.0, -125.0, -125.0, -125.0, -125.0, -125.0, -125.0, -125.0, -125.0, -125.0, -125.0, -125.0, -125.0, -125.0, -125.0, -125.0, -125.0, -125.0, 115.0, -125.0, -125.0, -45.0, -125.0, -125.0, -125.0, -125.0, -125.0, -125.0, -125.0, -125.0, -125.0, 67.0, -125.0, 67.0, -125.0, -29.0, -125.0]","[0, 0, 1, 1, 1, 1, 0, 0, 1, 1, 1, 1, 0, 1, 1, 0, 1, 0, 1, 1, 0, 0, 0, 1, 0, 0, 0, 0, 0, 1, 1, 1, 0, 1, 0, 0, 1, 0, 0, 0, 1, 1, 1, 0]",4802.0,6784.0,104643.0,4802.0,0.019404888153076172,4802.0,4802.0,0.0
cp,7,penalty,3,"[0.0, 137.0, 271.0, 351.0, 431.0, 503.0, 626.0, 727.0, 895.0, 967.0, 1167.0, 1239.0, 1439.0, 1519.0, 1591.0, 1791.0, 1871.0, 1943.0, 2143.0, 2223.0, 2295.0, 2391.0, 2591.0, 2663.0, 2863.0, 2943.0, 3023.0, 3103.0, 3175.0, 3271.0, 3471.0, 3543.0, 3743.0, 3815.0, 3911.0, 4111.0, 4191.0, 4271.0, 4343.0, 4439.0, 4535.0, 4631.0, 4727.0, 4927.0]","[0.0, 0.0, 0.0, 0.0, 0.0, 0.0, 0.0, 0.0, 0.0, 0.0, 0.0, 0.0, 0.0, 0.0, 0.0, 0.0, 0.0, 0.0, 0.0, 0.0, 0.0, 0.0, 0.0, 0.0, 0.0, 0.0, 0.0, 0.0, 0.0, 0.0, 0.0, 0.0, 0.0, 0.0, 0.0, 0.0, 0.0, 0.0, 0.0, 0.0, 0.0, 0.0, 0.0, 0.0]","[0, 1, 0, 0, 0, 0, 0, 2, 0, 0, 0, 0, 0, 0, 0, 0, 0, 0, 0, 0, 0, 0, 0, 0, 0, 0, 0, 0, 0, 0, 0, 0, 0, 0, 0, 0, 0, 0, 0, 0, 0, 0, 0, 0]",0.0,0.0,108810.0,4927.0,0.025254249572753906,0.0,0.0,0.0
cp,7,total_time,3,"[0.0, 79.0, 146.0, 226.0, 306.0, 378.0, 528.0, 635.0, 770.0, 842.0, 1042.0, 1114.0, 1314.0, 1394.0, 1466.0, 1666.0, 1746.0, 1818.0, 2018.0, 2098.0, 2170.0, 2266.0, 2466.0, 2538.0, 2738.0, 2818.0, 2898.0, 2978.0, 3050.0, 3146.0, 3346.0, 3418.0, 3618.0, 3690.0, 3786.0, 3986.0, 4066.0, 4146.0, 4218.0, 4314.0, 4410.0, 4506.0, 4602.0, 4802.0]","[0.0, -58.0, -125.0, -125.0, -125.0, -125.0, -98.0, -92.0, -125.0, -125.0, -125.0, -125.0, -125.0, -125.0, -125.0, -125.0, -125.0, -125.0, -125.0, -125.0, -125.0, -125.0, -125.0, -125.0, -125.0, -125.0, -125.0, -125.0, -125.0, -125.0, -125.0, -125.0, -125.0, -125.0, -125.0, -125.0, -125.0, -125.0, -125.0, -125.0, -125.0, -125.0, -125.0, -125.0]","[0, 1, 2, 0, 0, 0, 0, 2, 0, 0, 0, 0, 0, 0, 0, 0, 0, 0, 0, 0, 0, 0, 0, 0, 0, 0, 0, 0, 0, 0, 0, 0, 0, 0, 0, 0, 0, 0, 0, 0, 0, 0, 0, 0]",103562.0,7746.0,103562.0,4802.0,0.02512526512145996,103562.0,103562.0,0.0
cp,7,makespan,3,"[0.0, 79.0, 200.0, 386.0, 306.0, 624.0, 528.0, 720.0, 920.0, 992.0, 1192.0, 1264.0, 1544.0, 1464.0, 1616.0, 1896.0, 1816.0, 1968.0, 2248.0, 2168.0, 2416.0, 2320.0, 2616.0, 2688.0, 2968.0, 2888.0, 3128.0, 3048.0, 3296.0, 3200.0, 3496.0, 3568.0, 3768.0, 3936.0, 3840.0, 4136.0, 4296.0, 4216.0, 4368.0, 4560.0, 4602.0, 4506.0, 4656.0, 4802.0]","[0.0, -58.0, -71.0, 35.0, -125.0, 121.0, -98.0, -7.0, 25.0, 25.0, 25.0, 25.0, 105.0, -55.0, 25.0, 105.0, -55.0, 25.0, 105.0, -55.0, 121.0, -71.0, 25.0, 25.0, 105.0, -55.0, 105.0, -55.0, 121.0, -71.0, 25.0, 25.0, 25.0, 121.0, -71.0, 25.0, 105.0, -55.0, 25.0, 121.0, 67.0, -125.0, -71.0, -125.0]","[0, 1, 2, 1, 1, 0, 2, 1, 2, 1, 2, 1, 2, 2, 1, 2, 2, 1, 2, 2, 1, 1, 2, 1, 2, 2, 1, 1, 0, 2, 1, 2, 1, 2, 2, 1, 2, 2, 0, 1, 2, 2, 1, 2]",4802.0,4304.0,109249.0,4802.0,0.019190073013305664,4802.0,4802.0,0.0
cp,8,penalty,1,"[82.0, 197.0, 152.0, 117.0, 261.0, 101.0, 229.0, 109.0, 136.0, 133.0, 149.0, 125.0, 325.0, 316.0, 258.0, 422.0, 341.0, 287.0, 160.0, 175.0, 619.0, 425.0, 333.0, 269.0, 392.0, 378.0, 428.0, 498.0, 516.0, 634.0, 688.0, 512.0, 524.0, 556.0, 407.0, 717.0, 564.0, 569.0, 654.0, 725.0, 740.0, 763.0, 401.0, 441.0, 456.0, 673.0, 527.0, 577.0, 471.0, 345.0]","[0.0, 0.0, -8.0, 0.0, 0.0, -5.0, 0.0, 1.0, 4.0, 3.0, 0.0, -1.0, -11.0, 0.0, 0.0, 13.0, 3.0, 0.0, 0.0, 6.0, -9.0, 0.0, 0.0, 0.0, -6.0, 0.0, 2.0, 0.0, -5.0, 0.0, 14.0, 0.0, 0.0, -6.0, -5.0, 0.0, 0.0, -3.0, 0.0, 0.0, 8.0, 0.0, 0.0, -9.0, 0.0, 0.0, 0.0, 0.0, 3.0, 0.0]","[0, 0, 0, 0, 0, 0, 0, 0, 0, 0, 0, 0, 0, 0, 0, 0, 0, 0, 0, 0, 0, 0, 0, 0, 0, 0, 0, 0, 0, 0, 0, 0, 0, 0, 0, 0, 0, 0, 0, 0, 0, 0, 0, 0, 0, 0, 0, 0, 0, 0]",1950.0,1950.0,19877.0,763.0,1.3215899467468262,1950.0,1950.0,0.0
cp,8,total_time,1,"[75.0, 157.0, 139.0, 111.0, 201.0, 95.0, 188.0, 103.0, 120.0, 117.0, 136.0, 128.0, 261.0, 250.0, 214.0, 326.0, 276.0, 237.0, 147.0, 172.0, 579.0, 332.0, 225.0, 180.0, 284.0, 295.0, 329.0, 340.0, 378.0, 496.0, 476.0, 335.0, 370.0, 394.0, 311.0, 492.0, 484.0, 439.0, 461.0, 504.0, 519.0, 534.0, 298.0, 319.0, 355.0, 424.0, 364.0, 386.0, 409.0, 211.0]","[-7.0, -40.0, -21.0, -6.0, -60.0, -11.0, -41.0, -5.0, -12.0, -13.0, -13.0, 2.0, -75.0, -66.0, -44.0, -83.0, -62.0, -50.0, -13.0, 3.0, -49.0, -93.0, -108.0, -89.0, -114.0, -83.0, -97.0, -158.0, -143.0, -138.0, -198.0, -177.0, -154.0, -168.0, -101.0, -225.0, -80.0, -133.0, -193.0, -221.0, -213.0, -229.0, -103.0, -131.0, -101.0, -249.0, -163.0, -191.0, -59.0, -134.0]","[0, 0, 0, 0, 0, 0, 0, 0, 0, 0, 0, 0, 0, 0, 0, 0, 0, 0, 0, 0, 0, 0, 0, 0, 0, 0, 0, 0, 0, 0, 0, 0, 0, 0, 0, 0, 0, 0, 0, 0, 0, 0, 0, 0, 0, 0, 0, 0, 0, 0]",14976.0,96520.0,14976.0,579.0,2.969748020172119,14976.0,14976.0,0.0
cp,8,makespan,1,"[80.0, 157.0, 136.0, 111.0, 201.0, 95.0, 188.0, 103.0, 120.0, 117.0, 139.0, 128.0, 261.0, 250.0, 214.0, 310.0, 276.0, 237.0, 147.0, 172.0, 579.0, 340.0, 225.0, 180.0, 284.0, 295.0, 346.0, 354.0, 370.0, 496.0, 480.0, 343.0, 362.0, 390.0, 325.0, 499.0, 488.0, 435.0, 465.0, 507.0, 522.0, 537.0, 298.0, 319.0, 420.0, 450.0, 365.0, 382.0, 405.0, 211.0]","[-2.0, -40.0, -24.0, -6.0, -60.0, -11.0, -41.0, -5.0, -12.0, -13.0, -10.0, 2.0, -75.0, -66.0, -44.0, -99.0, -62.0, -50.0, -13.0, 3.0, -49.0, -85.0, -108.0, -89.0, -114.0, -83.0, -80.0, -144.0, -151.0, -138.0, -194.0, -169.0, -162.0, -172.0, -87.0, -218.0, -76.0, -137.0, -189.0, -218.0, -210.0, -226.0, -103.0, -131.0, -36.0, -223.0, -162.0, -195.0, -63.0, -134.0]","[0, 0, 0, 0, 0, 0, 0, 0, 0, 0, 0, 0, 0, 0, 0, 0, 0, 0, 0, 0, 0, 0, 0, 0, 0, 0, 0, 0, 0, 0, 0, 0, 0, 0, 0, 0, 0, 0, 0, 0, 0, 0, 0, 0, 0, 0, 0, 0, 0, 0]",579.0,93360.0,15114.0,579.0,0.2062058448791504,579.0,579.0,0.0
cp,8,penalty,2,"[82.0, 197.0, 154.0, 117.0, 261.0, 106.0, 229.0, 108.0, 133.0, 130.0, 149.0, 126.0, 336.0, 316.0, 258.0, 409.0, 341.0, 287.0, 160.0, 169.0, 628.0, 425.0, 333.0, 269.0, 398.0, 378.0, 426.0, 498.0, 521.0, 634.0, 674.0, 512.0, 524.0, 562.0, 411.0, 717.0, 564.0, 572.0, 654.0, 725.0, 732.0, 763.0, 401.0, 450.0, 456.0, 673.0, 527.0, 577.0, 468.0, 345.0]","[0.0, 0.0, -6.0, 0.0, 0.0, 0.0, 0.0, 0.0, 1.0, 0.0, 0.0, 0.0, 0.0, 0.0, 0.0, 0.0, 3.0, 0.0, 0.0, 0.0, 0.0, 0.0, 0.0, 0.0, 0.0, 0.0, 0.0, 0.0, 0.0, 0.0, 0.0, 0.0, 0.0, 0.0, -1.0, 0.0, 0.0, 0.0, 0.0, 0.0, 0.0, 0.0, 0.0, 0.0, 0.0, 0.0, 0.0, 0.0, 0.0, 0.0]","[0, 1, 1, 0, 1, 1, 1, 0, 0, 0, 1, 1, 1, 0, 1, 0, 0, 1, 0, 1, 0, 0, 0, 1, 0, 1, 1, 1, 0, 1, 0, 0, 1, 0, 1, 1, 1, 1, 1, 0, 1, 1, 1, 1, 0, 1, 1, 0, 1, 0]",135.0,135.0,19885.0,763.0,0.20511603355407715,135.0,135.0,0.0
cp,8,total_time,2,"[75.0, 157.0, 134.0, 106.0, 201.0, 95.0, 185.0, 98.0, 120.0, 117.0, 132.0, 114.0, 261.0, 250.0, 214.0, 310.0, 269.0, 237.0, 144.0, 151.0, 579.0, 332.0, 225.0, 176.0, 278.0, 295.0, 325.0, 340.0, 362.0, 496.0, 476.0, 329.0, 356.0, 371.0, 311.0, 492.0, 471.0, 435.0, 461.0, 491.0, 512.0, 514.0, 298.0, 319.0, 329.0, 421.0, 364.0, 382.0, 377.0, 211.0]","[-7.0, -40.0, -26.0, -11.0, -60.0, -11.0, -44.0, -10.0, -12.0, -13.0, -17.0, -12.0, -75.0, -66.0, -44.0, -99.0, -69.0, -50.0, -16.0, -18.0, -49.0, -93.0, -108.0, -93.0, -120.0, -83.0, -101.0, -158.0, -159.0, -138.0, -198.0, -183.0, -168.0, -191.0, -101.0, -225.0, -93.0, -137.0, -193.0, -234.0, -220.0, -249.0, -103.0, -131.0, -127.0, -252.0, -163.0, -195.0, -91.0, -134.0]","[0, 1, 0, 0, 1, 1, 1, 0, 0, 0, 1, 1, 1, 0, 0, 0, 0, 0, 1, 0, 1, 0, 1, 1, 1, 1, 0, 0, 1, 0, 0, 0, 0, 0, 1, 0, 1, 0, 0, 1, 0, 1, 0, 0, 1, 1, 0, 0, 1, 0]",14698.0,101645.0,14698.0,579.0,0.14314603805541992,14698.0,14698.0,0.0
cp,8,makespan,2,"[80.0, 213.0, 205.0, 190.0, 221.0, 259.0, 256.0, 240.0, 248.0, 243.0, 237.0, 289.0, 297.0, 294.0, 327.0, 312.0, 274.0, 365.0, 357.0, 342.0, 579.0, 332.0, 229.0, 406.0, 485.0, 482.0, 479.0, 471.0, 468.0, 500.0, 476.0, 465.0, 457.0, 564.0, 579.0, 567.0, 556.0, 553.0, 461.0, 545.0, 530.0, 515.0, 454.0, 451.0, 436.0, 421.0, 403.0, 395.0, 380.0, 216.0]","[-2.0, 16.0, 45.0, 73.0, -40.0, 153.0, 27.0, 132.0, 116.0, 113.0, 88.0, 163.0, -39.0, -22.0, 69.0, -97.0, -64.0, 78.0, 197.0, 173.0, -49.0, -93.0, -104.0, 137.0, 87.0, 104.0, 53.0, -27.0, -53.0, -134.0, -198.0, -47.0, -67.0, 2.0, 167.0, -150.0, -8.0, -19.0, -193.0, -180.0, -202.0, -248.0, 53.0, 1.0, -20.0, -252.0, -124.0, -182.0, -88.0, -129.0]","[0, 1, 1, 1, 1, 1, 1, 1, 1, 1, 1, 1, 1, 1, 1, 1, 1, 1, 1, 1, 0, 1, 1, 1, 1, 1, 1, 1, 1, 1, 0, 1, 1, 1, 1, 1, 1, 1, 0, 1, 1, 1, 1, 1, 1, 1, 1, 1, 1, 1]",579.0,108065.0,19104.0,579.0,0.22688913345336914,579.0,579.0,0.0
cp,8,penalty,3,"[82.0, 197.0, 160.0, 117.0, 261.0, 106.0, 229.0, 108.0, 132.0, 130.0, 149.0, 126.0, 336.0, 316.0, 258.0, 409.0, 338.0, 287.0, 160.0, 169.0, 628.0, 425.0, 333.0, 269.0, 398.0, 378.0, 426.0, 498.0, 521.0, 634.0, 674.0, 512.0, 524.0, 562.0, 412.0, 717.0, 564.0, 572.0, 654.0, 725.0, 732.0, 763.0, 401.0, 450.0, 456.0, 673.0, 527.0, 577.0, 468.0, 345.0]","[0.0, 0.0, 0.0, 0.0, 0.0, 0.0, 0.0, 0.0, 0.0, 0.0, 0.0, 0.0, 0.0, 0.0, 0.0, 0.0, 0.0, 0.0, 0.0, 0.0, 0.0, 0.0, 0.0, 0.0, 0.0, 0.0, 0.0, 0.0, 0.0, 0.0, 0.0, 0.0, 0.0, 0.0, 0.0, 0.0, 0.0, 0.0, 0.0, 0.0, 0.0, 0.0, 0.0, 0.0, 0.0, 0.0, 0.0, 0.0, 0.0, 0.0]","[0, 1, 1, 1, 0, 0, 0, 1, 2, 1, 0, 0, 1, 0, 0, 2, 2, 0, 2, 0, 1, 1, 0, 0, 1, 0, 2, 0, 1, 0, 1, 0, 0, 1, 0, 0, 0, 1, 0, 2, 0, 0, 0, 0, 1, 0, 1, 0, 0, 0]",0.0,0.0,19888.0,763.0,0.16661715507507324,0.0,0.0,0.0
cp,8,total_time,3,"[75.0, 157.0, 134.0, 103.0, 201.0, 95.0, 185.0, 98.0, 117.0, 117.0, 132.0, 114.0, 261.0, 250.0, 214.0, 310.0, 269.0, 237.0, 144.0, 151.0, 579.0, 332.0, 225.0, 176.0, 278.0, 295.0, 325.0, 334.0, 362.0, 496.0, 475.0, 329.0, 356.0, 371.0, 311.0, 492.0, 471.0, 435.0, 461.0, 491.0, 512.0, 514.0, 298.0, 319.0, 329.0, 421.0, 364.0, 382.0, 377.0, 211.0]","[-7.0, -40.0, -26.0, -14.0, -60.0, -11.0, -44.0, -10.0, -15.0, -13.0, -17.0, -12.0, -75.0, -66.0, -44.0, -99.0, -69.0, -50.0, -16.0, -18.0, -49.0, -93.0, -108.0, -93.0, -120.0, -83.0, -101.0, -164.0, -159.0, -138.0, -199.0, -183.0, -168.0, -191.0, -101.0, -225.0, -93.0, -137.0, -193.0, -234.0, -220.0, -249.0, -103.0, -131.0, -127.0, -252.0, -163.0, -195.0, -91.0, -134.0]","[0, 1, 1, 1, 0, 0, 0, 2, 2, 1, 0, 0, 1, 0, 0, 2, 0, 0, 1, 0, 0, 2, 0, 0, 0, 0, 1, 1, 2, 1, 2, 1, 0, 1, 0, 1, 1, 1, 0, 0, 2, 0, 1, 1, 0, 0, 1, 2, 0, 0]",14685.0,101960.0,14685.0,579.0,0.14408302307128906,14685.0,14685.0,0.0
cp,8,makespan,3,"[80.0, 157.0, 134.0, 103.0, 201.0, 95.0, 219.0, 184.0, 235.0, 117.0, 140.0, 114.0, 261.0, 250.0, 214.0, 310.0, 269.0, 298.0, 144.0, 348.0, 579.0, 332.0, 227.0, 176.0, 298.0, 295.0, 346.0, 334.0, 364.0, 496.0, 475.0, 465.0, 356.0, 498.0, 514.0, 492.0, 522.0, 435.0, 461.0, 530.0, 513.0, 528.0, 298.0, 495.0, 329.0, 450.0, 535.0, 469.0, 550.0, 453.0]","[-2.0, -40.0, -26.0, -14.0, -60.0, -11.0, -10.0, 76.0, 103.0, -13.0, -9.0, -12.0, -75.0, -66.0, -44.0, -99.0, -69.0, 11.0, -16.0, 179.0, -49.0, -93.0, -106.0, -93.0, -100.0, -83.0, -80.0, -164.0, -157.0, -138.0, -199.0, -47.0, -168.0, -64.0, 102.0, -225.0, -42.0, -137.0, -193.0, -195.0, -219.0, -235.0, -103.0, 45.0, -127.0, -223.0, 8.0, -108.0, 82.0, 108.0]","[0, 1, 2, 1, 2, 0, 1, 1, 0, 2, 0, 1, 1, 1, 1, 1, 0, 2, 1, 2, 2, 0, 2, 2, 0, 0, 1, 2, 1, 0, 2, 2, 1, 2, 1, 1, 1, 2, 0, 1, 0, 2, 1, 1, 1, 2, 0, 0, 2, 2]",579.0,94695.0,16688.0,579.0,0.1431128978729248,579.0,579.0,0.0
cp,9,penalty,1,"[888.0, 978.0, 1091.0, 1430.0, 1656.0, 1159.0, 1520.0, 1249.0, 1588.0, 1362.0, 2063.0, 1746.0, 1859.0, 1927.0, 2333.0, 1995.0, 2153.0, 2243.0, 2764.0, 2436.0, 3125.0, 2967.0, 3035.0, 2899.0, 3258.0, 3715.0, 3353.0, 3783.0, 3647.0, 3466.0, 3534.0, 4144.0, 4009.0, 3919.0, 3851.0, 4273.0, 4469.0, 4723.0, 4836.0, 4633.0, 4904.0, 5305.0, 5509.0, 5124.0, 5441.0, 5237.0, 5373.0, 5826.0, 5758.0, 5622.0, 5690.0, 5946.0, 6149.0, 6059.0, 6223.0, 6585.0, 6404.0, 6472.0, 6291.0, 6867.0, 6972.0, 7439.0, 7635.0, 7824.0, 8161.0, 8048.0, 7958.0, 8229.0, 8319.0, 8387.0, 8715.0, 8455.0, 8903.0, 9293.0, 9508.0, 9988.0, 9796.0, 10300.0, 10108.0, 10636.0, 10704.0, 10817.0, 10953.0, 10885.0, 10515.0, 11134.0, 11267.0, 11066.0, 11425.0, 11335.0, 11515.0, 11713.0, 11922.0, 12035.0, 12103.0, 12369.0, 12655.0, 12437.0, 12550.0, 12723.0]","[-20.0, -49.0, -287.0, -72.0, 38.0, -76.0, 0.0, -152.0, 4.0, 19.0, 276.0, 46.0, 135.0, 20.0, 99.0, -8.0, -16.0, 28.0, -17.0, 0.0, 14.0, 0.0, 64.0, -19.0, 0.0, -13.0, -115.0, 33.0, 0.0, -29.0, -45.0, 65.0, 245.0, 170.0, -3.0, 0.0, 0.0, -48.0, 0.0, -62.0, 75.0, -95.0, -27.0, -100.0, -2.0, -255.0, 0.0, 95.0, 9.0, 34.0, 54.0, 0.0, 4.0, -15.0, 0.0, 64.0, 0.0, 17.0, -53.0, 0.0, 0.0, 0.0, 0.0, 0.0, -1.0, -76.0, -122.0, 80.0, 28.0, 38.0, 0.0, 0.0, 0.0, 0.0, 0.0, 0.0, 0.0, 0.0, 0.0, -30.0, 0.0, 38.0, 9.0, -58.0, 0.0, 22.0, -21.0, -5.0, 72.0, 0.0, 87.0, 0.0, -37.0, 0.0, 72.0, -24.0, 0.0, 50.0, 0.0, 32.0]","[0, 0, 0, 0, 0, 0, 0, 0, 0, 0, 0, 0, 0, 0, 0, 0, 0, 0, 0, 0, 0, 0, 0, 0, 0, 0, 0, 0, 0, 0, 0, 0, 0, 0, 0, 0, 0, 0, 0, 0, 0, 0, 0, 0, 0, 0, 0, 0, 0, 0, 0, 0, 0, 0, 0, 0, 0, 0, 0, 0, 0, 0, 0, 0, 0, 0, 0, 0, 0, 0, 0, 0, 0, 0, 0, 0, 0, 0, 0, 0, 0, 0, 0, 0, 0, 0, 0, 0, 0, 0, 0, 0, 0, 0, 0, 0, 0, 0, 0, 0]",5611.7,5611.7,633661.0,12723.0,301.2834050655365,5611.7,1865.92,0.667494698576189
cp,9,total_time,1,"[601.0, 725.0, 928.0, 996.0, 1064.0, 1381.0, 1177.0, 1471.0, 1245.0, 1313.0, 1878.0, 1561.0, 1674.0, 1742.0, 1968.0, 1810.0, 2067.0, 2157.0, 2247.0, 2340.0, 2619.0, 2732.0, 2958.0, 2822.0, 2890.0, 3246.0, 3335.0, 3448.0, 3584.0, 3516.0, 3878.0, 3742.0, 3968.0, 4058.0, 3652.0, 3810.0, 4190.0, 4280.0, 4393.0, 4461.0, 4551.0, 4894.0, 4965.0, 5486.0, 5214.0, 5078.0, 5146.0, 5576.0, 5282.0, 5350.0, 5418.0, 5895.0, 5691.0, 5759.0, 5827.0, 6008.0, 6076.0, 6144.0, 6234.0, 6582.0, 6842.0, 7168.0, 7258.0, 7508.0, 7632.0, 7700.0, 7790.0, 7903.0, 8071.0, 8152.0, 8244.0, 8350.0, 8623.0, 9001.0, 9365.0, 9569.0, 9704.0, 9820.0, 9910.0, 10119.0, 10187.0, 10388.0, 10592.0, 10524.0, 10456.0, 10741.0, 10854.0, 10922.0, 10990.0, 11080.0, 11223.0, 11313.0, 11570.0, 11689.0, 11757.0, 11942.0, 12124.0, 12192.0, 12305.0, 12373.0]","[-307.0, -302.0, -450.0, -506.0, -554.0, 146.0, -343.0, 70.0, -339.0, -30.0, 91.0, -139.0, -50.0, -165.0, -266.0, -193.0, -102.0, -58.0, -534.0, -96.0, -492.0, -235.0, -13.0, -96.0, -368.0, -482.0, -133.0, -302.0, -63.0, 21.0, 299.0, -337.0, 204.0, 309.0, -202.0, -463.0, -279.0, -491.0, -443.0, -234.0, -278.0, -506.0, -571.0, 262.0, -229.0, -414.0, -227.0, -155.0, -467.0, -238.0, -218.0, -51.0, -454.0, -315.0, -396.0, -513.0, -328.0, -311.0, -110.0, -285.0, -130.0, -271.0, -377.0, -316.0, -530.0, -424.0, -290.0, -246.0, -220.0, -197.0, -471.0, -105.0, -280.0, -292.0, -143.0, -419.0, -92.0, -480.0, -198.0, -547.0, -517.0, -391.0, -352.0, -419.0, -59.0, -371.0, -434.0, -149.0, -363.0, -255.0, -205.0, -400.0, -389.0, -346.0, -274.0, -451.0, -531.0, -195.0, -245.0, -318.0]","[0, 0, 0, 0, 0, 0, 0, 0, 0, 0, 0, 0, 0, 0, 0, 0, 0, 0, 0, 0, 0, 0, 0, 0, 0, 0, 0, 0, 0, 0, 0, 0, 0, 0, 0, 0, 0, 0, 0, 0, 0, 0, 0, 0, 0, 0, 0, 0, 0, 0, 0, 0, 0, 0, 0, 0, 0, 0, 0, 0, 0, 0, 0, 0, 0, 0, 0, 0, 0, 0, 0, 0, 0, 0, 0, 0, 0, 0, 0, 0, 0, 0, 0, 0, 0, 0, 0, 0, 0, 0, 0, 0, 0, 0, 0, 0, 0, 0, 0, 0]",607054.0,44985.82,607054.0,12373.0,303.1693961620331,607054.0,605639.0,0.002330929373663628
cp,9,makespan,1,"[635.0, 725.0, 928.0, 996.0, 1064.0, 1154.0, 1537.0, 1244.0, 1605.0, 1673.0, 1334.0, 1424.0, 1922.0, 1741.0, 1809.0, 1990.0, 2067.0, 2157.0, 2247.0, 2340.0, 2619.0, 2839.0, 2726.0, 2929.0, 2997.0, 3246.0, 3335.0, 3448.0, 3516.0, 3584.0, 3652.0, 4035.0, 3742.0, 3832.0, 3945.0, 4103.0, 4190.0, 4280.0, 4596.0, 4376.0, 4483.0, 4894.0, 4965.0, 5055.0, 5168.0, 5349.0, 5417.0, 5236.0, 5485.0, 5553.0, 5621.0, 5689.0, 5802.0, 5870.0, 5938.0, 6028.0, 6096.0, 6164.0, 6254.0, 6582.0, 6842.0, 7168.0, 7258.0, 7508.0, 7632.0, 7700.0, 7790.0, 7903.0, 8071.0, 8152.0, 8244.0, 8350.0, 8623.0, 9001.0, 9365.0, 9569.0, 9704.0, 9820.0, 9910.0, 10119.0, 10187.0, 10388.0, 10456.0, 10569.0, 10637.0, 10741.0, 10854.0, 10922.0, 10990.0, 11080.0, 11223.0, 11313.0, 11570.0, 11689.0, 11757.0, 11942.0, 12124.0, 12192.0, 12305.0, 12373.0]","[-273.0, -302.0, -450.0, -506.0, -554.0, -81.0, 17.0, -157.0, 21.0, 330.0, -453.0, -276.0, 198.0, -166.0, -425.0, -13.0, -102.0, -58.0, -534.0, -96.0, -492.0, -128.0, -245.0, 11.0, -261.0, -482.0, -133.0, -302.0, -131.0, 89.0, 73.0, -44.0, -22.0, 83.0, 91.0, -170.0, -279.0, -491.0, -240.0, -319.0, -346.0, -506.0, -571.0, -169.0, -275.0, -143.0, 44.0, -495.0, -264.0, -35.0, -15.0, -257.0, -343.0, -204.0, -285.0, -493.0, -308.0, -291.0, -90.0, -285.0, -130.0, -271.0, -377.0, -316.0, -530.0, -424.0, -290.0, -246.0, -220.0, -197.0, -471.0, -105.0, -280.0, -292.0, -143.0, -419.0, -92.0, -480.0, -198.0, -547.0, -517.0, -391.0, -488.0, -374.0, 122.0, -371.0, -434.0, -149.0, -363.0, -255.0, -205.0, -400.0, -389.0, -346.0, -274.0, -451.0, -531.0, -195.0, -245.0, -318.0]","[0, 0, 0, 0, 0, 0, 0, 0, 0, 0, 0, 0, 0, 0, 0, 0, 0, 0, 0, 0, 0, 0, 0, 0, 0, 0, 0, 0, 0, 0, 0, 0, 0, 0, 0, 0, 0, 0, 0, 0, 0, 0, 0, 0, 0, 0, 0, 0, 0, 0, 0, 0, 0, 0, 0, 0, 0, 0, 0, 0, 0, 0, 0, 0, 0, 0, 0, 0, 0, 0, 0, 0, 0, 0, 0, 0, 0, 0, 0, 0, 0, 0, 0, 0, 0, 0, 0, 0, 0, 0, 0, 0, 0, 0, 0, 0, 0, 0, 0, 0]",12373.0,42425.51,608272.0,12373.0,0.1949770450592041,12373.0,12373.0,0.0
cp,9,penalty,2,"[908.0, 1027.0, 1378.0, 1502.0, 1618.0, 1235.0, 1520.0, 1401.0, 1588.0, 1333.0, 1787.0, 1697.0, 1731.0, 1907.0, 2259.0, 2003.0, 2169.0, 2215.0, 2781.0, 2436.0, 3111.0, 2967.0, 2971.0, 2903.0, 3258.0, 3692.0, 3468.0, 3760.0, 3647.0, 3495.0, 3579.0, 4079.0, 3839.0, 3749.0, 3854.0, 4273.0, 4469.0, 4771.0, 4836.0, 4695.0, 4861.0, 5400.0, 5523.0, 5224.0, 5443.0, 5492.0, 5373.0, 5731.0, 5749.0, 5588.0, 5636.0, 5946.0, 6145.0, 6074.0, 6223.0, 6521.0, 6404.0, 6455.0, 6344.0, 6867.0, 6972.0, 7439.0, 7635.0, 7824.0, 8162.0, 8124.0, 8049.0, 8230.0, 8291.0, 8349.0, 8715.0, 8455.0, 8903.0, 9293.0, 9508.0, 9988.0, 9796.0, 10300.0, 10108.0, 10666.0, 10704.0, 10779.0, 10944.0, 10943.0, 10515.0, 11112.0, 11285.0, 11071.0, 11353.0, 11335.0, 11428.0, 11713.0, 11959.0, 12035.0, 12049.0, 12393.0, 12655.0, 12387.0, 12550.0, 12691.0]","[0.0, 0.0, 0.0, 0.0, 0.0, 0.0, 0.0, 0.0, 4.0, -10.0, 0.0, -3.0, 7.0, 0.0, 25.0, 0.0, 0.0, 0.0, 0.0, 0.0, 0.0, 0.0, 0.0, -15.0, 0.0, -36.0, 0.0, 10.0, 0.0, 0.0, 0.0, 0.0, 75.0, 0.0, 0.0, 0.0, 0.0, 0.0, 0.0, 0.0, 32.0, 0.0, -13.0, 0.0, 0.0, 0.0, 0.0, 0.0, 0.0, 0.0, 0.0, 0.0, 0.0, 0.0, 0.0, 0.0, 0.0, 0.0, 0.0, 0.0, 0.0, 0.0, 0.0, 0.0, 0.0, 0.0, -31.0, 81.0, 0.0, 0.0, 0.0, 0.0, 0.0, 0.0, 0.0, 0.0, 0.0, 0.0, 0.0, 0.0, 0.0, 0.0, 0.0, 0.0, 0.0, 0.0, -3.0, 0.0, 0.0, 0.0, 0.0, 0.0, 0.0, 0.0, 18.0, 0.0, 0.0, 0.0, 0.0, 0.0]","[0, 1, 1, 1, 1, 1, 0, 0, 0, 0, 0, 0, 1, 1, 1, 1, 1, 0, 0, 1, 1, 0, 1, 1, 1, 1, 1, 1, 0, 0, 1, 1, 0, 0, 1, 1, 1, 1, 0, 0, 1, 1, 0, 1, 0, 1, 0, 1, 0, 1, 0, 0, 1, 0, 1, 1, 1, 0, 0, 1, 1, 1, 1, 1, 1, 0, 1, 1, 0, 1, 1, 0, 1, 1, 1, 1, 1, 1, 0, 0, 1, 0, 1, 0, 1, 1, 1, 0, 1, 0, 0, 1, 1, 0, 1, 1, 1, 0, 1, 0]",444.1,444.1,633618.0,12691.0,3.3916778564453125,444.1,444.1,0.0
cp,9,total_time,2,"[601.0, 725.0, 928.0, 974.0, 1056.0, 1146.0, 1148.0, 1236.0, 1216.0, 1284.0, 1352.0, 1326.0, 1613.0, 1671.0, 1700.0, 1801.0, 2067.0, 2091.0, 2242.0, 2340.0, 2619.0, 2705.0, 2726.0, 2803.0, 2882.0, 3246.0, 3335.0, 3357.0, 3425.0, 3448.0, 3493.0, 3538.0, 3583.0, 3673.0, 3632.0, 3723.0, 4190.0, 4220.0, 4303.0, 4376.0, 4483.0, 4894.0, 4965.0, 4982.0, 5095.0, 5078.0, 5146.0, 5175.0, 5214.0, 5282.0, 5346.0, 5588.0, 5691.0, 5704.0, 5808.0, 5944.0, 5981.0, 6102.0, 6208.0, 6582.0, 6842.0, 7168.0, 7240.0, 7508.0, 7632.0, 7635.0, 7725.0, 7774.0, 8071.0, 8152.0, 8244.0, 8350.0, 8623.0, 9001.0, 9365.0, 9569.0, 9630.0, 9820.0, 9822.0, 10119.0, 10152.0, 10388.0, 10456.0, 10411.0, 10479.0, 10741.0, 10816.0, 10858.0, 10930.0, 11043.0, 11223.0, 11279.0, 11570.0, 11689.0, 11737.0, 11942.0, 12124.0, 12136.0, 12238.0, 12323.0]","[-307.0, -302.0, -450.0, -528.0, -562.0, -89.0, -372.0, -165.0, -368.0, -59.0, -435.0, -374.0, -111.0, -236.0, -534.0, -202.0, -102.0, -124.0, -539.0, -96.0, -492.0, -262.0, -245.0, -115.0, -376.0, -482.0, -133.0, -393.0, -222.0, -47.0, -86.0, -541.0, -181.0, -76.0, -222.0, -550.0, -279.0, -551.0, -533.0, -319.0, -346.0, -506.0, -571.0, -242.0, -348.0, -414.0, -227.0, -556.0, -535.0, -306.0, -290.0, -358.0, -454.0, -370.0, -415.0, -577.0, -423.0, -353.0, -136.0, -285.0, -130.0, -271.0, -395.0, -316.0, -530.0, -489.0, -355.0, -375.0, -220.0, -197.0, -471.0, -105.0, -280.0, -292.0, -143.0, -419.0, -166.0, -480.0, -286.0, -547.0, -552.0, -391.0, -488.0, -532.0, -36.0, -371.0, -472.0, -213.0, -423.0, -292.0, -205.0, -434.0, -389.0, -346.0, -294.0, -451.0, -531.0, -251.0, -312.0, -368.0]","[0, 0, 0, 1, 0, 0, 1, 0, 1, 1, 1, 0, 1, 0, 1, 0, 0, 1, 0, 1, 1, 0, 1, 0, 1, 1, 1, 0, 0, 1, 0, 1, 0, 0, 1, 1, 1, 0, 1, 0, 1, 0, 1, 0, 0, 1, 1, 0, 1, 1, 0, 0, 1, 0, 1, 0, 1, 1, 1, 0, 1, 0, 1, 0, 1, 0, 0, 1, 1, 0, 1, 0, 1, 1, 1, 1, 0, 0, 1, 1, 0, 1, 1, 0, 0, 1, 0, 1, 1, 0, 1, 0, 1, 0, 1, 1, 0, 1, 0, 1]",599887.0,51874.05,599887.0,12323.0,18.009782075881958,599887.0,599887.0,0.0
cp,9,makespan,2,"[635.0, 2191.0, 2123.0, 2033.0, 1920.0, 1830.0, 1762.0, 1649.0, 1581.0, 1491.0, 1378.0, 1288.0, 3337.0, 3405.0, 3224.0, 3156.0, 3043.0, 2953.0, 2863.0, 2340.0, 2773.0, 2705.0, 4414.0, 4595.0, 4527.0, 4346.0, 4233.0, 4165.0, 4097.0, 4029.0, 3916.0, 3848.0, 3713.0, 3623.0, 5233.0, 5504.0, 5391.0, 5301.0, 5165.0, 5052.0, 4962.0, 4894.0, 6758.0, 6668.0, 6600.0, 6532.0, 6464.0, 6351.0, 6283.0, 6215.0, 6147.0, 6034.0, 5966.0, 5876.0, 5808.0, 7687.0, 7619.0, 7506.0, 7416.0, 7326.0, 7236.0, 7168.0, 8983.0, 9051.0, 8915.0, 8802.0, 8712.0, 8644.0, 8576.0, 8508.0, 8418.0, 8350.0, 9119.0, 10593.0, 10661.0, 10480.0, 10412.0, 10277.0, 10187.0, 10119.0, 10729.0, 10842.0, 10910.0, 11113.0, 11181.0, 11000.0, 11610.0, 11542.0, 11429.0, 11339.0, 11249.0, 11678.0, 11768.0, 11881.0, 11949.0, 12062.0, 12130.0, 12136.0, 12238.0, 12323.0]","[-273.0, 1164.0, 745.0, 531.0, 302.0, 595.0, 242.0, 248.0, -3.0, 148.0, -409.0, -412.0, 1613.0, 1498.0, 990.0, 1153.0, 874.0, 738.0, 82.0, -96.0, -338.0, -262.0, 1443.0, 1677.0, 1269.0, 618.0, 765.0, 415.0, 450.0, 534.0, 337.0, -231.0, -51.0, -126.0, 1379.0, 1231.0, 922.0, 530.0, 329.0, 357.0, 133.0, -506.0, 1222.0, 1444.0, 1157.0, 1040.0, 1091.0, 620.0, 534.0, 627.0, 511.0, 88.0, -179.0, -198.0, -415.0, 1166.0, 1215.0, 1051.0, 1072.0, 459.0, 264.0, -271.0, 1348.0, 1227.0, 753.0, 678.0, 632.0, 495.0, 285.0, 159.0, -297.0, -105.0, 216.0, 1300.0, 1153.0, 492.0, 616.0, -23.0, 79.0, -547.0, 25.0, 63.0, -34.0, 170.0, 666.0, -112.0, 322.0, 471.0, 76.0, 4.0, -179.0, -35.0, -191.0, -154.0, -82.0, -331.0, -525.0, -251.0, -312.0, -368.0]","[0, 1, 1, 1, 1, 1, 1, 1, 1, 1, 1, 1, 1, 1, 1, 1, 1, 1, 1, 0, 1, 1, 1, 1, 1, 1, 1, 1, 1, 1, 1, 1, 1, 1, 1, 1, 1, 1, 1, 1, 1, 1, 1, 1, 1, 1, 1, 1, 1, 1, 1, 1, 1, 1, 1, 1, 1, 1, 1, 1, 1, 1, 1, 1, 1, 1, 1, 1, 1, 1, 1, 1, 1, 1, 1, 1, 1, 1, 1, 1, 1, 1, 1, 1, 1, 1, 1, 1, 1, 1, 1, 1, 1, 1, 1, 1, 1, 0, 1, 1]",12323.0,85944.92,674264.0,12323.0,0.15438508987426758,12323.0,12323.0,0.0
cp,9,penalty,3,"[908.0, 1027.0, 1378.0, 1502.0, 1618.0, 1235.0, 1520.0, 1401.0, 1584.0, 1343.0, 1787.0, 1700.0, 1724.0, 1907.0, 2234.0, 2003.0, 2169.0, 2215.0, 2781.0, 2436.0, 3111.0, 2967.0, 2971.0, 2918.0, 3258.0, 3728.0, 3468.0, 3750.0, 3647.0, 3495.0, 3579.0, 4079.0, 3796.0, 3749.0, 3854.0, 4273.0, 4469.0, 4771.0, 4836.0, 4695.0, 4829.0, 5400.0, 5536.0, 5224.0, 5443.0, 5492.0, 5373.0, 5731.0, 5749.0, 5588.0, 5636.0, 5946.0, 6145.0, 6074.0, 6223.0, 6521.0, 6404.0, 6455.0, 6344.0, 6867.0, 6972.0, 7439.0, 7635.0, 7824.0, 8162.0, 8124.0, 8049.0, 8149.0, 8291.0, 8349.0, 8715.0, 8455.0, 8903.0, 9293.0, 9508.0, 9988.0, 9796.0, 10300.0, 10108.0, 10666.0, 10704.0, 10779.0, 10944.0, 10943.0, 10515.0, 11112.0, 11288.0, 11071.0, 11353.0, 11335.0, 11428.0, 11713.0, 11959.0, 12035.0, 12031.0, 12393.0, 12655.0, 12387.0, 12550.0, 12691.0]","[0.0, 0.0, 0.0, 0.0, 0.0, 0.0, 0.0, 0.0, 0.0, 0.0, 0.0, 0.0, 0.0, 0.0, 0.0, 0.0, 0.0, 0.0, 0.0, 0.0, 0.0, 0.0, 0.0, 0.0, 0.0, 0.0, 0.0, 0.0, 0.0, 0.0, 0.0, 0.0, 32.0, 0.0, 0.0, 0.0, 0.0, 0.0, 0.0, 0.0, 0.0, 0.0, 0.0, 0.0, 0.0, 0.0, 0.0, 0.0, 0.0, 0.0, 0.0, 0.0, 0.0, 0.0, 0.0, 0.0, 0.0, 0.0, 0.0, 0.0, 0.0, 0.0, 0.0, 0.0, 0.0, 0.0, -31.0, 0.0, 0.0, 0.0, 0.0, 0.0, 0.0, 0.0, 0.0, 0.0, 0.0, 0.0, 0.0, 0.0, 0.0, 0.0, 0.0, 0.0, 0.0, 0.0, 0.0, 0.0, 0.0, 0.0, 0.0, 0.0, 0.0, 0.0, 0.0, 0.0, 0.0, 0.0, 0.0, 0.0]","[0, 1, 1, 1, 1, 2, 0, 2, 2, 0, 1, 2, 0, 0, 1, 0, 2, 0, 0, 2, 0, 2, 1, 0, 0, 2, 1, 0, 0, 2, 1, 0, 2, 1, 0, 0, 0, 1, 2, 0, 0, 2, 0, 0, 0, 2, 1, 2, 1, 2, 1, 2, 1, 2, 0, 1, 1, 0, 2, 0, 0, 0, 0, 0, 2, 0, 2, 1, 2, 0, 0, 0, 0, 1, 0, 0, 0, 0, 0, 0, 1, 0, 1, 0, 0, 1, 2, 2, 1, 0, 2, 0, 1, 2, 0, 2, 2, 0, 2, 0]",75.75,75.75,633478.0,12691.0,0.7488217353820801,75.75,75.75,0.0
cp,9,total_time,3,"[601.0, 725.0, 928.0, 974.0, 1056.0, 1119.0, 1148.0, 1209.0, 1201.0, 1218.0, 1269.0, 1288.0, 1613.0, 1671.0, 1700.0, 1801.0, 2067.0, 2091.0, 2242.0, 2340.0, 2619.0, 2705.0, 2726.0, 2803.0, 2882.0, 3246.0, 3335.0, 3357.0, 3368.0, 3428.0, 3463.0, 3495.0, 3544.0, 3623.0, 3632.0, 3723.0, 4190.0, 4220.0, 4246.0, 4376.0, 4483.0, 4894.0, 4965.0, 4982.0, 5021.0, 5078.0, 5145.0, 5175.0, 5214.0, 5224.0, 5346.0, 5588.0, 5691.0, 5704.0, 5808.0, 5944.0, 5981.0, 6102.0, 6208.0, 6582.0, 6842.0, 7168.0, 7240.0, 7508.0, 7632.0, 7635.0, 7725.0, 7774.0, 8071.0, 8152.0, 8244.0, 8350.0, 8623.0, 9001.0, 9365.0, 9569.0, 9630.0, 9820.0, 9822.0, 10119.0, 10152.0, 10388.0, 10397.0, 10411.0, 10456.0, 10741.0, 10816.0, 10858.0, 10930.0, 11043.0, 11223.0, 11279.0, 11570.0, 11689.0, 11737.0, 11942.0, 12124.0, 12136.0, 12238.0, 12323.0]","[-307.0, -302.0, -450.0, -528.0, -562.0, -116.0, -372.0, -192.0, -383.0, -125.0, -518.0, -412.0, -111.0, -236.0, -534.0, -202.0, -102.0, -124.0, -539.0, -96.0, -492.0, -262.0, -245.0, -115.0, -376.0, -482.0, -133.0, -393.0, -279.0, -67.0, -116.0, -584.0, -220.0, -126.0, -222.0, -550.0, -279.0, -551.0, -590.0, -319.0, -346.0, -506.0, -571.0, -242.0, -422.0, -414.0, -228.0, -556.0, -535.0, -364.0, -290.0, -358.0, -454.0, -370.0, -415.0, -577.0, -423.0, -353.0, -136.0, -285.0, -130.0, -271.0, -395.0, -316.0, -530.0, -489.0, -355.0, -375.0, -220.0, -197.0, -471.0, -105.0, -280.0, -292.0, -143.0, -419.0, -166.0, -480.0, -286.0, -547.0, -552.0, -391.0, -547.0, -532.0, -59.0, -371.0, -472.0, -213.0, -423.0, -292.0, -205.0, -434.0, -389.0, -346.0, -294.0, -451.0, -531.0, -251.0, -312.0, -368.0]","[0, 1, 2, 0, 1, 0, 2, 0, 1, 2, 1, 2, 2, 0, 1, 2, 0, 1, 1, 0, 0, 1, 2, 1, 2, 0, 2, 0, 1, 0, 2, 1, 0, 2, 1, 1, 2, 1, 0, 0, 0, 0, 2, 1, 0, 2, 1, 0, 1, 2, 1, 1, 2, 0, 1, 0, 1, 0, 2, 0, 0, 2, 0, 0, 2, 0, 1, 2, 0, 0, 2, 0, 0, 2, 0, 2, 0, 1, 0, 2, 0, 0, 1, 2, 0, 1, 0, 1, 2, 0, 1, 2, 0, 2, 1, 0, 1, 2, 1, 0]",599120.0,53016.75,599120.0,12323.0,0.49942827224731445,599120.0,599120.0,0.0
cp,9,makespan,3,"[635.0, 725.0, 928.0, 996.0, 1064.0, 1154.0, 1267.0, 1335.0, 1470.0, 1538.0, 1606.0, 1696.0, 1809.0, 1877.0, 1945.0, 2058.0, 2126.0, 2216.0, 2306.0, 2396.0, 2619.0, 2732.0, 2890.0, 2822.0, 3003.0, 3246.0, 3335.0, 3448.0, 3516.0, 4962.0, 3652.0, 3787.0, 3855.0, 3945.0, 4058.0, 4148.0, 4216.0, 5776.0, 4419.0, 4487.0, 4577.0, 4894.0, 5030.0, 5120.0, 5233.0, 5323.0, 5391.0, 5459.0, 5640.0, 5572.0, 5708.0, 5866.0, 5979.0, 6047.0, 6115.0, 6205.0, 6273.0, 6341.0, 6431.0, 6582.0, 6842.0, 7168.0, 7258.0, 7508.0, 7632.0, 7700.0, 7790.0, 7903.0, 8071.0, 8152.0, 8244.0, 8350.0, 8623.0, 9001.0, 9365.0, 11369.0, 9630.0, 9820.0, 9910.0, 10119.0, 10187.0, 10388.0, 10456.0, 10569.0, 10637.0, 10741.0, 10854.0, 10922.0, 10990.0, 11080.0, 11757.0, 11279.0, 11570.0, 11689.0, 11847.0, 11942.0, 12124.0, 12136.0, 12249.0, 12323.0]","[-273.0, -302.0, -450.0, -506.0, -554.0, -81.0, -253.0, -66.0, -114.0, 195.0, -181.0, -4.0, 85.0, -30.0, -289.0, 55.0, -43.0, 1.0, -475.0, -40.0, -492.0, -235.0, -81.0, -96.0, -255.0, -482.0, -133.0, -302.0, -131.0, 1467.0, 73.0, -292.0, 91.0, 196.0, 204.0, -125.0, -253.0, 1005.0, -417.0, -208.0, -252.0, -506.0, -506.0, -104.0, -210.0, -169.0, 18.0, -272.0, -109.0, -16.0, 72.0, -80.0, -166.0, -27.0, -108.0, -316.0, -131.0, -114.0, 87.0, -285.0, -130.0, -271.0, -377.0, -316.0, -530.0, -424.0, -290.0, -246.0, -220.0, -197.0, -471.0, -105.0, -280.0, -292.0, -143.0, 1381.0, -166.0, -480.0, -198.0, -547.0, -517.0, -391.0, -488.0, -374.0, 122.0, -371.0, -434.0, -149.0, -363.0, -255.0, 329.0, -434.0, -389.0, -346.0, -184.0, -451.0, -531.0, -251.0, -301.0, -368.0]","[0, 0, 2, 2, 2, 2, 2, 2, 2, 2, 2, 2, 2, 2, 2, 2, 2, 2, 2, 2, 2, 2, 2, 2, 2, 2, 2, 2, 2, 2, 2, 2, 2, 2, 2, 2, 2, 2, 2, 2, 2, 2, 2, 2, 2, 2, 2, 2, 2, 2, 2, 2, 2, 2, 2, 2, 2, 2, 2, 2, 2, 2, 2, 2, 2, 2, 2, 2, 2, 2, 2, 2, 2, 2, 2, 2, 2, 2, 2, 2, 2, 2, 2, 2, 2, 2, 2, 2, 2, 2, 2, 2, 2, 2, 2, 1, 1, 2, 2, 2]",12323.0,43715.18,616044.0,12323.0,0.18554902076721191,12323.0,12323.0,0.0
cp,10,penalty,1,"[893.0, 1142.0, 961.0, 1210.0, 1617.0, 1029.0, 1436.0, 1278.0, 1346.0, 1549.0, 1753.0, 1685.0, 1866.0, 2276.0, 2016.0, 2186.0, 2344.0, 2564.0, 2496.0, 3094.0, 3310.0, 3242.0, 3446.0, 2981.0, 3536.0, 3378.0, 3832.0, 3707.0, 4298.0, 4161.0, 4411.0, 4611.0, 4479.0, 4688.0, 4891.0, 4823.0, 5049.0, 4959.0, 5198.0, 5288.0, 5378.0, 5663.0, 5550.0, 5731.0, 5866.0, 6002.0, 6092.0, 5934.0, 6733.0, 6912.0, 6530.0, 6643.0, 7122.0, 7032.0, 7267.0, 7386.0, 7524.0, 7592.0, 7682.0, 8021.0, 7772.0, 8293.0, 7885.0, 8157.0, 8225.0, 7953.0, 8610.0, 8089.0, 8474.0, 8406.0, 8859.0, 8542.0, 8723.0, 9039.0, 9129.0, 8949.0, 9378.0, 8791.0, 9310.0, 9536.0, 9242.0, 9446.0, 9722.0, 9997.0, 10252.0, 10995.0, 11108.0, 11513.0, 11445.0, 12019.0, 12133.0, 12450.0, 12518.0, 12653.0, 12382.0, 12909.0, 13244.0, 13154.0, 13312.0, 13425.0, 13561.0, 13629.0, 13493.0, 13719.0, 14036.0, 13832.0, 14194.0, 13968.0, 13900.0, 14104.0, 14375.0, 14443.0, 14606.0, 14307.0, 15221.0, 14882.0, 14679.0, 14950.0, 15357.0, 15108.0, 15018.0, 14769.0, 15289.0, 15470.0, 15539.0, 15629.0, 15722.0, 15812.0, 15902.0, 16504.0, 16617.0, 16238.0, 16404.0, 16947.0, 17015.0, 17173.0, 17353.0, 17083.0, 17263.0, 17514.0, 17668.0, 18088.0, 18468.0, 18625.0, 18697.0, 18787.0, 18877.0, 19199.0, 19331.0, 19122.0]","[-264.0, -91.0, -107.0, 29.0, 209.0, -94.0, 99.0, -19.0, 70.0, 0.0, 11.0, -21.0, 34.0, -35.0, 0.0, 0.0, 70.0, 0.0, -28.0, 0.0, 42.0, -19.0, 50.0, -88.0, 0.0, -28.0, 0.0, 0.0, -3.0, 0.0, 0.0, 0.0, 69.0, -39.0, 42.0, -20.0, 245.0, 0.0, 0.0, -41.0, 0.0, -14.0, -60.0, -121.0, 0.0, 150.0, 35.0, 33.0, 72.0, 0.0, -72.0, 0.0, 92.0, 0.0, 0.0, 0.0, -18.0, -467.0, -157.0, -49.0, -390.0, -24.0, -85.0, 250.0, -123.0, -86.0, 69.0, -12.0, 37.0, 0.0, 126.0, 90.0, 172.0, 84.0, 40.0, 10.0, 209.0, -12.0, 419.0, 305.0, -29.0, 84.0, 0.0, 0.0, 0.0, 0.0, 4.0, 0.0, -78.0, 0.0, 0.0, 18.0, 3.0, 54.0, -87.0, 0.0, -65.0, -49.0, -171.0, -192.0, 14.0, 18.0, -9.0, -26.0, 227.0, -5.0, 39.0, 5.0, 67.0, 241.0, 286.0, 80.0, 0.0, 0.0, 314.0, -67.0, -14.0, 19.0, 218.0, 100.0, 31.0, -133.0, 25.0, 22.0, -30.0, 0.0, -17.0, 0.0, 34.0, 0.0, 107.0, 0.0, 0.0, -195.0, -136.0, 0.0, 42.0, -26.0, 93.0, 0.0, 0.0, 0.0, 0.0, 0.0, 0.0, -22.0, 40.0, 0.0, 0.0, 0.0]","[0, 0, 0, 0, 0, 0, 0, 0, 0, 0, 0, 0, 0, 0, 0, 0, 0, 0, 0, 0, 0, 0, 0, 0, 0, 0, 0, 0, 0, 0, 0, 0, 0, 0, 0, 0, 0, 0, 0, 0, 0, 0, 0, 0, 0, 0, 0, 0, 0, 0, 0, 0, 0, 0, 0, 0, 0, 0, 0, 0, 0, 0, 0, 0, 0, 0, 0, 0, 0, 0, 0, 0, 0, 0, 0, 0, 0, 0, 0, 0, 0, 0, 0, 0, 0, 0, 0, 0, 0, 0, 0, 0, 0, 0, 0, 0, 0, 0, 0, 0, 0, 0, 0, 0, 0, 0, 0, 0, 0, 0, 0, 0, 0, 0, 0, 0, 0, 0, 0, 0, 0, 0, 0, 0, 0, 0, 0, 0, 0, 0, 0, 0, 0, 0, 0, 0, 0, 0, 0, 0, 0, 0, 0, 0, 0, 0, 0, 0, 0, 0]",12944.17,12944.17,1456215.0,19331.0,300.795462846756,12944.17,4126.0,0.6812464607618719
cp,10,total_time,1,"[601.0, 672.0, 740.0, 869.0, 959.0, 1027.0, 1117.0, 1298.0, 1434.0, 1230.0, 1524.0, 1366.0, 1637.0, 1741.0, 1816.0, 1884.0, 2074.0, 2202.0, 2274.0, 2619.0, 2687.0, 2813.0, 2881.0, 2971.0, 3061.0, 3248.0, 3478.0, 3587.0, 3739.0, 3887.0, 3977.0, 4045.0, 4184.0, 4320.0, 4252.0, 4455.0, 4567.0, 4678.0, 4944.0, 5168.0, 5258.0, 5461.0, 5348.0, 5619.0, 5551.0, 5709.0, 5799.0, 5934.0, 6172.0, 6329.0, 6498.0, 6611.0, 6679.0, 6812.0, 6972.0, 7085.0, 7208.0, 7540.0, 7727.0, 7659.0, 7907.0, 7817.0, 8857.0, 8292.0, 8360.0, 8020.0, 9197.0, 8224.0, 8088.0, 8156.0, 9377.0, 8496.0, 8428.0, 8564.0, 8744.0, 8654.0, 8925.0, 9129.0, 8993.0, 9287.0, 9061.0, 9557.0, 9467.0, 9905.0, 9975.0, 10872.0, 10804.0, 11197.0, 11129.0, 11427.0, 11557.0, 11903.0, 12011.0, 12223.0, 12382.0, 12664.0, 12952.0, 13020.0, 13109.0, 13222.0, 13358.0, 13426.0, 13290.0, 13811.0, 13743.0, 13539.0, 13901.0, 13607.0, 13675.0, 13991.0, 14104.0, 14308.0, 14240.0, 14172.0, 14457.0, 14525.0, 14593.0, 15066.0, 14683.0, 14773.0, 14953.0, 14863.0, 15156.0, 15252.0, 15354.0, 15444.0, 15534.0, 15682.0, 15795.0, 15923.0, 16104.0, 16036.0, 16172.0, 16649.0, 16717.0, 16834.0, 16924.0, 17020.0, 17110.0, 17328.0, 17396.0, 17509.0, 17889.0, 18110.0, 18442.0, 18532.0, 18622.0, 19086.0, 18950.0, 19018.0]","[-556.0, -561.0, -328.0, -312.0, -449.0, -96.0, -220.0, 1.0, 158.0, -319.0, -218.0, -340.0, -195.0, -570.0, -200.0, -302.0, -200.0, -362.0, -250.0, -475.0, -581.0, -448.0, -515.0, -98.0, -475.0, -158.0, -354.0, -120.0, -562.0, -274.0, -434.0, -566.0, -226.0, -407.0, -597.0, -388.0, -237.0, -281.0, -254.0, -161.0, -120.0, -216.0, -262.0, -233.0, -315.0, -143.0, -258.0, 33.0, -489.0, -583.0, -104.0, -32.0, -351.0, -220.0, -295.0, -301.0, -334.0, -519.0, -112.0, -411.0, -255.0, -500.0, 887.0, 385.0, 12.0, -19.0, 656.0, 123.0, -349.0, -250.0, 644.0, 44.0, -123.0, -391.0, -345.0, -285.0, -244.0, 326.0, 102.0, 56.0, -210.0, 195.0, -255.0, -92.0, -277.0, -123.0, -300.0, -316.0, -394.0, -592.0, -576.0, -529.0, -504.0, -376.0, -87.0, -245.0, -357.0, -183.0, -374.0, -395.0, -189.0, -185.0, -212.0, 66.0, -66.0, -298.0, -254.0, -356.0, -158.0, 128.0, 15.0, -55.0, -366.0, -135.0, -450.0, -424.0, -100.0, 135.0, -456.0, -235.0, -34.0, -39.0, -108.0, -196.0, -215.0, -185.0, -205.0, -130.0, -73.0, -581.0, -406.0, -202.0, -232.0, -493.0, -434.0, -339.0, -387.0, -89.0, -60.0, -186.0, -272.0, -579.0, -579.0, -515.0, -255.0, -277.0, -215.0, -113.0, -381.0, -104.0]","[0, 0, 0, 0, 0, 0, 0, 0, 0, 0, 0, 0, 0, 0, 0, 0, 0, 0, 0, 0, 0, 0, 0, 0, 0, 0, 0, 0, 0, 0, 0, 0, 0, 0, 0, 0, 0, 0, 0, 0, 0, 0, 0, 0, 0, 0, 0, 0, 0, 0, 0, 0, 0, 0, 0, 0, 0, 0, 0, 0, 0, 0, 0, 0, 0, 0, 0, 0, 0, 0, 0, 0, 0, 0, 0, 0, 0, 0, 0, 0, 0, 0, 0, 0, 0, 0, 0, 0, 0, 0, 0, 0, 0, 0, 0, 0, 0, 0, 0, 0, 0, 0, 0, 0, 0, 0, 0, 0, 0, 0, 0, 0, 0, 0, 0, 0, 0, 0, 0, 0, 0, 0, 0, 0, 0, 0, 0, 0, 0, 0, 0, 0, 0, 0, 0, 0, 0, 0, 0, 0, 0, 0, 0, 0, 0, 0, 0, 0, 0, 0]",1419615.0,63856.2,1419615.0,19086.0,302.76693773269653,1419615.0,1415682.0,0.002770469458268615
cp,10,makespan,1,"[604.0, 672.0, 740.0, 869.0, 959.0, 1027.0, 1117.0, 1427.0, 1207.0, 1585.0, 1314.0, 1495.0, 1653.0, 1741.0, 1816.0, 1884.0, 2074.0, 2202.0, 2274.0, 2619.0, 2687.0, 2813.0, 2881.0, 2971.0, 3061.0, 3248.0, 3478.0, 3587.0, 3739.0, 3887.0, 3977.0, 4045.0, 4184.0, 4252.0, 4365.0, 4455.0, 4567.0, 4678.0, 4944.0, 5168.0, 5258.0, 5461.0, 5348.0, 5529.0, 5877.0, 5619.0, 5742.0, 5945.0, 6172.0, 6329.0, 6498.0, 6611.0, 6679.0, 6812.0, 6972.0, 7085.0, 7208.0, 7540.0, 7657.0, 8054.0, 7747.0, 7837.0, 8122.0, 8190.0, 8258.0, 8779.0, 7941.0, 8326.0, 8847.0, 8915.0, 8394.0, 8983.0, 9051.0, 8486.0, 8576.0, 8666.0, 9548.0, 9119.0, 9616.0, 9187.0, 9480.0, 9277.0, 9367.0, 9905.0, 9975.0, 10788.0, 10901.0, 11197.0, 11129.0, 11427.0, 11557.0, 11903.0, 12011.0, 12223.0, 12382.0, 12664.0, 12952.0, 13020.0, 13109.0, 13321.0, 13389.0, 13208.0, 14060.0, 13457.0, 13675.0, 13992.0, 13562.0, 13743.0, 13811.0, 13879.0, 14128.0, 14196.0, 14309.0, 14399.0, 14467.0, 14535.0, 14603.0, 15076.0, 14693.0, 14783.0, 14873.0, 14963.0, 15166.0, 15252.0, 15354.0, 15444.0, 15534.0, 15682.0, 15795.0, 15923.0, 16036.0, 16217.0, 16104.0, 16649.0, 16717.0, 16834.0, 16924.0, 17020.0, 17110.0, 17328.0, 17396.0, 17509.0, 17889.0, 18110.0, 18442.0, 18532.0, 18622.0, 19086.0, 18950.0, 19018.0]","[-553.0, -561.0, -328.0, -312.0, -449.0, -96.0, -220.0, 130.0, -69.0, 36.0, -428.0, -211.0, -179.0, -570.0, -200.0, -302.0, -200.0, -362.0, -250.0, -475.0, -581.0, -448.0, -515.0, -98.0, -475.0, -158.0, -354.0, -120.0, -562.0, -274.0, -434.0, -566.0, -226.0, -475.0, -484.0, -388.0, -237.0, -281.0, -254.0, -161.0, -120.0, -216.0, -262.0, -323.0, 11.0, -233.0, -315.0, 44.0, -489.0, -583.0, -104.0, -32.0, -351.0, -220.0, -295.0, -301.0, -334.0, -519.0, -182.0, -16.0, -415.0, -480.0, 152.0, 283.0, -90.0, 740.0, -600.0, 225.0, 410.0, 509.0, -339.0, 531.0, 500.0, -469.0, -513.0, -273.0, 379.0, 316.0, 725.0, -44.0, 209.0, -85.0, -355.0, -92.0, -277.0, -207.0, -203.0, -316.0, -394.0, -592.0, -576.0, -529.0, -504.0, -376.0, -87.0, -245.0, -357.0, -183.0, -374.0, -296.0, -158.0, -403.0, 558.0, -288.0, -134.0, 155.0, -593.0, -220.0, -22.0, 16.0, 39.0, -167.0, -297.0, 92.0, -440.0, -414.0, -90.0, 145.0, -446.0, -225.0, -114.0, 61.0, -98.0, -196.0, -215.0, -185.0, -205.0, -130.0, -73.0, -581.0, -474.0, -21.0, -300.0, -493.0, -434.0, -339.0, -387.0, -89.0, -60.0, -186.0, -272.0, -579.0, -579.0, -515.0, -255.0, -277.0, -215.0, -113.0, -381.0, -104.0]","[0, 0, 0, 0, 0, 0, 0, 0, 0, 0, 0, 0, 0, 0, 0, 0, 0, 0, 0, 0, 0, 0, 0, 0, 0, 0, 0, 0, 0, 0, 0, 0, 0, 0, 0, 0, 0, 0, 0, 0, 0, 0, 0, 0, 0, 0, 0, 0, 0, 0, 0, 0, 0, 0, 0, 0, 0, 0, 0, 0, 0, 0, 0, 0, 0, 0, 0, 0, 0, 0, 0, 0, 0, 0, 0, 0, 0, 0, 0, 0, 0, 0, 0, 0, 0, 0, 0, 0, 0, 0, 0, 0, 0, 0, 0, 0, 0, 0, 0, 0, 0, 0, 0, 0, 0, 0, 0, 0, 0, 0, 0, 0, 0, 0, 0, 0, 0, 0, 0, 0, 0, 0, 0, 0, 0, 0, 0, 0, 0, 0, 0, 0, 0, 0, 0, 0, 0, 0, 0, 0, 0, 0, 0, 0, 0, 0, 0, 0, 0, 0]",19086.0,66963.38,1422282.0,19086.0,0.42854785919189453,19086.0,19086.0,0.0
cp,10,penalty,2,"[1136.0, 1233.0, 1068.0, 1204.0, 1408.0, 1120.0, 1366.0, 1301.0, 1276.0, 1549.0, 1742.0, 1706.0, 1832.0, 2311.0, 2016.0, 2186.0, 2274.0, 2564.0, 2524.0, 3094.0, 3268.0, 3261.0, 3396.0, 3069.0, 3536.0, 3406.0, 3832.0, 3707.0, 4298.0, 4161.0, 4411.0, 4611.0, 4410.0, 4714.0, 4849.0, 4781.0, 4804.0, 4959.0, 5198.0, 5329.0, 5378.0, 5677.0, 5610.0, 5762.0, 5866.0, 5852.0, 6057.0, 5934.0, 6661.0, 6912.0, 6602.0, 6715.0, 7030.0, 7032.0, 7267.0, 7386.0, 7542.0, 8059.0, 7839.0, 8070.0, 8162.0, 8293.0, 7970.0, 7907.0, 8347.0, 8002.0, 8541.0, 8138.0, 8437.0, 8406.0, 8733.0, 8474.0, 8551.0, 8955.0, 9089.0, 8939.0, 9169.0, 8803.0, 8887.0, 9231.0, 9271.0, 9362.0, 9722.0, 9997.0, 10252.0, 10995.0, 11104.0, 11513.0, 11523.0, 12019.0, 12133.0, 12432.0, 12515.0, 12599.0, 12469.0, 12909.0, 13309.0, 13203.0, 13483.0, 13617.0, 13547.0, 13615.0, 13479.0, 13724.0, 13765.0, 13837.0, 14155.0, 13963.0, 13833.0, 13901.0, 14089.0, 14363.0, 14606.0, 14307.0, 14881.0, 14949.0, 14693.0, 14931.0, 15139.0, 15017.0, 14999.0, 14818.0, 15264.0, 15448.0, 15569.0, 15629.0, 15739.0, 15812.0, 15868.0, 16504.0, 16510.0, 16238.0, 16404.0, 17083.0, 17151.0, 17173.0, 17311.0, 17083.0, 17219.0, 17514.0, 17668.0, 18088.0, 18468.0, 18625.0, 18697.0, 18809.0, 18837.0, 19199.0, 19331.0, 19122.0]","[-21.0, 0.0, 0.0, 23.0, 0.0, -3.0, 29.0, 4.0, 0.0, 0.0, 0.0, 0.0, 0.0, 0.0, 0.0, 0.0, 0.0, 0.0, 0.0, 0.0, 0.0, 0.0, 0.0, 0.0, 0.0, 0.0, 0.0, 0.0, -3.0, 0.0, 0.0, 0.0, 0.0, -13.0, 0.0, -62.0, 0.0, 0.0, 0.0, 0.0, 0.0, 0.0, 0.0, -90.0, 0.0, 0.0, 0.0, 33.0, 0.0, 0.0, 0.0, 72.0, 0.0, 0.0, 0.0, 0.0, 0.0, 0.0, 0.0, 0.0, 0.0, -24.0, 0.0, 0.0, -1.0, -37.0, 0.0, 37.0, 0.0, 0.0, 0.0, 22.0, 0.0, 0.0, 0.0, 0.0, 0.0, 0.0, -4.0, 0.0, 0.0, 0.0, 0.0, 0.0, 0.0, 0.0, 0.0, 0.0, 0.0, 0.0, 0.0, 0.0, 0.0, 0.0, 0.0, 0.0, 0.0, 0.0, 0.0, 0.0, 0.0, 4.0, -23.0, -21.0, -44.0, 0.0, 0.0, 0.0, 0.0, 38.0, 0.0, 0.0, 0.0, 0.0, -26.0, 0.0, 0.0, 0.0, 0.0, 9.0, 12.0, -84.0, 0.0, 0.0, 0.0, 0.0, 0.0, 0.0, 0.0, 0.0, 0.0, 0.0, 0.0, -59.0, 0.0, 0.0, 0.0, -26.0, 49.0, 0.0, 0.0, 0.0, 0.0, 0.0, 0.0, 0.0, 0.0, 0.0, 0.0, 0.0]","[0, 1, 0, 0, 1, 1, 0, 1, 0, 1, 1, 0, 0, 1, 0, 1, 0, 1, 0, 0, 0, 1, 1, 1, 1, 0, 1, 1, 0, 1, 0, 1, 1, 0, 1, 1, 0, 1, 1, 1, 0, 0, 1, 0, 1, 0, 0, 1, 1, 1, 0, 0, 1, 0, 1, 1, 1, 1, 1, 0, 1, 1, 1, 0, 0, 0, 0, 0, 0, 1, 1, 1, 1, 1, 0, 0, 1, 0, 1, 0, 1, 1, 1, 1, 1, 1, 0, 1, 0, 1, 1, 0, 0, 1, 1, 1, 1, 0, 1, 1, 0, 0, 0, 0, 1, 0, 1, 0, 1, 1, 0, 1, 1, 0, 0, 0, 1, 1, 0, 0, 1, 1, 1, 1, 1, 0, 1, 0, 1, 1, 0, 1, 1, 0, 0, 1, 0, 1, 0, 1, 1, 0, 1, 1, 0, 1, 0, 0, 1, 1]",1143.7,1143.7,1454596.0,19331.0,22.141483068466187,1143.7,1143.7,0.0
cp,10,total_time,2,"[601.0, 672.0, 723.0, 869.0, 890.0, 978.0, 1075.0, 1081.0, 1165.0, 1171.0, 1314.0, 1328.0, 1492.0, 1741.0, 1816.0, 1880.0, 2074.0, 2202.0, 2274.0, 2619.0, 2673.0, 2813.0, 2826.0, 2914.0, 2984.0, 3248.0, 3478.0, 3587.0, 3739.0, 3887.0, 3940.0, 4020.0, 4184.0, 4197.0, 4252.0, 4418.0, 4567.0, 4678.0, 4944.0, 5168.0, 5169.0, 5285.0, 5335.0, 5505.0, 5529.0, 5606.0, 5742.0, 5831.0, 6172.0, 6329.0, 6498.0, 6539.0, 6658.0, 6812.0, 6972.0, 7072.0, 7208.0, 7540.0, 7657.0, 7659.0, 7727.0, 7747.0, 7840.0, 7860.0, 7976.0, 7908.0, 7941.0, 8044.0, 8076.0, 8148.0, 8269.0, 8365.0, 8403.0, 8486.0, 8534.0, 8576.0, 8669.0, 8692.0, 8780.0, 8911.0, 8990.0, 9004.0, 9305.0, 9905.0, 9975.0, 10788.0, 10804.0, 11129.0, 11129.0, 11427.0, 11557.0, 11903.0, 12011.0, 12223.0, 12382.0, 12664.0, 12952.0, 12969.0, 13109.0, 13177.0, 13222.0, 13290.0, 13255.0, 13456.0, 13461.0, 13551.0, 13562.0, 13619.0, 13675.0, 13773.0, 13981.0, 14039.0, 14063.0, 14152.0, 14457.0, 14460.0, 14553.0, 14619.0, 14682.0, 14698.0, 14772.0, 14788.0, 14952.0, 15252.0, 15354.0, 15377.0, 15513.0, 15682.0, 15795.0, 15923.0, 15949.0, 16036.0, 16043.0, 16649.0, 16684.0, 16834.0, 16840.0, 17020.0, 17077.0, 17328.0, 17377.0, 17497.0, 17889.0, 18110.0, 18442.0, 18481.0, 18532.0, 18939.0, 18950.0, 19018.0]","[-556.0, -561.0, -345.0, -312.0, -518.0, -145.0, -262.0, -216.0, -111.0, -378.0, -428.0, -378.0, -340.0, -570.0, -200.0, -306.0, -200.0, -362.0, -250.0, -475.0, -595.0, -448.0, -570.0, -155.0, -552.0, -158.0, -354.0, -120.0, -562.0, -274.0, -471.0, -591.0, -226.0, -530.0, -597.0, -425.0, -237.0, -281.0, -254.0, -161.0, -209.0, -392.0, -275.0, -347.0, -337.0, -246.0, -315.0, -70.0, -489.0, -583.0, -104.0, -104.0, -372.0, -220.0, -295.0, -314.0, -334.0, -519.0, -182.0, -411.0, -435.0, -570.0, -130.0, -47.0, -372.0, -131.0, -600.0, -57.0, -361.0, -258.0, -464.0, -87.0, -148.0, -469.0, -555.0, -363.0, -500.0, -111.0, -111.0, -320.0, -281.0, -358.0, -417.0, -92.0, -277.0, -207.0, -300.0, -384.0, -394.0, -592.0, -576.0, -529.0, -504.0, -376.0, -87.0, -245.0, -357.0, -234.0, -374.0, -440.0, -325.0, -321.0, -247.0, -289.0, -348.0, -286.0, -593.0, -344.0, -158.0, -90.0, -108.0, -324.0, -543.0, -155.0, -450.0, -489.0, -140.0, -312.0, -457.0, -310.0, -215.0, -114.0, -312.0, -196.0, -215.0, -252.0, -226.0, -130.0, -73.0, -581.0, -561.0, -202.0, -361.0, -493.0, -467.0, -339.0, -471.0, -89.0, -93.0, -186.0, -291.0, -591.0, -579.0, -515.0, -255.0, -328.0, -305.0, -260.0, -381.0, -104.0]","[0, 1, 0, 1, 0, 1, 1, 0, 1, 0, 1, 0, 1, 1, 1, 0, 1, 1, 1, 1, 0, 1, 0, 1, 0, 1, 1, 1, 1, 1, 0, 1, 1, 0, 1, 1, 1, 1, 1, 1, 0, 1, 0, 1, 0, 1, 1, 0, 1, 1, 1, 0, 1, 1, 1, 0, 1, 1, 1, 0, 0, 1, 0, 1, 0, 0, 1, 0, 1, 1, 1, 0, 1, 0, 1, 0, 1, 0, 1, 0, 1, 0, 1, 1, 1, 1, 0, 1, 0, 1, 1, 1, 1, 1, 1, 1, 1, 0, 1, 0, 1, 1, 0, 1, 0, 0, 1, 0, 1, 1, 1, 0, 1, 0, 1, 0, 1, 0, 1, 0, 1, 0, 1, 1, 1, 0, 1, 1, 1, 0, 1, 0, 1, 1, 0, 1, 0, 1, 0, 1, 0, 1, 1, 1, 1, 0, 1, 1, 0, 0]",1405626.0,72544.07,1405626.0,19018.0,12.308944940567017,1405626.0,1405626.0,0.0
cp,10,makespan,2,"[604.0, 672.0, 740.0, 869.0, 959.0, 1027.0, 1117.0, 1230.0, 1298.0, 1411.0, 1479.0, 1592.0, 1682.0, 1750.0, 1818.0, 1886.0, 2074.0, 2202.0, 2274.0, 2619.0, 2687.0, 2813.0, 2881.0, 2971.0, 3061.0, 3248.0, 3478.0, 3587.0, 3739.0, 3887.0, 3977.0, 4045.0, 4184.0, 4320.0, 4433.0, 4523.0, 4591.0, 4681.0, 4944.0, 5168.0, 5258.0, 5371.0, 5439.0, 5529.0, 5664.0, 5732.0, 5822.0, 5933.0, 6172.0, 6329.0, 6498.0, 6611.0, 6679.0, 6812.0, 6972.0, 8191.0, 8259.0, 8327.0, 8417.0, 8530.0, 8598.0, 8688.0, 8801.0, 8869.0, 8937.0, 9027.0, 9095.0, 9208.0, 9298.0, 9366.0, 9434.0, 9547.0, 9615.0, 9683.0, 9773.0, 9863.0, 9998.0, 10066.0, 10156.0, 10224.0, 10337.0, 10405.0, 10495.0, 10609.0, 10677.0, 10788.0, 10901.0, 11129.0, 11264.0, 11427.0, 11557.0, 11903.0, 12011.0, 12223.0, 12382.0, 12664.0, 12952.0, 13020.0, 13109.0, 13222.0, 13290.0, 13358.0, 13493.0, 13561.0, 13674.0, 13764.0, 13637.0, 13832.0, 13900.0, 13968.0, 14081.0, 14149.0, 14262.0, 14352.0, 14457.0, 14525.0, 14670.0, 14873.0, 14941.0, 15031.0, 15121.0, 15211.0, 15346.0, 15414.0, 15482.0, 15572.0, 15662.0, 15752.0, 15842.0, 15932.0, 16045.0, 16135.0, 16043.0, 16649.0, 16717.0, 16834.0, 16924.0, 17020.0, 17110.0, 17328.0, 17396.0, 17509.0, 17889.0, 18110.0, 18442.0, 18532.0, 18622.0, 19018.0, 18950.0, 19015.0]","[-553.0, -561.0, -328.0, -312.0, -449.0, -96.0, -220.0, -67.0, 22.0, -138.0, -263.0, -114.0, -150.0, -561.0, -198.0, -300.0, -200.0, -362.0, -250.0, -475.0, -581.0, -448.0, -515.0, -98.0, -475.0, -158.0, -354.0, -120.0, -562.0, -274.0, -434.0, -566.0, -226.0, -407.0, -416.0, -320.0, -213.0, -278.0, -254.0, -161.0, -120.0, -306.0, -171.0, -323.0, -202.0, -120.0, -235.0, 32.0, -489.0, -583.0, -104.0, -32.0, -351.0, -220.0, -295.0, 805.0, 717.0, 268.0, 578.0, 460.0, 436.0, 371.0, 831.0, 962.0, 589.0, 988.0, 554.0, 1107.0, 861.0, 960.0, 701.0, 1095.0, 1064.0, 728.0, 684.0, 924.0, 829.0, 1263.0, 1265.0, 993.0, 1066.0, 1043.0, 773.0, 612.0, 425.0, -207.0, -203.0, -384.0, -259.0, -592.0, -576.0, -529.0, -504.0, -376.0, -87.0, -245.0, -357.0, -183.0, -374.0, -395.0, -257.0, -253.0, -9.0, -184.0, -135.0, -73.0, -518.0, -131.0, 67.0, 105.0, -8.0, -214.0, -344.0, 45.0, -450.0, -424.0, -23.0, -58.0, -198.0, 23.0, 134.0, 309.0, 82.0, -34.0, -87.0, -57.0, -77.0, -60.0, -26.0, -572.0, -465.0, -103.0, -361.0, -493.0, -434.0, -339.0, -387.0, -89.0, -60.0, -186.0, -272.0, -579.0, -579.0, -515.0, -255.0, -277.0, -215.0, -181.0, -381.0, -107.0]","[0, 0, 0, 0, 0, 0, 0, 0, 0, 0, 0, 0, 0, 0, 0, 0, 0, 0, 0, 0, 0, 0, 0, 0, 0, 0, 0, 0, 0, 0, 0, 0, 0, 0, 0, 0, 0, 0, 0, 0, 0, 0, 0, 0, 0, 0, 0, 1, 0, 0, 0, 0, 0, 0, 0, 0, 0, 0, 0, 0, 0, 0, 0, 0, 0, 0, 0, 0, 0, 0, 0, 0, 0, 0, 0, 0, 0, 0, 0, 0, 0, 0, 0, 0, 0, 0, 0, 0, 0, 0, 0, 0, 0, 0, 0, 0, 0, 0, 0, 0, 0, 0, 0, 0, 0, 0, 1, 0, 0, 0, 0, 0, 0, 0, 0, 0, 0, 0, 0, 0, 0, 0, 0, 0, 0, 0, 0, 0, 0, 0, 0, 0, 1, 0, 0, 0, 0, 0, 0, 0, 0, 0, 0, 0, 0, 0, 0, 0, 0, 1]",19018.0,84709.42,1447827.0,19018.0,0.19055604934692383,19018.0,19018.0,0.0
cp,10,penalty,3,"[1157.0, 1233.0, 1068.0, 1181.0, 1408.0, 1123.0, 1337.0, 1297.0, 1276.0, 1549.0, 1742.0, 1706.0, 1832.0, 2311.0, 2016.0, 2186.0, 2274.0, 2564.0, 2524.0, 3094.0, 3268.0, 3261.0, 3396.0, 3069.0, 3536.0, 3406.0, 3832.0, 3707.0, 4301.0, 4161.0, 4411.0, 4611.0, 4410.0, 4727.0, 4849.0, 4843.0, 4804.0, 4959.0, 5198.0, 5329.0, 5378.0, 5677.0, 5610.0, 5852.0, 5866.0, 5852.0, 6057.0, 5934.0, 6661.0, 6912.0, 6602.0, 6643.0, 7030.0, 7032.0, 7267.0, 7386.0, 7542.0, 8059.0, 7839.0, 8070.0, 8162.0, 8317.0, 7970.0, 7907.0, 8347.0, 8033.0, 8541.0, 8101.0, 8437.0, 8406.0, 8733.0, 8452.0, 8551.0, 8955.0, 9089.0, 8939.0, 9169.0, 8803.0, 8891.0, 9231.0, 9271.0, 9362.0, 9722.0, 9997.0, 10252.0, 10995.0, 11104.0, 11513.0, 11523.0, 12019.0, 12133.0, 12432.0, 12515.0, 12599.0, 12469.0, 12909.0, 13309.0, 13203.0, 13483.0, 13617.0, 13547.0, 13611.0, 13502.0, 13745.0, 13795.0, 13837.0, 14155.0, 13963.0, 13858.0, 13863.0, 14089.0, 14363.0, 14606.0, 14307.0, 14881.0, 14949.0, 14693.0, 14931.0, 15139.0, 15008.0, 14987.0, 14897.0, 15264.0, 15448.0, 15569.0, 15629.0, 15739.0, 15812.0, 15868.0, 16504.0, 16510.0, 16238.0, 16404.0, 17105.0, 17151.0, 17173.0, 17311.0, 17109.0, 17199.0, 17514.0, 17668.0, 18088.0, 18468.0, 18625.0, 18697.0, 18809.0, 18837.0, 19199.0, 19331.0, 19122.0]","[0.0, 0.0, 0.0, 0.0, 0.0, 0.0, 0.0, 0.0, 0.0, 0.0, 0.0, 0.0, 0.0, 0.0, 0.0, 0.0, 0.0, 0.0, 0.0, 0.0, 0.0, 0.0, 0.0, 0.0, 0.0, 0.0, 0.0, 0.0, 0.0, 0.0, 0.0, 0.0, 0.0, 0.0, 0.0, 0.0, 0.0, 0.0, 0.0, 0.0, 0.0, 0.0, 0.0, 0.0, 0.0, 0.0, 0.0, 33.0, 0.0, 0.0, 0.0, 0.0, 0.0, 0.0, 0.0, 0.0, 0.0, 0.0, 0.0, 0.0, 0.0, 0.0, 0.0, 0.0, -1.0, -6.0, 0.0, 0.0, 0.0, 0.0, 0.0, 0.0, 0.0, 0.0, 0.0, 0.0, 0.0, 0.0, 0.0, 0.0, 0.0, 0.0, 0.0, 0.0, 0.0, 0.0, 0.0, 0.0, 0.0, 0.0, 0.0, 0.0, 0.0, 0.0, 0.0, 0.0, 0.0, 0.0, 0.0, 0.0, 0.0, 0.0, 0.0, 0.0, -14.0, 0.0, 0.0, 0.0, 25.0, 0.0, 0.0, 0.0, 0.0, 0.0, -26.0, 0.0, 0.0, 0.0, 0.0, 0.0, 0.0, -5.0, 0.0, 0.0, 0.0, 0.0, 0.0, 0.0, 0.0, 0.0, 0.0, 0.0, 0.0, -37.0, 0.0, 0.0, 0.0, 0.0, 29.0, 0.0, 0.0, 0.0, 0.0, 0.0, 0.0, 0.0, 0.0, 0.0, 0.0, 0.0]","[0, 0, 0, 2, 2, 1, 0, 2, 1, 1, 2, 0, 0, 1, 0, 0, 0, 0, 1, 2, 0, 1, 2, 0, 0, 1, 0, 0, 2, 0, 1, 0, 0, 2, 2, 1, 0, 0, 0, 2, 0, 2, 1, 2, 1, 0, 0, 1, 2, 0, 0, 1, 1, 0, 0, 0, 0, 1, 1, 2, 1, 2, 1, 2, 1, 0, 2, 0, 1, 0, 0, 2, 1, 2, 1, 0, 2, 2, 1, 0, 1, 0, 0, 0, 0, 0, 2, 2, 1, 0, 0, 0, 1, 2, 2, 0, 0, 0, 1, 0, 2, 1, 0, 1, 2, 0, 1, 0, 1, 2, 0, 2, 0, 1, 1, 1, 0, 2, 0, 2, 0, 0, 1, 0, 1, 0, 1, 0, 1, 1, 2, 0, 0, 2, 0, 2, 0, 1, 1, 0, 0, 0, 0, 0, 0, 1, 0, 0, 0, 0]",205.21,205.21,1454803.0,19331.0,5.051332712173462,205.21,205.21,0.0
cp,10,total_time,3,"[601.0, 672.0, 723.0, 869.0, 890.0, 978.0, 1075.0, 1081.0, 1149.0, 1148.0, 1314.0, 1328.0, 1492.0, 1741.0, 1816.0, 1880.0, 2074.0, 2202.0, 2274.0, 2619.0, 2673.0, 2813.0, 2826.0, 2914.0, 2984.0, 3248.0, 3478.0, 3587.0, 3739.0, 3887.0, 3940.0, 4020.0, 4184.0, 4197.0, 4250.0, 4418.0, 4567.0, 4678.0, 4944.0, 5168.0, 5169.0, 5285.0, 5335.0, 5505.0, 5529.0, 5606.0, 5742.0, 5831.0, 6172.0, 6329.0, 6498.0, 6539.0, 6658.0, 6812.0, 6972.0, 7072.0, 7208.0, 7540.0, 7657.0, 7659.0, 7713.0, 7735.0, 7816.0, 7826.0, 7848.0, 7884.0, 7941.0, 8033.0, 8072.0, 8148.0, 8269.0, 8365.0, 8403.0, 8486.0, 8534.0, 8576.0, 8630.0, 8692.0, 8780.0, 8911.0, 8990.0, 9004.0, 9305.0, 9905.0, 9975.0, 10788.0, 10804.0, 11129.0, 11129.0, 11427.0, 11557.0, 11903.0, 12011.0, 12223.0, 12382.0, 12664.0, 12952.0, 12969.0, 13109.0, 13177.0, 13196.0, 13208.0, 13255.0, 13456.0, 13461.0, 13532.0, 13562.0, 13603.0, 13626.0, 13773.0, 13981.0, 14039.0, 14063.0, 14123.0, 14457.0, 14460.0, 14553.0, 14619.0, 14682.0, 14698.0, 14749.0, 14772.0, 14952.0, 15252.0, 15354.0, 15377.0, 15513.0, 15682.0, 15795.0, 15923.0, 15949.0, 16013.0, 16043.0, 16649.0, 16684.0, 16834.0, 16840.0, 17020.0, 17077.0, 17328.0, 17377.0, 17497.0, 17889.0, 18110.0, 18442.0, 18481.0, 18512.0, 18939.0, 18950.0, 19015.0]","[-556.0, -561.0, -345.0, -312.0, -518.0, -145.0, -262.0, -216.0, -127.0, -401.0, -428.0, -378.0, -340.0, -570.0, -200.0, -306.0, -200.0, -362.0, -250.0, -475.0, -595.0, -448.0, -570.0, -155.0, -552.0, -158.0, -354.0, -120.0, -562.0, -274.0, -471.0, -591.0, -226.0, -530.0, -599.0, -425.0, -237.0, -281.0, -254.0, -161.0, -209.0, -392.0, -275.0, -347.0, -337.0, -246.0, -315.0, -70.0, -489.0, -583.0, -104.0, -104.0, -372.0, -220.0, -295.0, -314.0, -334.0, -519.0, -182.0, -411.0, -449.0, -582.0, -154.0, -81.0, -500.0, -155.0, -600.0, -68.0, -365.0, -258.0, -464.0, -87.0, -148.0, -469.0, -555.0, -363.0, -539.0, -111.0, -111.0, -320.0, -281.0, -358.0, -417.0, -92.0, -277.0, -207.0, -300.0, -384.0, -394.0, -592.0, -576.0, -529.0, -504.0, -376.0, -87.0, -245.0, -357.0, -234.0, -374.0, -440.0, -351.0, -403.0, -247.0, -289.0, -348.0, -305.0, -593.0, -360.0, -207.0, -90.0, -108.0, -324.0, -543.0, -184.0, -450.0, -489.0, -140.0, -312.0, -457.0, -310.0, -238.0, -130.0, -312.0, -196.0, -215.0, -252.0, -226.0, -130.0, -73.0, -581.0, -561.0, -225.0, -361.0, -493.0, -467.0, -339.0, -471.0, -89.0, -93.0, -186.0, -291.0, -591.0, -579.0, -515.0, -255.0, -328.0, -325.0, -260.0, -381.0, -107.0]","[0, 1, 0, 1, 0, 0, 0, 2, 2, 1, 1, 0, 0, 2, 1, 0, 1, 2, 0, 2, 0, 2, 0, 1, 0, 0, 0, 0, 0, 1, 0, 0, 1, 2, 0, 0, 0, 0, 0, 2, 0, 2, 0, 2, 0, 0, 1, 0, 0, 1, 1, 0, 0, 0, 2, 0, 1, 0, 1, 2, 0, 2, 1, 0, 2, 1, 2, 0, 1, 0, 2, 1, 0, 1, 2, 0, 1, 0, 1, 2, 0, 1, 2, 0, 0, 2, 1, 2, 1, 1, 0, 0, 0, 0, 0, 0, 2, 0, 2, 0, 1, 2, 0, 1, 2, 0, 1, 2, 0, 0, 0, 2, 1, 0, 1, 0, 2, 1, 0, 2, 1, 0, 0, 0, 1, 0, 0, 0, 0, 2, 0, 1, 0, 1, 0, 2, 0, 2, 0, 1, 0, 0, 0, 0, 2, 1, 0, 1, 2, 0]",1404989.0,73400.02,1404989.0,19015.0,0.3904087543487549,1404989.0,1404989.0,0.0
cp,10,makespan,3,"[604.0, 672.0, 740.0, 869.0, 959.0, 1027.0, 1117.0, 1230.0, 1298.0, 1411.0, 1479.0, 1592.0, 1682.0, 1750.0, 1818.0, 1886.0, 2074.0, 2202.0, 2274.0, 2619.0, 2687.0, 2813.0, 2881.0, 2971.0, 3006.0, 3248.0, 3478.0, 3587.0, 3739.0, 3887.0, 3977.0, 4045.0, 4184.0, 4252.0, 4365.0, 4455.0, 4567.0, 4678.0, 4944.0, 5168.0, 5258.0, 5371.0, 5439.0, 5529.0, 5664.0, 5732.0, 5822.0, 5957.0, 6172.0, 6329.0, 6498.0, 6611.0, 6658.0, 6812.0, 6972.0, 7085.0, 7208.0, 7605.0, 7695.0, 7808.0, 7876.0, 7966.0, 8079.0, 8147.0, 8215.0, 8305.0, 8373.0, 8486.0, 8576.0, 8644.0, 8712.0, 8825.0, 8893.0, 8961.0, 9051.0, 9141.0, 9276.0, 9344.0, 9434.0, 9502.0, 9615.0, 9683.0, 9773.0, 9905.0, 9975.0, 10788.0, 10901.0, 11129.0, 11264.0, 11427.0, 11557.0, 11903.0, 12011.0, 12223.0, 12382.0, 12664.0, 12952.0, 13020.0, 13109.0, 13222.0, 13290.0, 13358.0, 13493.0, 13561.0, 13674.0, 13764.0, 13832.0, 13945.0, 14013.0, 14081.0, 14194.0, 14262.0, 14375.0, 14465.0, 14533.0, 14460.0, 14601.0, 14714.0, 14782.0, 14872.0, 14962.0, 15052.0, 15187.0, 15255.0, 15354.0, 15444.0, 15534.0, 15682.0, 15795.0, 15923.0, 16036.0, 16126.0, 16194.0, 16649.0, 16717.0, 16834.0, 16924.0, 17020.0, 17110.0, 17328.0, 17396.0, 17509.0, 17889.0, 18110.0, 18571.0, 18661.0, 18751.0, 18939.0, 18950.0, 19015.0]","[-553.0, -561.0, -328.0, -312.0, -449.0, -96.0, -220.0, -67.0, 22.0, -138.0, -263.0, -114.0, -150.0, -561.0, -198.0, -300.0, -200.0, -362.0, -250.0, -475.0, -581.0, -448.0, -515.0, -98.0, -530.0, -158.0, -354.0, -120.0, -562.0, -274.0, -434.0, -566.0, -226.0, -475.0, -484.0, -388.0, -237.0, -281.0, -254.0, -161.0, -120.0, -306.0, -171.0, -323.0, -202.0, -120.0, -235.0, 56.0, -489.0, -583.0, -104.0, -32.0, -372.0, -220.0, -295.0, -301.0, -334.0, -454.0, -144.0, -262.0, -286.0, -351.0, 109.0, 240.0, -133.0, 266.0, -168.0, 385.0, 139.0, 238.0, -21.0, 373.0, 342.0, 6.0, -38.0, 202.0, 107.0, 541.0, 543.0, 271.0, 344.0, 321.0, 51.0, -92.0, -277.0, -207.0, -203.0, -384.0, -259.0, -592.0, -576.0, -529.0, -504.0, -376.0, -87.0, -245.0, -357.0, -183.0, -374.0, -395.0, -257.0, -253.0, -9.0, -184.0, -135.0, -73.0, -323.0, -18.0, 180.0, 218.0, 105.0, -101.0, -231.0, 158.0, -374.0, -489.0, -92.0, -217.0, -357.0, -136.0, -25.0, 150.0, -77.0, -193.0, -215.0, -185.0, -205.0, -130.0, -73.0, -581.0, -474.0, -112.0, -210.0, -493.0, -434.0, -339.0, -387.0, -89.0, -60.0, -186.0, -272.0, -579.0, -579.0, -515.0, -126.0, -148.0, -86.0, -260.0, -381.0, -107.0]","[0, 0, 0, 0, 0, 0, 0, 0, 0, 0, 0, 0, 0, 0, 0, 0, 0, 0, 0, 2, 0, 0, 0, 0, 2, 0, 0, 0, 0, 0, 0, 0, 0, 0, 0, 0, 0, 0, 0, 0, 0, 0, 0, 0, 0, 0, 0, 0, 0, 1, 0, 1, 2, 0, 0, 0, 0, 0, 0, 0, 0, 0, 0, 0, 0, 0, 0, 0, 0, 0, 0, 0, 0, 0, 0, 0, 0, 0, 0, 0, 0, 0, 0, 0, 0, 0, 0, 0, 0, 0, 0, 0, 0, 0, 0, 0, 0, 0, 0, 0, 0, 0, 0, 0, 0, 0, 0, 0, 0, 0, 0, 0, 0, 0, 0, 2, 0, 0, 0, 0, 0, 0, 0, 0, 0, 0, 0, 0, 0, 0, 0, 0, 0, 0, 0, 0, 0, 0, 0, 0, 0, 0, 0, 0, 0, 0, 0, 0, 1, 2]",19015.0,60340.75,1424955.0,19015.0,0.2568972110748291,19015.0,19015.0,0.0
cp,11,penalty,1,"[945.0, 1193.0, 1013.0, 1374.0, 1103.0, 1442.0, 1736.0, 1306.0, 1646.0, 1578.0, 1510.0, 1849.0, 1917.0, 2139.0, 2582.0, 2514.0, 2718.0, 2786.0, 2650.0, 3057.0, 2876.0, 3170.0, 2989.0, 3246.0, 3424.0, 3973.0, 3860.0, 3724.0, 3611.0, 4154.0, 3792.0, 4041.0, 4222.0, 4400.0, 4829.0, 4581.0, 4649.0, 4509.0, 4739.0, 5470.0, 5651.0, 5538.0, 5334.0, 5402.0, 5787.0, 5877.0, 5719.0, 5990.0, 6080.0, 6381.0, 6449.0, 6954.0, 6864.0, 7096.0, 7186.0, 7392.0, 7279.0, 7756.0, 8279.0, 8008.0, 7940.0, 8211.0, 8098.0, 8401.0, 8582.0, 8514.0, 8994.0, 8650.0, 8853.0, 8718.0, 9461.0, 9275.0, 9551.0, 9726.0, 9816.0, 10507.0, 10259.0, 10801.0, 10327.0, 10417.0, 10620.0, 10688.0, 11056.0, 10920.0, 11146.0, 10988.0, 11236.0, 11439.0, 11575.0, 11643.0, 11507.0, 11326.0, 11983.0, 11847.0, 11733.0, 12096.0, 12164.0, 11915.0, 12277.0, 12367.0, 12905.0, 13009.0, 13077.0, 13389.0, 13547.0, 13457.0, 13851.0, 14032.0, 14100.0, 13964.0, 14251.0, 14364.0, 14454.0, 14563.0, 14682.0, 14854.0, 14989.0, 15524.0, 15456.0, 15658.0, 15945.0, 15839.0, 16148.0, 16035.0, 15726.0, 16306.0, 16374.0, 16238.0, 16600.0, 16690.0, 16803.0, 16464.0, 16871.0, 16532.0, 17018.0, 17157.0, 17270.0, 17496.0, 17338.0, 17406.0, 17700.0, 17564.0, 17632.0, 17993.0, 17790.0, 17880.0, 18418.0, 18576.0, 18486.0, 18147.0, 18260.0, 18644.0, 18350.0, 18746.0, 18939.0, 19179.0, 18849.0, 19269.0, 19111.0, 19607.0, 19905.0, 19782.0, 20037.0, 19692.0, 20595.0, 20341.0, 21072.0, 21298.0, 20891.0, 21004.0, 21162.0, 21366.0, 21230.0, 21823.0, 21615.0, 21946.0, 22225.0, 22348.0, 22461.0, 22800.0, 22732.0, 22529.0, 23162.0, 22619.0, 22913.0, 23230.0, 23049.0, 22981.0, 23298.0, 23663.0, 23370.0, 23483.0, 23595.0, 23731.0, 24002.0, 23844.0, 24070.0, 23934.0, 24167.0, 24265.0]","[-209.0, -166.0, -60.0, -43.0, -158.0, 0.0, 213.0, -17.0, 41.0, 122.0, 39.0, 87.0, 10.0, 0.0, 0.0, -265.0, -50.0, 10.0, -80.0, -35.0, -3.0, 16.0, 49.0, 0.0, 0.0, 35.0, 2.0, -55.0, -24.0, 108.0, -56.0, 0.0, 154.0, 0.0, 35.0, -85.0, -2.0, 0.0, 0.0, -48.0, -7.0, 0.0, -211.0, -146.0, 58.0, 39.0, -20.0, 10.0, 103.0, -90.0, 0.0, 0.0, -57.0, -117.0, 0.0, 110.0, 0.0, 0.0, 98.0, -136.0, -29.0, 15.0, 0.0, -62.0, 4.0, 0.0, 0.0, -73.0, 0.0, 1.0, 0.0, 0.0, 0.0, -26.0, 0.0, 48.0, -84.0, 3.0, -146.0, 0.0, -42.0, 4.0, 25.0, -13.0, 0.0, -24.0, -44.0, 59.0, 59.0, 23.0, 78.0, -79.0, -1.0, -24.0, 84.0, 0.0, 62.0, -48.0, 82.0, 73.0, 0.0, 0.0, 0.0, -13.0, 8.0, 0.0, -137.0, 0.0, 35.0, -46.0, -46.0, 0.0, 30.0, 0.0, 0.0, -70.0, 0.0, 0.0, -58.0, -25.0, -14.0, 0.0, -12.0, -127.0, 0.0, -23.0, 0.0, 16.0, 162.0, 292.0, 133.0, -56.0, 49.0, 3.0, 0.0, -4.0, 53.0, 27.0, -176.0, -21.0, 0.0, -134.0, -67.0, 18.0, 85.0, 162.0, 0.0, 78.0, 5.0, -323.0, -60.0, 60.0, -2.0, 0.0, 0.0, 0.0, -63.0, 72.0, -6.0, 0.0, 0.0, 20.0, 0.0, -64.0, 0.0, 0.0, 0.0, 69.0, -64.0, -47.0, 42.0, 88.0, -16.0, 0.0, 0.0, 0.0, 0.0, -101.0, -111.0, 0.0, -77.0, -68.0, 116.0, 4.0, -19.0, 107.0, 11.0, 7.0, 79.0, -5.0, 0.0, 0.0, -189.0, -33.0, 141.0, 8.0, 120.0, 0.0, 0.0, 0.0]","[0, 0, 0, 0, 0, 0, 0, 0, 0, 0, 0, 0, 0, 0, 0, 0, 0, 0, 0, 0, 0, 0, 0, 0, 0, 0, 0, 0, 0, 0, 0, 0, 0, 0, 0, 0, 0, 0, 0, 0, 0, 0, 0, 0, 0, 0, 0, 0, 0, 0, 0, 0, 0, 0, 0, 0, 0, 0, 0, 0, 0, 0, 0, 0, 0, 0, 0, 0, 0, 0, 0, 0, 0, 0, 0, 0, 0, 0, 0, 0, 0, 0, 0, 0, 0, 0, 0, 0, 0, 0, 0, 0, 0, 0, 0, 0, 0, 0, 0, 0, 0, 0, 0, 0, 0, 0, 0, 0, 0, 0, 0, 0, 0, 0, 0, 0, 0, 0, 0, 0, 0, 0, 0, 0, 0, 0, 0, 0, 0, 0, 0, 0, 0, 0, 0, 0, 0, 0, 0, 0, 0, 0, 0, 0, 0, 0, 0, 0, 0, 0, 0, 0, 0, 0, 0, 0, 0, 0, 0, 0, 0, 0, 0, 0, 0, 0, 0, 0, 0, 0, 0, 0, 0, 0, 0, 0, 0, 0, 0, 0, 0, 0, 0, 0, 0, 0, 0, 0, 0, 0, 0, 0, 0, 0, 0, 0, 0, 0, 0, 0]",12592.89,12592.89,2541718.0,24265.0,301.38928270339966,12592.89,3407.74,0.7293917440714562
cp,11,total_time,1,"[601.0, 807.0, 1049.0, 981.0, 1139.0, 1252.0, 1524.0, 1320.0, 1614.0, 1388.0, 1456.0, 1727.0, 1795.0, 1867.0, 2232.0, 2300.0, 2368.0, 2436.0, 2581.0, 2649.0, 2966.0, 2762.0, 2830.0, 3056.0, 2898.0, 3373.0, 3441.0, 3636.0, 4020.0, 3568.0, 3704.0, 3930.0, 3794.0, 3862.0, 4258.0, 4439.0, 4507.0, 4371.0, 4613.0, 5054.0, 5144.0, 5212.0, 5325.0, 5393.0, 5461.0, 5551.0, 5664.0, 5768.0, 5858.0, 6115.0, 6381.0, 6488.0, 6589.0, 6829.0, 6919.0, 7032.0, 7216.0, 7391.0, 7725.0, 7815.0, 7928.0, 8004.0, 8153.0, 8243.0, 8085.0, 8393.0, 8529.0, 8461.0, 8709.0, 8619.0, 8929.0, 9084.0, 9200.0, 9313.0, 9403.0, 9930.0, 10043.0, 10258.0, 10326.0, 10416.0, 10687.0, 10506.0, 10755.0, 10619.0, 10845.0, 10958.0, 11298.0, 11026.0, 11230.0, 11094.0, 11162.0, 11388.0, 11478.0, 11659.0, 11591.0, 11782.0, 12076.0, 11850.0, 11918.0, 12008.0, 12436.0, 12662.0, 12815.0, 12933.0, 13040.0, 13355.0, 13526.0, 13725.0, 13861.0, 13793.0, 13929.0, 14137.0, 14232.0, 14439.0, 14613.0, 14854.0, 15057.0, 14989.0, 15125.0, 15193.0, 15397.0, 15543.0, 15679.0, 15747.0, 15611.0, 15860.0, 16017.0, 16107.0, 16264.0, 16354.0, 16671.0, 16535.0, 16739.0, 16467.0, 16603.0, 16829.0, 17146.0, 16942.0, 17010.0, 17078.0, 17214.0, 17327.0, 17395.0, 17463.0, 17531.0, 17621.0, 17909.0, 17977.0, 18045.0, 18181.0, 18113.0, 18271.0, 18474.0, 18361.0, 18703.0, 18883.0, 18793.0, 18973.0, 19108.0, 19176.0, 19329.0, 19397.0, 19682.0, 19772.0, 20079.0, 20147.0, 20599.0, 20668.0, 20964.0, 20736.0, 20828.0, 20896.0, 21078.0, 21331.0, 21399.0, 21523.0, 21627.0, 21863.0, 22198.0, 22327.0, 22464.0, 22532.0, 22713.0, 23324.0, 22645.0, 22781.0, 22985.0, 22917.0, 22849.0, 23098.0, 23166.0, 23256.0, 23464.0, 23532.0, 23645.0, 23713.0, 23781.0, 23939.0, 23849.0, 24007.0]","[-553.0, -552.0, -24.0, -436.0, -122.0, -190.0, 1.0, -3.0, 9.0, -68.0, -15.0, -35.0, -112.0, -272.0, -350.0, -479.0, -400.0, -340.0, -149.0, -443.0, 87.0, -392.0, -110.0, -190.0, -526.0, -565.0, -417.0, -143.0, 385.0, -478.0, -144.0, -111.0, -274.0, -538.0, -536.0, -227.0, -144.0, -138.0, -126.0, -464.0, -514.0, -326.0, -220.0, -155.0, -268.0, -287.0, -75.0, -212.0, -119.0, -356.0, -68.0, -466.0, -332.0, -384.0, -267.0, -250.0, -63.0, -365.0, -456.0, -329.0, -41.0, -192.0, 55.0, -220.0, -493.0, -121.0, -465.0, -262.0, -144.0, -98.0, -532.0, -191.0, -351.0, -439.0, -413.0, -529.0, -300.0, -540.0, -147.0, -1.0, 25.0, -178.0, -276.0, -314.0, -301.0, -54.0, 18.0, -354.0, -286.0, -526.0, -267.0, -17.0, -506.0, -212.0, -58.0, -314.0, -26.0, -113.0, -277.0, -286.0, -469.0, -347.0, -262.0, -469.0, -499.0, -102.0, -462.0, -307.0, -204.0, -217.0, -368.0, -227.0, -192.0, -124.0, -69.0, -70.0, 68.0, -535.0, -389.0, -490.0, -562.0, -296.0, -481.0, -415.0, -115.0, -469.0, -357.0, -115.0, -174.0, -44.0, 1.0, 15.0, -83.0, -62.0, -415.0, -332.0, -71.0, -527.0, -504.0, -349.0, -486.0, -371.0, -304.0, -512.0, -174.0, -97.0, -509.0, -521.0, -436.0, -289.0, -207.0, -313.0, 122.0, -385.0, -236.0, -296.0, -119.0, -224.0, -9.0, -431.0, -576.0, -365.0, -355.0, 16.0, -516.0, -194.0, -473.0, -561.0, 9.0, -315.0, -292.0, -382.0, -168.0, -492.0, -216.0, -423.0, -598.0, -586.0, -374.0, -473.0, -345.0, -65.0, -333.0, 709.0, -287.0, -342.0, -53.0, -57.0, -370.0, -570.0, -204.0, -227.0, -320.0, -232.0, -216.0, -123.0, -169.0, 5.0, -318.0, -258.0]","[0, 0, 0, 0, 0, 0, 0, 0, 0, 0, 0, 0, 0, 0, 0, 0, 0, 0, 0, 0, 0, 0, 0, 0, 0, 0, 0, 0, 0, 0, 0, 0, 0, 0, 0, 0, 0, 0, 0, 0, 0, 0, 0, 0, 0, 0, 0, 0, 0, 0, 0, 0, 0, 0, 0, 0, 0, 0, 0, 0, 0, 0, 0, 0, 0, 0, 0, 0, 0, 0, 0, 0, 0, 0, 0, 0, 0, 0, 0, 0, 0, 0, 0, 0, 0, 0, 0, 0, 0, 0, 0, 0, 0, 0, 0, 0, 0, 0, 0, 0, 0, 0, 0, 0, 0, 0, 0, 0, 0, 0, 0, 0, 0, 0, 0, 0, 0, 0, 0, 0, 0, 0, 0, 0, 0, 0, 0, 0, 0, 0, 0, 0, 0, 0, 0, 0, 0, 0, 0, 0, 0, 0, 0, 0, 0, 0, 0, 0, 0, 0, 0, 0, 0, 0, 0, 0, 0, 0, 0, 0, 0, 0, 0, 0, 0, 0, 0, 0, 0, 0, 0, 0, 0, 0, 0, 0, 0, 0, 0, 0, 0, 0, 0, 0, 0, 0, 0, 0, 0, 0, 0, 0, 0, 0, 0, 0, 0, 0, 0, 0]",2489934.0,84493.45,2489934.0,24007.0,302.7596971988678,2489934.0,2486595.0,0.001340999399984096
cp,11,makespan,1,"[739.0, 807.0, 958.0, 1093.0, 1161.0, 1454.0, 1251.0, 1522.0, 1341.0, 1590.0, 1658.0, 1748.0, 1816.0, 1884.0, 2232.0, 2300.0, 2368.0, 2436.0, 2581.0, 2649.0, 2739.0, 2852.0, 2920.0, 2988.0, 3101.0, 3373.0, 3441.0, 3554.0, 3622.0, 3735.0, 3803.0, 3871.0, 4052.0, 3984.0, 4258.0, 4461.0, 4348.0, 4529.0, 4613.0, 5054.0, 5256.0, 5143.0, 5324.0, 5392.0, 5460.0, 5550.0, 5663.0, 5768.0, 5858.0, 6115.0, 6381.0, 6488.0, 6589.0, 6829.0, 6919.0, 7032.0, 7216.0, 7391.0, 7725.0, 7815.0, 7928.0, 8004.0, 8072.0, 8162.0, 8275.0, 8393.0, 8461.0, 8768.0, 8565.0, 8655.0, 8929.0, 9084.0, 9200.0, 9313.0, 9403.0, 9930.0, 10043.0, 10258.0, 10326.0, 10416.0, 10709.0, 10506.0, 10596.0, 10777.0, 10845.0, 11056.0, 10943.0, 11124.0, 11192.0, 11260.0, 11328.0, 11396.0, 11486.0, 11667.0, 11599.0, 11782.0, 11850.0, 11963.0, 12031.0, 12121.0, 12436.0, 12662.0, 12815.0, 12933.0, 13040.0, 13355.0, 13526.0, 13725.0, 13793.0, 13974.0, 13861.0, 14137.0, 14232.0, 14439.0, 14613.0, 14854.0, 14989.0, 15057.0, 15125.0, 15193.0, 15397.0, 15543.0, 15611.0, 15679.0, 15792.0, 15860.0, 16017.0, 16107.0, 16264.0, 16354.0, 16557.0, 16885.0, 16444.0, 16817.0, 16625.0, 16704.0, 16953.0, 17270.0, 17021.0, 17089.0, 17157.0, 17338.0, 17406.0, 17474.0, 17542.0, 17632.0, 17909.0, 17977.0, 18045.0, 18113.0, 18316.0, 18203.0, 18497.0, 18384.0, 18703.0, 18793.0, 18883.0, 18973.0, 19108.0, 19176.0, 19329.0, 19397.0, 19682.0, 19772.0, 20079.0, 20147.0, 20599.0, 20668.0, 20736.0, 20849.0, 21007.0, 20917.0, 21078.0, 21331.0, 21399.0, 21523.0, 21627.0, 21863.0, 22198.0, 22327.0, 22464.0, 22532.0, 22838.0, 22622.0, 22906.0, 22974.0, 22725.0, 23042.0, 23110.0, 23178.0, 23246.0, 23336.0, 23464.0, 23532.0, 23713.0, 23645.0, 23781.0, 23939.0, 23849.0, 24007.0]","[-415.0, -552.0, -115.0, -324.0, -100.0, 12.0, -272.0, 199.0, -264.0, 134.0, 187.0, -14.0, -91.0, -255.0, -350.0, -479.0, -400.0, -340.0, -149.0, -443.0, -140.0, -302.0, -20.0, -258.0, -323.0, -565.0, -417.0, -225.0, -13.0, -311.0, -45.0, -170.0, -16.0, -416.0, -536.0, -205.0, -303.0, 20.0, -126.0, -464.0, -402.0, -395.0, -221.0, -156.0, -269.0, -288.0, -76.0, -212.0, -119.0, -356.0, -68.0, -466.0, -332.0, -384.0, -267.0, -250.0, -63.0, -365.0, -456.0, -329.0, -41.0, -192.0, -26.0, -301.0, -303.0, -121.0, -533.0, 45.0, -288.0, -62.0, -532.0, -191.0, -351.0, -439.0, -413.0, -529.0, -300.0, -540.0, -147.0, -1.0, 47.0, -178.0, -435.0, -156.0, -301.0, 44.0, -337.0, -256.0, -324.0, -360.0, -101.0, -9.0, -498.0, -204.0, -50.0, -314.0, -252.0, 0.0, -164.0, -173.0, -469.0, -347.0, -262.0, -469.0, -499.0, -102.0, -462.0, -307.0, -272.0, -36.0, -436.0, -227.0, -192.0, -124.0, -69.0, -70.0, 0.0, -467.0, -389.0, -490.0, -562.0, -296.0, -549.0, -483.0, 66.0, -469.0, -357.0, -115.0, -174.0, -44.0, -113.0, 365.0, -378.0, 288.0, -393.0, -457.0, -264.0, -199.0, -493.0, -338.0, -543.0, -360.0, -293.0, -501.0, -163.0, -86.0, -509.0, -521.0, -436.0, -357.0, -4.0, -381.0, 145.0, -362.0, -236.0, -386.0, -29.0, -224.0, -9.0, -431.0, -576.0, -365.0, -355.0, 16.0, -516.0, -194.0, -473.0, -561.0, -219.0, -202.0, -113.0, -361.0, -168.0, -492.0, -216.0, -423.0, -598.0, -586.0, -374.0, -473.0, -345.0, -65.0, -208.0, 7.0, -26.0, -149.0, -313.0, 68.0, -109.0, -490.0, -124.0, -147.0, -320.0, -232.0, -148.0, -191.0, -169.0, 5.0, -318.0, -258.0]","[0, 0, 0, 0, 0, 0, 0, 0, 0, 0, 0, 0, 0, 0, 0, 0, 0, 0, 0, 0, 0, 0, 0, 0, 0, 0, 0, 0, 0, 0, 0, 0, 0, 0, 0, 0, 0, 0, 0, 0, 0, 0, 0, 0, 0, 0, 0, 0, 0, 0, 0, 0, 0, 0, 0, 0, 0, 0, 0, 0, 0, 0, 0, 0, 0, 0, 0, 0, 0, 0, 0, 0, 0, 0, 0, 0, 0, 0, 0, 0, 0, 0, 0, 0, 0, 0, 0, 0, 0, 0, 0, 0, 0, 0, 0, 0, 0, 0, 0, 0, 0, 0, 0, 0, 0, 0, 0, 0, 0, 0, 0, 0, 0, 0, 0, 0, 0, 0, 0, 0, 0, 0, 0, 0, 0, 0, 0, 0, 0, 0, 0, 0, 0, 0, 0, 0, 0, 0, 0, 0, 0, 0, 0, 0, 0, 0, 0, 0, 0, 0, 0, 0, 0, 0, 0, 0, 0, 0, 0, 0, 0, 0, 0, 0, 0, 0, 0, 0, 0, 0, 0, 0, 0, 0, 0, 0, 0, 0, 0, 0, 0, 0, 0, 0, 0, 0, 0, 0, 0, 0, 0, 0, 0, 0, 0, 0, 0, 0, 0, 0]",24007.0,82068.55,2492024.0,24007.0,0.4795699119567871,24007.0,24007.0,0.0
cp,11,penalty,2,"[1154.0, 1358.0, 1073.0, 1374.0, 1261.0, 1442.0, 1539.0, 1306.0, 1605.0, 1510.0, 1471.0, 1762.0, 1907.0, 2139.0, 2582.0, 2779.0, 2708.0, 2776.0, 2711.0, 3092.0, 2879.0, 3154.0, 2940.0, 3246.0, 3424.0, 3938.0, 3858.0, 3779.0, 3635.0, 4046.0, 3848.0, 4041.0, 4114.0, 4400.0, 4794.0, 4666.0, 4651.0, 4509.0, 4739.0, 5518.0, 5658.0, 5586.0, 5480.0, 5548.0, 5729.0, 5838.0, 5739.0, 5980.0, 5977.0, 6471.0, 6449.0, 6954.0, 6921.0, 7189.0, 7186.0, 7299.0, 7279.0, 7756.0, 8181.0, 8083.0, 7969.0, 8196.0, 8091.0, 8463.0, 8578.0, 8514.0, 8994.0, 8723.0, 8853.0, 8717.0, 9461.0, 9275.0, 9551.0, 9752.0, 9816.0, 10459.0, 10343.0, 10798.0, 10507.0, 10417.0, 10662.0, 10684.0, 11031.0, 10933.0, 11146.0, 11012.0, 11280.0, 11380.0, 11516.0, 11620.0, 11448.0, 11405.0, 11984.0, 11871.0, 11649.0, 12096.0, 12102.0, 11963.0, 12195.0, 12294.0, 12905.0, 13009.0, 13077.0, 13402.0, 13539.0, 13457.0, 13919.0, 14032.0, 14078.0, 14010.0, 14297.0, 14364.0, 14432.0, 14563.0, 14682.0, 14924.0, 14989.0, 15524.0, 15514.0, 15683.0, 15959.0, 15839.0, 16160.0, 16162.0, 15726.0, 16329.0, 16370.0, 16250.0, 16438.0, 16397.0, 16670.0, 16532.0, 16822.0, 16551.0, 17018.0, 17161.0, 17217.0, 17469.0, 17514.0, 17427.0, 17615.0, 17631.0, 17699.0, 17975.0, 17705.0, 17767.0, 18418.0, 18498.0, 18481.0, 18549.0, 18320.0, 18584.0, 18352.0, 18746.0, 18939.0, 19179.0, 18912.0, 19197.0, 19117.0, 19607.0, 19905.0, 19762.0, 20037.0, 19756.0, 20595.0, 20341.0, 21072.0, 21210.0, 20955.0, 21030.0, 21120.0, 21278.0, 21246.0, 21823.0, 21615.0, 21946.0, 22225.0, 22449.0, 22572.0, 22800.0, 22809.0, 22597.0, 23046.0, 22640.0, 22932.0, 23123.0, 23042.0, 22974.0, 23219.0, 23668.0, 23370.0, 23483.0, 23776.0, 23764.0, 23877.0, 23844.0, 23950.0, 23934.0, 24167.0, 24265.0]","[0.0, -1.0, 0.0, -43.0, 0.0, 0.0, 16.0, -17.0, 0.0, 54.0, 0.0, 0.0, 0.0, 0.0, 0.0, 0.0, -60.0, 0.0, -19.0, 0.0, 0.0, 0.0, 0.0, 0.0, 0.0, 0.0, 0.0, 0.0, 0.0, 0.0, 0.0, 0.0, 46.0, 0.0, 0.0, 0.0, 0.0, 0.0, 0.0, 0.0, 0.0, 48.0, -65.0, 0.0, 0.0, 0.0, 0.0, 0.0, 0.0, 0.0, 0.0, 0.0, 0.0, -24.0, 0.0, 17.0, 0.0, 0.0, 0.0, -61.0, 0.0, 0.0, -7.0, 0.0, 0.0, 0.0, 0.0, 0.0, 0.0, 0.0, 0.0, 0.0, 0.0, 0.0, 0.0, 0.0, 0.0, 0.0, 34.0, 0.0, 0.0, 0.0, 0.0, 0.0, 0.0, 0.0, 0.0, 0.0, 0.0, 0.0, 19.0, 0.0, 0.0, 0.0, 0.0, 0.0, 0.0, 0.0, 0.0, 0.0, 0.0, 0.0, 0.0, 0.0, 0.0, 0.0, -69.0, 0.0, 13.0, 0.0, 0.0, 0.0, 8.0, 0.0, 0.0, 0.0, 0.0, 0.0, 0.0, 0.0, 0.0, 0.0, 0.0, 0.0, 0.0, 0.0, -4.0, 28.0, 0.0, -1.0, 0.0, 12.0, 0.0, 22.0, 0.0, 0.0, 0.0, 0.0, 0.0, 0.0, -85.0, -67.0, 0.0, 0.0, 0.0, 49.0, 0.0, 0.0, 0.0, 79.0, 0.0, 0.0, 0.0, 0.0, 0.0, 0.0, 0.0, 0.0, 0.0, 0.0, 0.0, 0.0, 0.0, 0.0, 0.0, 0.0, 0.0, -19.0, 0.0, -21.0, 0.0, 0.0, 0.0, 0.0, 0.0, 0.0, 0.0, 0.0, 0.0, 0.0, 0.0, 0.0, 0.0, 25.0, 0.0, 0.0, 4.0, 0.0, 0.0, 0.0, 0.0, 0.0, -8.0, 0.0, 16.0, 8.0, 0.0, 0.0, 0.0, 0.0]","[0, 1, 1, 0, 1, 0, 1, 0, 0, 0, 1, 1, 1, 1, 0, 0, 1, 1, 0, 1, 1, 0, 0, 1, 0, 1, 0, 1, 1, 0, 1, 1, 0, 0, 1, 0, 1, 1, 0, 1, 0, 1, 0, 0, 1, 1, 0, 1, 0, 0, 1, 0, 1, 1, 0, 0, 1, 1, 0, 1, 1, 1, 0, 0, 0, 1, 1, 0, 1, 1, 1, 1, 1, 0, 1, 1, 1, 1, 0, 0, 1, 0, 1, 1, 1, 0, 0, 1, 1, 0, 1, 0, 0, 1, 1, 1, 0, 1, 1, 0, 1, 1, 1, 1, 1, 0, 1, 1, 0, 0, 0, 1, 0, 1, 1, 1, 0, 0, 1, 1, 0, 1, 1, 0, 0, 1, 0, 1, 0, 1, 0, 1, 0, 0, 0, 1, 0, 0, 1, 1, 0, 1, 1, 1, 0, 1, 0, 0, 1, 1, 0, 0, 1, 1, 0, 0, 1, 1, 1, 1, 1, 1, 0, 0, 1, 1, 0, 1, 0, 1, 1, 1, 0, 1, 0, 0, 1, 0, 0, 1, 0, 1, 1, 0, 1, 1, 0, 0, 1, 1, 1, 1, 0, 1, 1, 0, 1, 0, 0, 1]",1330.91,1330.91,2542698.0,24265.0,65.69775795936584,1330.91,1330.91,0.0
cp,11,total_time,2,"[601.0, 807.0, 958.0, 981.0, 1099.0, 1174.0, 1310.0, 1242.0, 1348.0, 1212.0, 1280.0, 1490.0, 1785.0, 1867.0, 2232.0, 2235.0, 2300.0, 2391.0, 2581.0, 2634.0, 2666.0, 2747.0, 2829.0, 2868.0, 2897.0, 3373.0, 3427.0, 3511.0, 3579.0, 3568.0, 3689.0, 3757.0, 3757.0, 3825.0, 4258.0, 4297.0, 4348.0, 4365.0, 4613.0, 5054.0, 5117.0, 5143.0, 5221.0, 5321.0, 5442.0, 5521.0, 5649.0, 5768.0, 5805.0, 6115.0, 6381.0, 6488.0, 6589.0, 6829.0, 6891.0, 6965.0, 7216.0, 7391.0, 7725.0, 7734.0, 7838.0, 8004.0, 8037.0, 8127.0, 8085.0, 8393.0, 8416.0, 8461.0, 8565.0, 8586.0, 8929.0, 9084.0, 9200.0, 9232.0, 9327.0, 9930.0, 10028.0, 10258.0, 10288.0, 10334.0, 10434.0, 10505.0, 10558.0, 10618.0, 10830.0, 10870.0, 10943.0, 10976.0, 11044.0, 11056.0, 11140.0, 11222.0, 11422.0, 11462.0, 11530.0, 11782.0, 11880.0, 11812.0, 11857.0, 11947.0, 12436.0, 12662.0, 12815.0, 12933.0, 13040.0, 13355.0, 13526.0, 13725.0, 13734.0, 13793.0, 13861.0, 14137.0, 14232.0, 14439.0, 14613.0, 14854.0, 14922.0, 14989.0, 15071.0, 15177.0, 15397.0, 15543.0, 15560.0, 15628.0, 15611.0, 15792.0, 16017.0, 16098.0, 16264.0, 16285.0, 16377.0, 16466.0, 16445.0, 16398.0, 16534.0, 16704.0, 16834.0, 16902.0, 16917.0, 16970.0, 17134.0, 17185.0, 17256.0, 17421.0, 17451.0, 17489.0, 17909.0, 17915.0, 17977.0, 17983.0, 18095.0, 18186.0, 18268.0, 18342.0, 18703.0, 18787.0, 18793.0, 18949.0, 18999.0, 19171.0, 19329.0, 19337.0, 19682.0, 19692.0, 20079.0, 20133.0, 20599.0, 20668.0, 20702.0, 20736.0, 20828.0, 20849.0, 21078.0, 21331.0, 21366.0, 21523.0, 21627.0, 21863.0, 22198.0, 22327.0, 22464.0, 22622.0, 22498.0, 22532.0, 22566.0, 22706.0, 22725.0, 22794.0, 22838.0, 23072.0, 23157.0, 23206.0, 23464.0, 23527.0, 23615.0, 23645.0, 23714.0, 23720.0, 23793.0, 23999.0]","[-553.0, -552.0, -115.0, -436.0, -162.0, -268.0, -213.0, -81.0, -257.0, -244.0, -191.0, -272.0, -122.0, -272.0, -350.0, -544.0, -468.0, -385.0, -149.0, -458.0, -213.0, -407.0, -111.0, -378.0, -527.0, -565.0, -431.0, -268.0, -56.0, -478.0, -159.0, -284.0, -311.0, -575.0, -536.0, -369.0, -303.0, -144.0, -126.0, -464.0, -541.0, -395.0, -324.0, -227.0, -287.0, -317.0, -90.0, -212.0, -172.0, -356.0, -68.0, -466.0, -332.0, -384.0, -295.0, -317.0, -63.0, -365.0, -456.0, -410.0, -131.0, -192.0, -61.0, -336.0, -493.0, -121.0, -578.0, -262.0, -288.0, -131.0, -532.0, -191.0, -351.0, -520.0, -489.0, -529.0, -315.0, -540.0, -185.0, -83.0, -228.0, -179.0, -473.0, -315.0, -316.0, -142.0, -337.0, -404.0, -472.0, -564.0, -289.0, -183.0, -562.0, -409.0, -119.0, -314.0, -222.0, -151.0, -338.0, -347.0, -469.0, -347.0, -262.0, -469.0, -499.0, -102.0, -462.0, -307.0, -331.0, -217.0, -436.0, -227.0, -192.0, -124.0, -69.0, -70.0, -67.0, -535.0, -443.0, -506.0, -562.0, -296.0, -600.0, -534.0, -115.0, -537.0, -357.0, -124.0, -174.0, -113.0, -293.0, -54.0, -377.0, -131.0, -484.0, -457.0, -383.0, -567.0, -597.0, -457.0, -566.0, -513.0, -443.0, -554.0, -254.0, -229.0, -509.0, -583.0, -504.0, -487.0, -225.0, -398.0, -84.0, -404.0, -236.0, -392.0, -119.0, -248.0, -118.0, -436.0, -576.0, -425.0, -355.0, -64.0, -516.0, -208.0, -473.0, -561.0, -253.0, -315.0, -292.0, -429.0, -168.0, -492.0, -249.0, -423.0, -598.0, -586.0, -374.0, -473.0, -345.0, 25.0, -548.0, -83.0, -366.0, -417.0, -313.0, -180.0, -381.0, -596.0, -213.0, -277.0, -320.0, -237.0, -246.0, -191.0, -236.0, -214.0, -374.0, -266.0]","[0, 1, 1, 0, 0, 1, 1, 1, 0, 0, 0, 0, 0, 0, 0, 1, 0, 1, 1, 0, 1, 0, 0, 1, 0, 0, 1, 0, 0, 1, 1, 1, 0, 0, 1, 0, 1, 0, 0, 1, 0, 1, 0, 0, 0, 1, 0, 1, 0, 1, 1, 1, 1, 0, 1, 0, 1, 0, 0, 1, 0, 0, 1, 1, 0, 0, 1, 0, 1, 0, 0, 0, 1, 0, 0, 1, 0, 1, 0, 1, 0, 0, 1, 0, 0, 1, 0, 1, 1, 0, 0, 1, 1, 0, 0, 0, 1, 1, 0, 0, 1, 1, 1, 1, 1, 1, 1, 0, 1, 0, 0, 1, 1, 1, 1, 0, 1, 0, 1, 0, 1, 1, 0, 0, 1, 1, 1, 0, 1, 0, 1, 0, 1, 0, 0, 1, 1, 0, 1, 0, 1, 0, 0, 0, 1, 0, 0, 1, 0, 1, 0, 1, 0, 1, 0, 1, 0, 1, 0, 1, 1, 0, 1, 0, 1, 0, 1, 0, 1, 0, 1, 0, 1, 1, 0, 0, 1, 0, 1, 0, 0, 0, 1, 0, 1, 1, 0, 1, 0, 0, 1, 0, 0, 1, 0, 1, 1, 0, 0, 0]",2476949.0,99816.0,2476949.0,23999.0,34.61607599258423,2476949.0,2476949.0,0.0
cp,11,makespan,2,"[739.0, 1535.0, 1625.0, 1760.0, 1828.0, 1941.0, 2009.0, 2122.0, 2778.0, 2891.0, 2959.0, 3049.0, 3117.0, 3185.0, 3298.0, 3366.0, 3434.0, 3502.0, 3615.0, 3683.0, 3773.0, 2719.0, 3886.0, 3954.0, 4067.0, 4135.0, 4203.0, 4316.0, 4384.0, 4497.0, 4565.0, 4633.0, 4768.0, 4836.0, 4904.0, 5017.0, 5085.0, 5198.0, 5266.0, 5379.0, 5469.0, 5537.0, 5650.0, 5718.0, 5786.0, 5876.0, 5989.0, 5768.0, 6057.0, 6125.0, 6381.0, 6488.0, 6589.0, 6829.0, 6919.0, 7032.0, 7216.0, 7391.0, 7725.0, 7815.0, 7783.0, 8004.0, 8072.0, 8162.0, 8275.0, 8393.0, 8461.0, 8574.0, 8642.0, 8732.0, 8929.0, 9084.0, 9200.0, 9313.0, 9403.0, 9930.0, 10043.0, 10258.0, 10326.0, 10416.0, 10529.0, 10597.0, 10687.0, 10800.0, 10868.0, 10981.0, 11049.0, 11162.0, 11230.0, 11299.0, 11298.0, 11366.0, 11456.0, 11591.0, 11659.0, 11782.0, 11850.0, 11963.0, 12031.0, 12121.0, 12436.0, 12662.0, 12815.0, 12933.0, 13040.0, 13355.0, 13526.0, 13725.0, 13793.0, 13757.0, 13861.0, 14137.0, 14232.0, 14439.0, 14613.0, 14854.0, 14989.0, 15057.0, 15125.0, 15193.0, 15397.0, 15543.0, 15611.0, 15679.0, 15792.0, 15860.0, 16017.0, 16098.0, 16264.0, 16285.0, 16377.0, 16467.0, 16535.0, 16648.0, 16716.0, 16784.0, 16897.0, 16987.0, 17055.0, 17123.0, 17191.0, 17304.0, 17372.0, 17440.0, 17508.0, 17598.0, 17909.0, 17977.0, 18045.0, 18113.0, 18226.0, 18294.0, 18407.0, 18475.0, 18703.0, 18793.0, 18883.0, 18973.0, 19108.0, 19176.0, 19329.0, 19397.0, 19682.0, 19772.0, 20079.0, 20147.0, 20599.0, 20668.0, 20736.0, 20849.0, 20939.0, 21007.0, 21097.0, 21331.0, 21399.0, 21523.0, 21627.0, 21863.0, 22198.0, 22327.0, 22464.0, 22532.0, 22645.0, 22713.0, 22826.0, 22894.0, 22962.0, 22794.0, 23075.0, 23143.0, 23211.0, 23301.0, 23464.0, 23532.0, 23645.0, 23645.0, 23714.0, 23804.0, 23872.0, 23999.0]","[-415.0, 176.0, 552.0, 343.0, 567.0, 499.0, 486.0, 799.0, 1173.0, 1435.0, 1488.0, 1287.0, 1210.0, 1046.0, 716.0, 587.0, 666.0, 726.0, 885.0, 591.0, 894.0, -435.0, 946.0, 708.0, 643.0, 197.0, 345.0, 537.0, 749.0, 451.0, 717.0, 592.0, 700.0, 436.0, 110.0, 351.0, 434.0, 689.0, 527.0, -139.0, -189.0, -1.0, 105.0, 170.0, 57.0, 38.0, 250.0, -212.0, 80.0, -346.0, -68.0, -466.0, -332.0, -384.0, -267.0, -250.0, -63.0, -365.0, -456.0, -329.0, -186.0, -192.0, -26.0, -301.0, -303.0, -121.0, -533.0, -149.0, -211.0, 15.0, -532.0, -191.0, -351.0, -439.0, -413.0, -529.0, -300.0, -540.0, -147.0, -1.0, -133.0, -87.0, -344.0, -133.0, -278.0, -31.0, -231.0, -218.0, -286.0, -321.0, -131.0, -39.0, -528.0, -280.0, 10.0, -314.0, -252.0, 0.0, -164.0, -173.0, -469.0, -347.0, -262.0, -469.0, -499.0, -102.0, -462.0, -307.0, -272.0, -253.0, -436.0, -227.0, -192.0, -124.0, -69.0, -70.0, 0.0, -467.0, -389.0, -490.0, -562.0, -296.0, -549.0, -483.0, 66.0, -469.0, -357.0, -124.0, -174.0, -113.0, -293.0, -53.0, -287.0, 119.0, -302.0, -377.0, -320.0, -482.0, -459.0, -304.0, -509.0, -394.0, -327.0, -535.0, -197.0, -120.0, -509.0, -521.0, -436.0, -357.0, -94.0, -290.0, 55.0, -271.0, -236.0, -386.0, -29.0, -224.0, -9.0, -431.0, -576.0, -365.0, -355.0, 16.0, -516.0, -194.0, -473.0, -561.0, -219.0, -202.0, -181.0, -271.0, -149.0, -492.0, -216.0, -423.0, -598.0, -586.0, -374.0, -473.0, -345.0, -65.0, -401.0, 98.0, -106.0, -229.0, -76.0, -180.0, -144.0, -525.0, -159.0, -182.0, -320.0, -232.0, -216.0, -191.0, -236.0, -130.0, -295.0, -266.0]","[0, 0, 0, 0, 0, 0, 0, 0, 0, 0, 0, 0, 0, 0, 0, 0, 0, 0, 0, 0, 0, 1, 0, 0, 0, 0, 0, 0, 0, 0, 0, 0, 0, 0, 0, 0, 0, 0, 0, 0, 0, 0, 0, 0, 0, 0, 0, 1, 0, 0, 0, 0, 0, 0, 0, 0, 0, 0, 0, 0, 1, 0, 0, 0, 0, 0, 0, 0, 0, 0, 0, 1, 0, 0, 0, 0, 0, 0, 0, 0, 0, 0, 0, 0, 0, 0, 0, 0, 0, 1, 0, 0, 0, 0, 0, 0, 0, 0, 0, 0, 0, 0, 0, 0, 0, 0, 0, 0, 0, 1, 0, 0, 0, 0, 0, 0, 0, 0, 0, 0, 0, 0, 0, 0, 0, 0, 0, 1, 0, 1, 0, 0, 0, 0, 0, 0, 0, 0, 0, 0, 0, 0, 0, 0, 0, 0, 0, 0, 0, 0, 0, 0, 0, 0, 0, 0, 0, 0, 0, 0, 0, 0, 0, 0, 0, 0, 0, 0, 0, 0, 0, 0, 0, 0, 0, 0, 0, 0, 0, 0, 0, 0, 0, 0, 0, 0, 0, 1, 0, 0, 0, 0, 0, 0, 0, 1, 0, 0, 0, 0]",23999.0,106682.71,2525676.0,23999.0,0.2625389099121094,23999.0,23999.0,0.0
cp,11,penalty,3,"[1154.0, 1358.0, 1073.0, 1417.0, 1261.0, 1442.0, 1523.0, 1323.0, 1605.0, 1485.0, 1471.0, 1762.0, 1907.0, 2139.0, 2582.0, 2779.0, 2768.0, 2776.0, 2711.0, 3092.0, 2879.0, 3154.0, 2940.0, 3246.0, 3424.0, 3938.0, 3858.0, 3779.0, 3635.0, 4046.0, 3848.0, 4041.0, 4068.0, 4400.0, 4794.0, 4666.0, 4651.0, 4509.0, 4739.0, 5518.0, 5658.0, 5538.0, 5586.0, 5548.0, 5729.0, 5838.0, 5739.0, 5980.0, 5977.0, 6471.0, 6449.0, 6954.0, 6921.0, 7213.0, 7186.0, 7282.0, 7279.0, 7756.0, 8181.0, 8144.0, 7969.0, 8196.0, 8091.0, 8463.0, 8578.0, 8514.0, 8994.0, 8723.0, 8853.0, 8717.0, 9461.0, 9275.0, 9551.0, 9752.0, 9816.0, 10459.0, 10343.0, 10798.0, 10473.0, 10417.0, 10662.0, 10684.0, 11031.0, 10933.0, 11146.0, 11012.0, 11280.0, 11380.0, 11516.0, 11620.0, 11429.0, 11405.0, 11984.0, 11871.0, 11649.0, 12096.0, 12102.0, 11963.0, 12195.0, 12294.0, 12905.0, 13009.0, 13077.0, 13402.0, 13539.0, 13457.0, 13988.0, 14032.0, 14078.0, 14010.0, 14297.0, 14364.0, 14424.0, 14563.0, 14682.0, 14924.0, 14989.0, 15524.0, 15514.0, 15683.0, 15959.0, 15839.0, 16160.0, 16162.0, 15726.0, 16329.0, 16374.0, 16222.0, 16438.0, 16398.0, 16670.0, 16520.0, 16822.0, 16529.0, 17018.0, 17161.0, 17217.0, 17469.0, 17514.0, 17427.0, 17700.0, 17637.0, 17650.0, 17975.0, 17705.0, 17718.0, 18418.0, 18498.0, 18481.0, 18470.0, 18320.0, 18584.0, 18352.0, 18746.0, 18939.0, 19179.0, 18912.0, 19197.0, 19117.0, 19607.0, 19905.0, 19762.0, 20037.0, 19756.0, 20595.0, 20341.0, 21072.0, 21229.0, 20955.0, 21051.0, 21120.0, 21278.0, 21246.0, 21823.0, 21615.0, 21946.0, 22225.0, 22449.0, 22572.0, 22800.0, 22809.0, 22597.0, 23046.0, 22615.0, 22932.0, 23123.0, 23038.0, 22974.0, 23219.0, 23668.0, 23370.0, 23483.0, 23784.0, 23764.0, 23861.0, 23836.0, 23950.0, 23934.0, 24167.0, 24265.0]","[0.0, -1.0, 0.0, 0.0, 0.0, 0.0, 0.0, 0.0, 0.0, 29.0, 0.0, 0.0, 0.0, 0.0, 0.0, 0.0, 0.0, 0.0, -19.0, 0.0, 0.0, 0.0, 0.0, 0.0, 0.0, 0.0, 0.0, 0.0, 0.0, 0.0, 0.0, 0.0, 0.0, 0.0, 0.0, 0.0, 0.0, 0.0, 0.0, 0.0, 0.0, 0.0, 41.0, 0.0, 0.0, 0.0, 0.0, 0.0, 0.0, 0.0, 0.0, 0.0, 0.0, 0.0, 0.0, 0.0, 0.0, 0.0, 0.0, 0.0, 0.0, 0.0, -7.0, 0.0, 0.0, 0.0, 0.0, 0.0, 0.0, 0.0, 0.0, 0.0, 0.0, 0.0, 0.0, 0.0, 0.0, 0.0, 0.0, 0.0, 0.0, 0.0, 0.0, 0.0, 0.0, 0.0, 0.0, 0.0, 0.0, 0.0, 0.0, 0.0, 0.0, 0.0, 0.0, 0.0, 0.0, 0.0, 0.0, 0.0, 0.0, 0.0, 0.0, 0.0, 0.0, 0.0, 0.0, 0.0, 13.0, 0.0, 0.0, 0.0, 0.0, 0.0, 0.0, 0.0, 0.0, 0.0, 0.0, 0.0, 0.0, 0.0, 0.0, 0.0, 0.0, 0.0, 0.0, 0.0, 0.0, 0.0, 0.0, 0.0, 0.0, 0.0, 0.0, 0.0, 0.0, 0.0, 0.0, 0.0, 0.0, -61.0, -49.0, 0.0, 0.0, 0.0, 0.0, 0.0, 0.0, 0.0, 0.0, 0.0, 0.0, 0.0, 0.0, 0.0, 0.0, 0.0, 0.0, 0.0, 0.0, 0.0, 0.0, 0.0, 0.0, 0.0, 0.0, 0.0, 0.0, 0.0, 0.0, 0.0, 0.0, 0.0, 0.0, 0.0, 0.0, 0.0, 0.0, 0.0, 0.0, 0.0, 0.0, 0.0, 0.0, 0.0, 0.0, 0.0, 0.0, 0.0, 0.0, 0.0, 0.0, 0.0, 0.0, 0.0, 0.0, 0.0, 0.0, 0.0]","[0, 1, 1, 0, 0, 2, 2, 2, 0, 0, 1, 2, 0, 0, 0, 0, 2, 1, 0, 1, 1, 2, 2, 0, 0, 1, 2, 0, 0, 1, 0, 2, 0, 0, 1, 1, 2, 0, 0, 2, 0, 1, 2, 0, 2, 0, 1, 2, 1, 0, 2, 2, 0, 1, 0, 2, 0, 0, 2, 1, 0, 0, 2, 0, 0, 2, 0, 1, 0, 0, 0, 1, 0, 0, 1, 1, 1, 0, 2, 0, 2, 0, 0, 0, 0, 2, 0, 2, 2, 0, 0, 1, 2, 0, 1, 0, 1, 0, 0, 0, 0, 2, 1, 1, 1, 2, 0, 1, 2, 2, 1, 2, 0, 2, 0, 1, 0, 0, 2, 1, 0, 0, 0, 1, 2, 0, 1, 2, 0, 2, 0, 1, 1, 2, 0, 2, 0, 0, 2, 1, 1, 0, 2, 0, 0, 2, 0, 0, 1, 2, 1, 0, 2, 0, 2, 2, 0, 0, 0, 0, 0, 2, 0, 0, 0, 0, 1, 2, 0, 2, 0, 1, 0, 1, 2, 1, 0, 2, 1, 2, 0, 2, 2, 0, 2, 0, 1, 0, 0, 0, 0, 0, 1, 2, 1, 0, 1, 0, 0, 0]",253.07,253.07,2542717.0,24265.0,24.8049578666687,253.07,253.07,0.0
cp,11,total_time,3,"[601.0, 807.0, 958.0, 981.0, 1099.0, 1174.0, 1189.0, 1189.0, 1279.0, 1242.0, 1257.0, 1490.0, 1785.0, 1867.0, 2232.0, 2235.0, 2286.0, 2391.0, 2581.0, 2634.0, 2666.0, 2719.0, 2829.0, 2868.0, 2877.0, 3373.0, 3427.0, 3511.0, 3557.0, 3568.0, 3689.0, 3738.0, 3757.0, 3809.0, 4258.0, 4297.0, 4316.0, 4365.0, 4613.0, 5054.0, 5117.0, 5143.0, 5221.0, 5321.0, 5442.0, 5521.0, 5649.0, 5768.0, 5805.0, 6115.0, 6381.0, 6488.0, 6589.0, 6829.0, 6891.0, 6965.0, 7216.0, 7391.0, 7725.0, 7734.0, 7783.0, 8004.0, 8037.0, 8064.0, 8085.0, 8393.0, 8416.0, 8444.0, 8565.0, 8586.0, 8929.0, 9084.0, 9200.0, 9232.0, 9327.0, 9930.0, 10028.0, 10258.0, 10288.0, 10334.0, 10434.0, 10505.0, 10558.0, 10612.0, 10830.0, 10870.0, 10943.0, 10976.0, 11016.0, 11044.0, 11140.0, 11222.0, 11422.0, 11462.0, 11524.0, 11782.0, 11809.0, 11812.0, 11857.0, 11913.0, 12436.0, 12662.0, 12815.0, 12933.0, 13040.0, 13355.0, 13526.0, 13725.0, 13734.0, 13757.0, 13861.0, 14137.0, 14232.0, 14439.0, 14613.0, 14854.0, 14922.0, 14940.0, 15071.0, 15177.0, 15397.0, 15543.0, 15560.0, 15578.0, 15611.0, 15792.0, 16017.0, 16098.0, 16264.0, 16285.0, 16332.0, 16422.0, 16386.0, 16388.0, 16480.0, 16704.0, 16834.0, 16902.0, 16917.0, 16935.0, 17134.0, 17185.0, 17256.0, 17421.0, 17451.0, 17455.0, 17909.0, 17915.0, 17949.0, 17977.0, 18095.0, 18186.0, 18268.0, 18342.0, 18703.0, 18787.0, 18789.0, 18949.0, 18999.0, 19171.0, 19329.0, 19337.0, 19682.0, 19692.0, 20079.0, 20133.0, 20599.0, 20668.0, 20702.0, 20730.0, 20828.0, 20849.0, 21078.0, 21331.0, 21366.0, 21523.0, 21627.0, 21863.0, 22198.0, 22327.0, 22464.0, 22494.0, 22498.0, 22532.0, 22566.0, 22706.0, 22725.0, 22794.0, 22830.0, 23072.0, 23157.0, 23206.0, 23464.0, 23527.0, 23615.0, 23645.0, 23714.0, 23720.0, 23793.0, 23999.0]","[-553.0, -552.0, -115.0, -436.0, -162.0, -268.0, -334.0, -134.0, -326.0, -214.0, -214.0, -272.0, -122.0, -272.0, -350.0, -544.0, -482.0, -385.0, -149.0, -458.0, -213.0, -435.0, -111.0, -378.0, -547.0, -565.0, -431.0, -268.0, -78.0, -478.0, -159.0, -303.0, -311.0, -591.0, -536.0, -369.0, -335.0, -144.0, -126.0, -464.0, -541.0, -395.0, -324.0, -227.0, -287.0, -317.0, -90.0, -212.0, -172.0, -356.0, -68.0, -466.0, -332.0, -384.0, -295.0, -317.0, -63.0, -365.0, -456.0, -410.0, -186.0, -192.0, -61.0, -399.0, -493.0, -121.0, -578.0, -279.0, -288.0, -131.0, -532.0, -191.0, -351.0, -520.0, -489.0, -529.0, -315.0, -540.0, -185.0, -83.0, -228.0, -179.0, -473.0, -321.0, -316.0, -142.0, -337.0, -404.0, -500.0, -576.0, -289.0, -183.0, -562.0, -409.0, -125.0, -314.0, -293.0, -151.0, -338.0, -381.0, -469.0, -347.0, -262.0, -469.0, -499.0, -102.0, -462.0, -307.0, -331.0, -253.0, -436.0, -227.0, -192.0, -124.0, -69.0, -70.0, -67.0, -584.0, -443.0, -506.0, -562.0, -296.0, -600.0, -584.0, -115.0, -537.0, -357.0, -124.0, -174.0, -113.0, -338.0, -98.0, -436.0, -141.0, -538.0, -457.0, -383.0, -567.0, -597.0, -492.0, -566.0, -513.0, -443.0, -554.0, -254.0, -263.0, -509.0, -583.0, -532.0, -493.0, -225.0, -398.0, -84.0, -404.0, -236.0, -392.0, -123.0, -248.0, -118.0, -436.0, -576.0, -425.0, -355.0, -64.0, -516.0, -208.0, -473.0, -561.0, -253.0, -321.0, -292.0, -429.0, -168.0, -492.0, -249.0, -423.0, -598.0, -586.0, -374.0, -473.0, -345.0, -103.0, -548.0, -83.0, -366.0, -417.0, -313.0, -180.0, -389.0, -596.0, -213.0, -277.0, -320.0, -237.0, -246.0, -191.0, -236.0, -214.0, -374.0, -266.0]","[0, 1, 0, 1, 0, 1, 0, 2, 0, 1, 2, 0, 0, 0, 1, 2, 0, 0, 2, 1, 0, 2, 2, 1, 0, 2, 0, 1, 2, 0, 0, 1, 2, 0, 1, 0, 2, 0, 1, 2, 0, 2, 1, 2, 2, 0, 0, 2, 1, 0, 1, 2, 0, 2, 1, 2, 1, 2, 1, 0, 2, 1, 0, 2, 1, 2, 1, 0, 2, 1, 1, 0, 1, 2, 2, 1, 2, 2, 0, 1, 0, 2, 0, 1, 0, 1, 1, 2, 0, 2, 1, 0, 0, 1, 2, 2, 0, 1, 2, 1, 0, 2, 2, 1, 1, 0, 0, 1, 0, 2, 2, 0, 1, 2, 0, 2, 0, 1, 2, 0, 1, 2, 0, 1, 2, 0, 0, 2, 0, 2, 1, 1, 2, 0, 0, 2, 0, 2, 1, 0, 1, 0, 0, 2, 1, 0, 1, 0, 2, 1, 1, 0, 2, 1, 2, 0, 1, 2, 1, 1, 2, 1, 0, 1, 0, 2, 0, 1, 2, 0, 0, 1, 2, 2, 0, 0, 1, 0, 1, 2, 0, 2, 1, 0, 1, 1, 2, 1, 0, 2, 0, 1, 0, 2, 1, 0, 1, 2, 2, 0]",2475674.0,101704.89,2475674.0,23999.0,2.047280788421631,2475674.0,2475674.0,0.0
cp,11,makespan,3,"[739.0, 807.0, 958.0, 1093.0, 1099.0, 1174.0, 1189.0, 1242.0, 1279.0, 1310.0, 1392.0, 1490.0, 1785.0, 1867.0, 2232.0, 2300.0, 2368.0, 2436.0, 2581.0, 2634.0, 2724.0, 2719.0, 2837.0, 2868.0, 2981.0, 3373.0, 3427.0, 3540.0, 3557.0, 3568.0, 3689.0, 3738.0, 3779.0, 3809.0, 4258.0, 4297.0, 4365.0, 4359.0, 4613.0, 5054.0, 5117.0, 5143.0, 5256.0, 5321.0, 5442.0, 5521.0, 5649.0, 5768.0, 5805.0, 6115.0, 6381.0, 6488.0, 6589.0, 6829.0, 6891.0, 6965.0, 7216.0, 7391.0, 7725.0, 7734.0, 7838.0, 8004.0, 8072.0, 8064.0, 8185.0, 8393.0, 8461.0, 8444.0, 8565.0, 8586.0, 8929.0, 9084.0, 9200.0, 9313.0, 9327.0, 9930.0, 10028.0, 10258.0, 10288.0, 10334.0, 10434.0, 10505.0, 10595.0, 10708.0, 10830.0, 10870.0, 10943.0, 11056.0, 11016.0, 11040.0, 11140.0, 11222.0, 11422.0, 11557.0, 11625.0, 11782.0, 11850.0, 11963.0, 11857.0, 11947.0, 12436.0, 12662.0, 12815.0, 12933.0, 13040.0, 13355.0, 13526.0, 13725.0, 13793.0, 13883.0, 13861.0, 14137.0, 14232.0, 14439.0, 14613.0, 14854.0, 14989.0, 14940.0, 15071.0, 15177.0, 15397.0, 15543.0, 15560.0, 15578.0, 15691.0, 15792.0, 16017.0, 16107.0, 16264.0, 16285.0, 16332.0, 16420.0, 16400.0, 16388.0, 16480.0, 16704.0, 16834.0, 16924.0, 16992.0, 17060.0, 17134.0, 17247.0, 17256.0, 17421.0, 17451.0, 17489.0, 17909.0, 17915.0, 17977.0, 17983.0, 18095.0, 18186.0, 18268.0, 18342.0, 18703.0, 18793.0, 18883.0, 18949.0, 19084.0, 19171.0, 19329.0, 19337.0, 19682.0, 19692.0, 20079.0, 20133.0, 20599.0, 20668.0, 20702.0, 20815.0, 20905.0, 20973.0, 21078.0, 21331.0, 21399.0, 21523.0, 21627.0, 21863.0, 22198.0, 22327.0, 22464.0, 22532.0, 22498.0, 22622.0, 22566.0, 22706.0, 22725.0, 22838.0, 22830.0, 23072.0, 23157.0, 23206.0, 23464.0, 23527.0, 23615.0, 23683.0, 23714.0, 23773.0, 23841.0, 23999.0]","[-415.0, -552.0, -115.0, -324.0, -162.0, -268.0, -334.0, -81.0, -326.0, -146.0, -79.0, -272.0, -122.0, -272.0, -350.0, -479.0, -400.0, -340.0, -149.0, -458.0, -155.0, -435.0, -103.0, -378.0, -443.0, -565.0, -431.0, -239.0, -78.0, -478.0, -159.0, -303.0, -289.0, -591.0, -536.0, -369.0, -286.0, -150.0, -126.0, -464.0, -541.0, -395.0, -289.0, -227.0, -287.0, -317.0, -90.0, -212.0, -172.0, -356.0, -68.0, -466.0, -332.0, -384.0, -295.0, -317.0, -63.0, -365.0, -456.0, -410.0, -131.0, -192.0, -26.0, -399.0, -393.0, -121.0, -533.0, -279.0, -288.0, -131.0, -532.0, -191.0, -351.0, -439.0, -489.0, -529.0, -315.0, -540.0, -185.0, -83.0, -228.0, -179.0, -436.0, -225.0, -316.0, -142.0, -337.0, -324.0, -500.0, -580.0, -289.0, -183.0, -562.0, -314.0, -24.0, -314.0, -252.0, 0.0, -338.0, -347.0, -469.0, -347.0, -262.0, -469.0, -499.0, -102.0, -462.0, -307.0, -272.0, -127.0, -436.0, -227.0, -192.0, -124.0, -69.0, -70.0, 0.0, -584.0, -443.0, -506.0, -562.0, -296.0, -600.0, -584.0, -35.0, -537.0, -357.0, -115.0, -174.0, -113.0, -338.0, -100.0, -422.0, -141.0, -538.0, -457.0, -383.0, -545.0, -522.0, -367.0, -566.0, -451.0, -443.0, -554.0, -254.0, -229.0, -509.0, -583.0, -504.0, -487.0, -225.0, -398.0, -84.0, -404.0, -236.0, -386.0, -29.0, -248.0, -33.0, -436.0, -576.0, -425.0, -355.0, -64.0, -516.0, -208.0, -473.0, -561.0, -253.0, -236.0, -215.0, -305.0, -168.0, -492.0, -216.0, -423.0, -598.0, -586.0, -374.0, -473.0, -345.0, -65.0, -548.0, 7.0, -366.0, -417.0, -313.0, -136.0, -389.0, -596.0, -213.0, -277.0, -320.0, -237.0, -246.0, -153.0, -236.0, -161.0, -326.0, -266.0]","[0, 0, 1, 1, 2, 1, 2, 1, 2, 1, 2, 0, 0, 1, 1, 1, 1, 1, 2, 1, 1, 2, 1, 0, 0, 1, 0, 0, 1, 2, 2, 0, 2, 1, 0, 1, 1, 2, 0, 2, 1, 2, 2, 0, 1, 0, 2, 1, 2, 0, 1, 2, 2, 0, 2, 0, 2, 2, 1, 2, 1, 2, 2, 0, 2, 2, 2, 0, 0, 1, 2, 0, 1, 1, 0, 0, 1, 2, 1, 2, 0, 0, 0, 0, 2, 0, 2, 2, 0, 1, 1, 2, 1, 1, 1, 2, 2, 2, 0, 0, 2, 1, 1, 2, 0, 0, 0, 0, 0, 0, 1, 1, 2, 0, 0, 0, 0, 1, 0, 1, 2, 2, 1, 0, 0, 1, 1, 1, 2, 1, 0, 1, 0, 2, 2, 0, 0, 0, 0, 0, 1, 1, 0, 0, 2, 0, 2, 1, 2, 1, 2, 1, 2, 2, 2, 2, 2, 1, 1, 2, 2, 1, 0, 2, 1, 2, 0, 1, 2, 2, 2, 2, 0, 0, 0, 1, 0, 1, 0, 1, 1, 1, 0, 1, 0, 2, 0, 0, 1, 0, 1, 0, 2, 1, 2, 2, 1, 2, 2, 0]",23999.0,96372.18,2479138.0,23999.0,0.3519289493560791,23999.0,23999.0,0.0
cp,12,penalty,1,"[1154.0, 925.0, 1274.0, 1537.0, 1718.0, 1605.0, 1854.0, 1786.0, 2475.0, 2700.0, 2817.0, 3133.0, 2930.0, 3020.0, 3201.0, 3503.0, 3435.0, 3322.0, 3639.0, 3879.0, 3947.0, 3571.0, 4285.0, 4015.0, 4217.0, 4375.0, 4488.0, 4700.0, 4768.0, 4858.0, 4971.0, 5107.0, 5039.0, 5220.0, 5593.0, 5525.0, 5457.0, 5751.0, 5864.0, 6090.0, 5661.0, 6226.0, 5932.0, 6158.0, 6000.0, 6791.0, 6294.0, 7248.0, 6497.0, 6384.0, 6881.0, 6565.0, 6633.0, 6701.0, 6971.0, 7331.0, 7180.0, 7061.0, 7444.0, 7798.0, 8034.0, 8102.0, 8201.0, 8560.0, 8303.0, 8470.0, 8741.0, 8380.0, 8854.0, 8673.0, 8990.0, 9170.0, 9080.0, 9505.0, 9437.0, 9731.0, 9324.0, 9641.0, 9573.0, 10047.0, 10323.0, 10730.0, 10436.0, 10526.0, 10910.0, 10662.0, 10594.0, 10820.0, 11091.0, 11159.0, 11249.0, 11023.0, 11430.0, 11362.0, 11679.0, 12063.0, 11543.0, 11882.0, 11611.0, 11950.0, 11769.0, 12265.0, 12378.0, 12607.0, 12954.0, 13089.0, 12752.0, 12820.0, 13347.0, 13279.0, 13522.0, 13802.0, 13892.0, 13599.0, 14025.0, 13712.0, 14228.0, 14296.0, 14115.0, 14364.0, 14500.0, 14432.0, 14590.0, 14703.0, 15020.0, 14884.0, 14952.0, 14771.0, 15292.0, 15631.0, 15088.0, 15156.0, 15224.0, 15495.0, 15563.0, 15427.0, 16195.0, 16534.0, 16027.0, 16127.0, 16331.0, 16263.0, 16692.0, 16421.0, 16828.0, 17020.0, 16602.0, 16760.0, 17160.0, 17351.0, 17760.0, 17828.0, 18111.0, 18043.0, 17975.0, 18319.0, 18522.0, 18387.0, 18967.0, 18899.0, 18786.0, 19103.0, 19523.0, 19216.0, 19659.0, 19433.0, 19931.0, 19350.0, 19795.0, 19727.0, 20021.0, 19591.0, 19863.0, 20241.0, 20360.0, 20547.0, 20615.0, 20796.0, 20728.0, 20886.0, 21289.0, 21086.0, 21357.0, 21221.0, 21739.0, 21829.0, 22057.0, 22153.0, 22375.0, 22252.0, 22814.0, 22520.0, 22724.0, 22588.0, 22882.0, 22656.0, 23178.0, 23110.0, 23404.0, 23473.0, 24084.0, 24220.0, 24152.0, 23945.0, 24468.0, 24310.0, 24378.0, 24626.0, 24536.0, 24716.0, 25164.0, 25389.0, 25254.0, 25487.0, 25600.0, 26009.0, 25846.0, 26181.0, 26249.0, 26362.0, 26637.0, 26854.0, 27125.0, 27057.0, 26741.0, 26922.0, 27532.0, 27261.0, 27193.0, 27668.0, 27962.0, 28052.0, 27329.0, 27804.0, 27872.0, 27419.0, 27736.0, 27600.0, 28142.0, 28322.0, 28232.0, 28794.0, 28523.0, 28681.0, 28862.0, 28998.0, 28613.0, 29148.0, 28930.0, 29338.0]","[0.0, 0.0, 0.0, -66.0, 0.0, -34.0, 88.0, 27.0, 0.0, 0.0, 0.0, 107.0, -65.0, 0.0, 11.0, 0.0, -27.0, -48.0, 138.0, -24.0, 29.0, 25.0, -22.0, 0.0, 0.0, 8.0, 92.0, -10.0, 54.0, -85.0, 0.0, -40.0, 21.0, 56.0, -63.0, -39.0, 0.0, -113.0, 7.0, 123.0, -160.0, -3.0, 21.0, -134.0, -7.0, 314.0, -62.0, 723.0, -32.0, 25.0, 423.0, 185.0, 64.0, -3.0, 137.0, 0.0, 0.0, 55.0, 0.0, 0.0, -46.0, 0.0, 0.0, -28.0, 0.0, -56.0, 15.0, -44.0, 37.0, 0.0, 0.0, 12.0, 0.0, 12.0, -46.0, 6.0, -39.0, 0.0, -27.0, 0.0, -30.0, -2.0, -11.0, -31.0, 0.0, -259.0, -267.0, 19.0, -40.0, 16.0, 47.0, -67.0, -208.0, 9.0, 0.0, 185.0, 16.0, 72.0, -21.0, 87.0, 10.0, -80.0, 0.0, 0.0, 0.0, 73.0, -43.0, 0.0, 0.0, -2.0, 0.0, 0.0, 35.0, 0.0, -21.0, -39.0, 23.0, -13.0, -222.0, -105.0, 15.0, -98.0, 0.0, 41.0, 58.0, -5.0, -3.0, -17.0, 2.0, 225.0, 32.0, 62.0, -19.0, -3.0, 11.0, 60.0, -27.0, 90.0, 0.0, -56.0, 73.0, -52.0, 0.0, -17.0, 186.0, 0.0, -67.0, 49.0, 0.0, 0.0, -77.0, 0.0, 8.0, 0.0, -33.0, 0.0, 0.0, -7.0, 81.0, 0.0, -35.0, 0.0, 11.0, 100.0, -40.0, -73.0, 133.0, 0.0, -5.0, 0.0, 211.0, -152.0, 43.0, 0.0, 0.0, -92.0, -64.0, 53.0, 0.0, 35.0, 31.0, -4.0, 33.0, 0.0, -64.0, 0.0, 0.0, 0.0, 0.0, 0.0, 76.0, -120.0, 0.0, -76.0, 85.0, -6.0, 0.0, -38.0, 0.0, 0.0, -21.0, 58.0, 0.0, 0.0, 31.0, 41.0, -26.0, 0.0, -89.0, 46.0, 0.0, 0.0, -55.0, -16.0, 0.0, 0.0, 0.0, -24.0, 0.0, 55.0, 0.0, -15.0, -116.0, -25.0, -35.0, -49.0, 8.0, -12.0, -43.0, 304.0, 201.0, 397.0, -42.0, 0.0, 173.0, -37.0, 13.0, 17.0, 346.0, 126.0, 11.0, 0.0, -236.0, -5.0, 27.0, 37.0, -74.0, 0.0, 60.0, 0.0]","[0, 0, 0, 0, 0, 0, 0, 0, 0, 0, 0, 0, 0, 0, 0, 0, 0, 0, 0, 0, 0, 0, 0, 0, 0, 0, 0, 0, 0, 0, 0, 0, 0, 0, 0, 0, 0, 0, 0, 0, 0, 0, 0, 0, 0, 0, 0, 0, 0, 0, 0, 0, 0, 0, 0, 0, 0, 0, 0, 0, 0, 0, 0, 0, 0, 0, 0, 0, 0, 0, 0, 0, 0, 0, 0, 0, 0, 0, 0, 0, 0, 0, 0, 0, 0, 0, 0, 0, 0, 0, 0, 0, 0, 0, 0, 0, 0, 0, 0, 0, 0, 0, 0, 0, 0, 0, 0, 0, 0, 0, 0, 0, 0, 0, 0, 0, 0, 0, 0, 0, 0, 0, 0, 0, 0, 0, 0, 0, 0, 0, 0, 0, 0, 0, 0, 0, 0, 0, 0, 0, 0, 0, 0, 0, 0, 0, 0, 0, 0, 0, 0, 0, 0, 0, 0, 0, 0, 0, 0, 0, 0, 0, 0, 0, 0, 0, 0, 0, 0, 0, 0, 0, 0, 0, 0, 0, 0, 0, 0, 0, 0, 0, 0, 0, 0, 0, 0, 0, 0, 0, 0, 0, 0, 0, 0, 0, 0, 0, 0, 0, 0, 0, 0, 0, 0, 0, 0, 0, 0, 0, 0, 0, 0, 0, 0, 0, 0, 0, 0, 0, 0, 0, 0, 0, 0, 0, 0, 0, 0, 0, 0, 0, 0, 0, 0, 0, 0, 0, 0, 0, 0, 0, 0, 0, 0, 0, 0, 0, 0, 0]",16532.52,16532.52,3789229.0,29338.0,301.3347771167755,16532.52,7244.52,0.5618018305739234
cp,12,total_time,1,"[601.0, 669.0, 808.0, 1092.0, 1197.0, 1299.0, 1532.0, 1645.0, 2078.0, 2428.0, 2496.0, 2586.0, 2702.0, 2866.0, 3115.0, 2979.0, 3047.0, 3205.0, 3295.0, 3408.0, 3544.0, 3476.0, 3815.0, 3747.0, 4018.0, 3905.0, 4179.0, 4270.0, 4565.0, 4814.0, 4678.0, 4904.0, 4746.0, 5041.0, 5124.0, 5192.0, 5312.0, 5448.0, 5380.0, 5652.0, 5539.0, 5720.0, 5856.0, 5788.0, 5924.0, 5992.0, 6087.0, 6281.0, 6213.0, 6755.0, 6485.0, 6349.0, 6417.0, 6575.0, 6665.0, 6845.0, 7048.0, 6935.0, 7189.0, 7384.0, 7525.0, 7622.0, 7769.0, 8062.0, 8529.0, 8152.0, 8258.0, 8348.0, 8461.0, 8597.0, 8665.0, 8755.0, 8954.0, 9067.0, 9135.0, 9203.0, 9293.0, 9383.0, 9496.0, 9977.0, 10057.0, 10147.0, 10266.0, 10356.0, 10424.0, 10537.0, 10627.0, 10853.0, 10695.0, 10763.0, 10943.0, 11056.0, 11124.0, 11237.0, 11705.0, 11433.0, 11501.0, 11637.0, 11569.0, 11795.0, 11975.0, 11885.0, 12280.0, 12348.0, 12437.0, 12572.0, 12640.0, 12708.0, 12939.0, 13125.0, 13193.0, 13287.0, 13419.0, 13520.0, 13610.0, 13700.0, 13967.0, 14035.0, 14103.0, 14306.0, 14193.0, 14374.0, 15437.0, 14442.0, 14532.0, 14600.0, 14668.0, 14736.0, 14826.0, 15007.0, 14939.0, 15075.0, 15143.0, 15233.0, 15369.0, 15301.0, 15668.0, 15859.0, 15927.0, 16017.0, 16115.0, 16228.0, 16318.0, 16386.0, 16703.0, 16499.0, 16567.0, 16635.0, 16793.0, 17117.0, 17279.0, 17449.0, 17633.0, 17734.0, 17807.0, 17970.0, 18080.0, 18327.0, 18417.0, 18530.0, 18742.0, 18832.0, 18945.0, 19013.0, 19152.0, 19220.0, 19492.0, 19288.0, 19356.0, 19424.0, 19582.0, 19695.0, 19763.0, 19843.0, 20006.0, 20478.0, 20579.0, 20692.0, 20760.0, 20850.0, 20918.0, 20986.0, 21076.0, 21211.0, 21279.0, 21451.0, 21519.0, 21640.0, 21904.0, 22421.0, 22149.0, 22217.0, 22285.0, 22353.0, 22511.0, 22624.0, 22812.0, 22880.0, 23180.0, 23248.0, 23530.0, 23617.0, 23685.0, 23775.0, 24015.0, 24124.0, 24195.0, 24263.0, 24353.0, 24443.0, 24800.0, 24868.0, 24936.0, 25079.0, 25296.0, 25549.0, 25639.0, 25795.0, 25976.0, 25908.0, 26282.0, 26442.0, 26661.0, 26729.0, 26797.0, 26887.0, 27000.0, 27068.0, 27136.0, 27385.0, 27204.0, 27769.0, 27589.0, 27317.0, 27859.0, 28129.0, 27453.0, 27521.0, 27949.0, 27679.0, 28039.0, 28242.0, 28341.0, 28437.0, 28550.0, 28916.0, 28618.0, 28690.0, 28780.0, 28848.0]","[-553.0, -256.0, -466.0, -511.0, -521.0, -340.0, -234.0, -114.0, -397.0, -272.0, -321.0, -440.0, -293.0, -154.0, -75.0, -524.0, -415.0, -165.0, -206.0, -495.0, -374.0, -70.0, -492.0, -268.0, -199.0, -462.0, -217.0, -440.0, -149.0, -129.0, -293.0, -243.0, -272.0, -123.0, -532.0, -372.0, -145.0, -416.0, -477.0, -315.0, -282.0, -509.0, -55.0, -504.0, -83.0, -485.0, -269.0, -244.0, -316.0, 396.0, 27.0, -31.0, -152.0, -129.0, -169.0, -486.0, -132.0, -71.0, -255.0, -414.0, -555.0, -480.0, -432.0, -526.0, 226.0, -374.0, -468.0, -76.0, -356.0, -76.0, -325.0, -403.0, -126.0, -426.0, -348.0, -522.0, -70.0, -258.0, -104.0, -70.0, -296.0, -585.0, -181.0, -201.0, -486.0, -384.0, -234.0, 52.0, -436.0, -380.0, -259.0, -34.0, -514.0, -116.0, 26.0, -445.0, -26.0, -173.0, -63.0, -68.0, 216.0, -460.0, -98.0, -259.0, -517.0, -444.0, -155.0, -112.0, -408.0, -156.0, -329.0, -515.0, -438.0, -79.0, -436.0, -51.0, -238.0, -274.0, -234.0, -163.0, -292.0, -156.0, 847.0, -220.0, -430.0, -289.0, -287.0, -52.0, -464.0, -399.0, -117.0, -19.0, -100.0, -265.0, -183.0, -66.0, -554.0, -585.0, -100.0, -166.0, -143.0, -87.0, -374.0, -52.0, 61.0, -521.0, -102.0, -76.0, -367.0, -234.0, -558.0, -379.0, -470.0, -309.0, -201.0, -349.0, -442.0, -67.0, -469.0, -369.0, -79.0, -271.0, -567.0, -103.0, -547.0, -286.0, -306.0, -62.0, -444.0, -303.0, -228.0, -48.0, -57.0, -398.0, -354.0, -161.0, -100.0, -51.0, 32.0, -1.0, -340.0, -104.0, -248.0, -10.0, -524.0, -378.0, -538.0, -513.0, -471.0, 169.0, -589.0, -423.0, -439.0, -311.0, -286.0, -38.0, -366.0, -268.0, -224.0, -225.0, -575.0, -545.0, -467.0, -170.0, -422.0, -145.0, -209.0, -363.0, -272.0, -227.0, -364.0, -521.0, -373.0, -424.0, -304.0, -460.0, -207.0, -410.0, -273.0, -399.0, -355.0, -427.0, -580.0, -353.0, 21.0, -84.0, -524.0, -205.0, -100.0, 21.0, -557.0, 114.0, 218.0, -487.0, 160.0, 673.0, -270.0, -62.0, 153.0, -517.0, -182.0, -552.0, -418.0, -249.0, -285.0, -45.0, -69.0, -458.0, -90.0, -490.0]","[0, 0, 0, 0, 0, 0, 0, 0, 0, 0, 0, 0, 0, 0, 0, 0, 0, 0, 0, 0, 0, 0, 0, 0, 0, 0, 0, 0, 0, 0, 0, 0, 0, 0, 0, 0, 0, 0, 0, 0, 0, 0, 0, 0, 0, 0, 0, 0, 0, 0, 0, 0, 0, 0, 0, 0, 0, 0, 0, 0, 0, 0, 0, 0, 0, 0, 0, 0, 0, 0, 0, 0, 0, 0, 0, 0, 0, 0, 0, 0, 0, 0, 0, 0, 0, 0, 0, 0, 0, 0, 0, 0, 0, 0, 0, 0, 0, 0, 0, 0, 0, 0, 0, 0, 0, 0, 0, 0, 0, 0, 0, 0, 0, 0, 0, 0, 0, 0, 0, 0, 0, 0, 0, 0, 0, 0, 0, 0, 0, 0, 0, 0, 0, 0, 0, 0, 0, 0, 0, 0, 0, 0, 0, 0, 0, 0, 0, 0, 0, 0, 0, 0, 0, 0, 0, 0, 0, 0, 0, 0, 0, 0, 0, 0, 0, 0, 0, 0, 0, 0, 0, 0, 0, 0, 0, 0, 0, 0, 0, 0, 0, 0, 0, 0, 0, 0, 0, 0, 0, 0, 0, 0, 0, 0, 0, 0, 0, 0, 0, 0, 0, 0, 0, 0, 0, 0, 0, 0, 0, 0, 0, 0, 0, 0, 0, 0, 0, 0, 0, 0, 0, 0, 0, 0, 0, 0, 0, 0, 0, 0, 0, 0, 0, 0, 0, 0, 0, 0, 0, 0, 0, 0, 0, 0, 0, 0, 0, 0, 0, 0]",3721402.0,107962.88,3721402.0,28916.0,302.29409289360046,3721402.0,3717101.0,0.0011557472156998895
cp,12,makespan,1,"[601.0, 669.0, 808.0, 1092.0, 1197.0, 1299.0, 1532.0, 1645.0, 2078.0, 2428.0, 2496.0, 2586.0, 2702.0, 2866.0, 2956.0, 3069.0, 3137.0, 3205.0, 3295.0, 3408.0, 3476.0, 3566.0, 3737.0, 3850.0, 4031.0, 3918.0, 4179.0, 4270.0, 4565.0, 4655.0, 4858.0, 4745.0, 4926.0, 5041.0, 5124.0, 5192.0, 5312.0, 5380.0, 5493.0, 5674.0, 5561.0, 5742.0, 5810.0, 6081.0, 5878.0, 5946.0, 6149.0, 6702.0, 6634.0, 6251.0, 6341.0, 6770.0, 6838.0, 6431.0, 6521.0, 6906.0, 7109.0, 6996.0, 7189.0, 7384.0, 7525.0, 7622.0, 7769.0, 8062.0, 8529.0, 8152.0, 8258.0, 8348.0, 8461.0, 8597.0, 8665.0, 8755.0, 8954.0, 9067.0, 9135.0, 9203.0, 9293.0, 9383.0, 9496.0, 9977.0, 10057.0, 10147.0, 10266.0, 10356.0, 10424.0, 10537.0, 10627.0, 10695.0, 10988.0, 10785.0, 10875.0, 11171.0, 11058.0, 11239.0, 11422.0, 11535.0, 11603.0, 11671.0, 12032.0, 11739.0, 11829.0, 11919.0, 12280.0, 12348.0, 12437.0, 12572.0, 12640.0, 12708.0, 12939.0, 13125.0, 13193.0, 13287.0, 13419.0, 13520.0, 13610.0, 13700.0, 13967.0, 14035.0, 14103.0, 14306.0, 14193.0, 14374.0, 14442.0, 14555.0, 14645.0, 14713.0, 14781.0, 14849.0, 14939.0, 15052.0, 15120.0, 15188.0, 15256.0, 15346.0, 15414.0, 15482.0, 15668.0, 15859.0, 15927.0, 16017.0, 16115.0, 16228.0, 16579.0, 16296.0, 16398.0, 16511.0, 16647.0, 16715.0, 16783.0, 17117.0, 17279.0, 17449.0, 17633.0, 17734.0, 17807.0, 17970.0, 18080.0, 18327.0, 18417.0, 18530.0, 18742.0, 18832.0, 18945.0, 19013.0, 19152.0, 19220.0, 19288.0, 19401.0, 19469.0, 19537.0, 19605.0, 19718.0, 19786.0, 19854.0, 20006.0, 20478.0, 20579.0, 20692.0, 20760.0, 20850.0, 20918.0, 20986.0, 21076.0, 21296.0, 21206.0, 21451.0, 21519.0, 21640.0, 21904.0, 22143.0, 22663.0, 22256.0, 22324.0, 22392.0, 22460.0, 22573.0, 22812.0, 22880.0, 23180.0, 23248.0, 23530.0, 23617.0, 23685.0, 23775.0, 24015.0, 24124.0, 24195.0, 24263.0, 24353.0, 24443.0, 24800.0, 24868.0, 24936.0, 25079.0, 25296.0, 25549.0, 25639.0, 25795.0, 25906.0, 26019.0, 26282.0, 26442.0, 26661.0, 26729.0, 26797.0, 26887.0, 27000.0, 27068.0, 27136.0, 27925.0, 27204.0, 27294.0, 27384.0, 27857.0, 27474.0, 27564.0, 27993.0, 28061.0, 27654.0, 27744.0, 28129.0, 28242.0, 28341.0, 28437.0, 28550.0, 28916.0, 28618.0, 28690.0, 28780.0, 28848.0]","[-553.0, -256.0, -466.0, -511.0, -521.0, -340.0, -234.0, -114.0, -397.0, -272.0, -321.0, -440.0, -293.0, -154.0, -234.0, -434.0, -325.0, -165.0, -206.0, -495.0, -442.0, 20.0, -570.0, -165.0, -186.0, -449.0, -217.0, -440.0, -149.0, -288.0, -113.0, -402.0, -92.0, -123.0, -532.0, -372.0, -145.0, -484.0, -364.0, -293.0, -260.0, -487.0, -101.0, -211.0, -129.0, -531.0, -207.0, 177.0, 105.0, -108.0, -117.0, 390.0, 269.0, -273.0, -313.0, -425.0, -71.0, -10.0, -255.0, -414.0, -555.0, -480.0, -432.0, -526.0, 226.0, -374.0, -468.0, -76.0, -356.0, -76.0, -325.0, -403.0, -126.0, -426.0, -348.0, -522.0, -70.0, -258.0, -104.0, -70.0, -296.0, -585.0, -181.0, -201.0, -486.0, -384.0, -234.0, -106.0, -143.0, -358.0, -327.0, 81.0, -580.0, -114.0, -257.0, -343.0, 76.0, -139.0, 400.0, -124.0, 70.0, -426.0, -98.0, -259.0, -517.0, -444.0, -155.0, -112.0, -408.0, -156.0, -329.0, -515.0, -438.0, -79.0, -436.0, -51.0, -238.0, -274.0, -234.0, -163.0, -292.0, -156.0, -148.0, -107.0, -317.0, -176.0, -174.0, 61.0, -351.0, -354.0, 64.0, 94.0, 13.0, -152.0, -138.0, 115.0, -554.0, -585.0, -100.0, -166.0, -143.0, -87.0, -113.0, -142.0, -244.0, -509.0, -22.0, 4.0, -377.0, -234.0, -558.0, -379.0, -470.0, -309.0, -201.0, -349.0, -442.0, -67.0, -469.0, -369.0, -79.0, -271.0, -567.0, -103.0, -547.0, -286.0, -510.0, 51.0, -331.0, -190.0, -205.0, -25.0, -34.0, -387.0, -354.0, -161.0, -100.0, -51.0, 32.0, -1.0, -340.0, -104.0, -248.0, 75.0, -597.0, -378.0, -538.0, -513.0, -471.0, -109.0, -75.0, -384.0, -400.0, -272.0, -337.0, -89.0, -366.0, -268.0, -224.0, -225.0, -575.0, -545.0, -467.0, -170.0, -422.0, -145.0, -209.0, -363.0, -272.0, -227.0, -364.0, -521.0, -373.0, -424.0, -304.0, -460.0, -207.0, -410.0, -343.0, -288.0, -355.0, -427.0, -580.0, -353.0, 21.0, -84.0, -524.0, -205.0, -100.0, 561.0, -557.0, -361.0, 13.0, 53.0, -225.0, 108.0, 270.0, 478.0, -142.0, -452.0, -92.0, -552.0, -418.0, -249.0, -285.0, -45.0, -69.0, -458.0, -90.0, -490.0]","[0, 0, 0, 0, 0, 0, 0, 0, 0, 0, 0, 0, 0, 0, 0, 0, 0, 0, 0, 0, 0, 0, 0, 0, 0, 0, 0, 0, 0, 0, 0, 0, 0, 0, 0, 0, 0, 0, 0, 0, 0, 0, 0, 0, 0, 0, 0, 0, 0, 0, 0, 0, 0, 0, 0, 0, 0, 0, 0, 0, 0, 0, 0, 0, 0, 0, 0, 0, 0, 0, 0, 0, 0, 0, 0, 0, 0, 0, 0, 0, 0, 0, 0, 0, 0, 0, 0, 0, 0, 0, 0, 0, 0, 0, 0, 0, 0, 0, 0, 0, 0, 0, 0, 0, 0, 0, 0, 0, 0, 0, 0, 0, 0, 0, 0, 0, 0, 0, 0, 0, 0, 0, 0, 0, 0, 0, 0, 0, 0, 0, 0, 0, 0, 0, 0, 0, 0, 0, 0, 0, 0, 0, 0, 0, 0, 0, 0, 0, 0, 0, 0, 0, 0, 0, 0, 0, 0, 0, 0, 0, 0, 0, 0, 0, 0, 0, 0, 0, 0, 0, 0, 0, 0, 0, 0, 0, 0, 0, 0, 0, 0, 0, 0, 0, 0, 0, 0, 0, 0, 0, 0, 0, 0, 0, 0, 0, 0, 0, 0, 0, 0, 0, 0, 0, 0, 0, 0, 0, 0, 0, 0, 0, 0, 0, 0, 0, 0, 0, 0, 0, 0, 0, 0, 0, 0, 0, 0, 0, 0, 0, 0, 0, 0, 0, 0, 0, 0, 0, 0, 0, 0, 0, 0, 0, 0, 0, 0, 0, 0, 0]",28916.0,103637.78,3724598.0,28916.0,0.9661798477172852,28916.0,28916.0,0.0
cp,12,penalty,2,"[1154.0, 925.0, 1274.0, 1603.0, 1718.0, 1639.0, 1766.0, 1786.0, 2475.0, 2700.0, 2817.0, 3026.0, 2930.0, 3020.0, 3190.0, 3483.0, 3462.0, 3370.0, 3530.0, 3903.0, 3918.0, 3551.0, 4307.0, 4015.0, 4217.0, 4367.0, 4420.0, 4710.0, 4714.0, 4943.0, 4971.0, 5147.0, 5039.0, 5164.0, 5656.0, 5564.0, 5457.0, 5864.0, 5843.0, 5977.0, 5774.0, 6229.0, 5911.0, 6292.0, 6007.0, 6477.0, 6297.0, 6629.0, 6561.0, 6387.0, 6448.0, 6380.0, 6590.0, 6704.0, 6834.0, 7331.0, 7180.0, 7006.0, 7444.0, 7798.0, 8080.0, 8102.0, 8201.0, 8588.0, 8303.0, 8526.0, 8726.0, 8424.0, 8817.0, 8673.0, 8990.0, 9158.0, 9080.0, 9493.0, 9483.0, 9725.0, 9363.0, 9641.0, 9600.0, 10047.0, 10353.0, 10726.0, 10447.0, 10557.0, 10910.0, 10929.0, 10861.0, 10801.0, 11131.0, 11143.0, 11202.0, 11075.0, 11638.0, 11353.0, 11697.0, 11900.0, 11527.0, 11810.0, 11629.0, 11863.0, 11759.0, 12345.0, 12378.0, 12607.0, 12954.0, 13016.0, 12795.0, 12820.0, 13347.0, 13281.0, 13522.0, 13802.0, 13857.0, 13599.0, 14046.0, 13751.0, 14205.0, 14309.0, 14337.0, 14462.0, 14485.0, 14530.0, 14590.0, 14662.0, 14962.0, 14889.0, 14955.0, 14788.0, 15290.0, 15406.0, 15056.0, 15094.0, 15243.0, 15498.0, 15552.0, 15367.0, 16222.0, 16444.0, 16027.0, 16183.0, 16258.0, 16315.0, 16692.0, 16438.0, 16598.0, 17020.0, 16602.0, 16711.0, 17160.0, 17351.0, 17837.0, 17828.0, 18103.0, 18043.0, 18008.0, 18319.0, 18522.0, 18394.0, 18886.0, 18899.0, 18796.0, 19103.0, 19512.0, 19116.0, 19662.0, 19506.0, 19798.0, 19350.0, 19800.0, 19730.0, 19888.0, 19732.0, 19868.0, 20241.0, 20360.0, 20639.0, 20679.0, 20792.0, 20728.0, 20851.0, 21258.0, 21090.0, 21324.0, 21221.0, 21803.0, 21829.0, 22057.0, 22153.0, 22375.0, 22252.0, 22754.0, 22596.0, 22729.0, 22664.0, 22797.0, 22661.0, 23178.0, 23148.0, 23404.0, 23473.0, 24105.0, 24173.0, 24152.0, 23945.0, 24437.0, 24269.0, 24404.0, 24626.0, 24580.0, 24670.0, 25164.0, 25389.0, 25309.0, 25503.0, 25600.0, 26009.0, 25846.0, 26205.0, 26249.0, 26307.0, 26637.0, 26869.0, 27241.0, 27082.0, 26776.0, 26971.0, 27524.0, 27273.0, 27205.0, 27364.0, 27761.0, 27655.0, 27371.0, 27812.0, 27699.0, 27456.0, 27631.0, 27583.0, 27851.0, 28196.0, 28221.0, 28799.0, 28755.0, 28686.0, 28845.0, 28961.0, 28687.0, 29148.0, 28870.0, 29338.0]","[0.0, 0.0, 0.0, 0.0, 0.0, 0.0, 0.0, 27.0, 0.0, 0.0, 0.0, 0.0, -65.0, 0.0, 0.0, -20.0, 0.0, 0.0, 29.0, 0.0, 0.0, 5.0, 0.0, 0.0, 0.0, 0.0, 24.0, 0.0, 0.0, 0.0, 0.0, 0.0, 21.0, 0.0, 0.0, 0.0, 0.0, 0.0, -14.0, 10.0, -47.0, 0.0, 0.0, 0.0, 0.0, 0.0, -59.0, 104.0, 32.0, 28.0, -10.0, 0.0, 21.0, 0.0, 0.0, 0.0, 0.0, 0.0, 0.0, 0.0, 0.0, 0.0, 0.0, 0.0, 0.0, 0.0, 0.0, 0.0, 0.0, 0.0, 0.0, 0.0, 0.0, 0.0, 0.0, 0.0, 0.0, 0.0, 0.0, 0.0, 0.0, -6.0, 0.0, 0.0, 0.0, 8.0, 0.0, 0.0, 0.0, 0.0, 0.0, -15.0, 0.0, 0.0, 18.0, 22.0, 0.0, 0.0, -3.0, 0.0, 0.0, 0.0, 0.0, 0.0, 0.0, 0.0, 0.0, 0.0, 0.0, 0.0, 0.0, 0.0, 0.0, 0.0, 0.0, 0.0, 0.0, 0.0, 0.0, -7.0, 0.0, 0.0, 0.0, 0.0, 0.0, 0.0, 0.0, 0.0, 0.0, 0.0, 0.0, 0.0, 0.0, 0.0, 0.0, 0.0, 0.0, 0.0, 0.0, 0.0, 0.0, 0.0, 0.0, 0.0, -44.0, 0.0, -67.0, 0.0, 0.0, 0.0, 0.0, 0.0, 0.0, 0.0, 0.0, 0.0, 0.0, 0.0, 0.0, 0.0, -25.0, 0.0, 0.0, 0.0, -37.0, 0.0, 0.0, 0.0, 0.0, 3.0, 78.0, -11.0, 48.0, 0.0, 0.0, 0.0, 0.0, 49.0, 0.0, 0.0, 0.0, 0.0, 0.0, 0.0, 0.0, 0.0, 0.0, 0.0, 0.0, 0.0, 16.0, -44.0, 5.0, 0.0, 0.0, -1.0, 0.0, 0.0, 0.0, 0.0, 0.0, 11.0, 0.0, 0.0, 0.0, 0.0, 0.0, 0.0, -45.0, 0.0, 0.0, 0.0, 0.0, 0.0, 0.0, 0.0, 0.0, 0.0, 0.0, 0.0, 0.0, 0.0, 0.0, 0.0, 0.0, 0.0, 0.0, 0.0, -31.0, 0.0, 0.0, 0.0, 0.0, 8.0, 0.0, 0.0, -92.0, 0.0, 55.0, 0.0, 0.0, 5.0, -4.0, 0.0, 10.0, 0.0, 0.0, 0.0, 0.0, 0.0]","[0, 1, 1, 1, 1, 0, 0, 1, 1, 0, 1, 1, 0, 0, 1, 0, 1, 0, 1, 1, 0, 0, 1, 1, 0, 0, 1, 0, 1, 0, 1, 0, 1, 1, 0, 1, 1, 1, 0, 1, 1, 0, 0, 1, 0, 0, 0, 1, 1, 0, 1, 1, 0, 0, 1, 0, 0, 1, 1, 1, 1, 0, 0, 1, 1, 0, 1, 1, 0, 0, 1, 1, 0, 1, 0, 1, 1, 0, 1, 0, 1, 0, 0, 1, 1, 0, 0, 1, 1, 0, 1, 0, 1, 0, 0, 0, 0, 0, 0, 1, 1, 1, 0, 0, 1, 0, 1, 0, 1, 0, 0, 1, 0, 1, 0, 0, 1, 1, 0, 0, 1, 0, 1, 0, 1, 1, 0, 0, 1, 1, 1, 0, 0, 1, 0, 0, 1, 1, 1, 0, 0, 1, 0, 0, 1, 1, 0, 1, 1, 0, 1, 0, 0, 1, 0, 0, 0, 1, 1, 0, 1, 0, 0, 1, 1, 1, 1, 0, 0, 1, 1, 0, 0, 1, 1, 1, 0, 0, 1, 1, 0, 0, 1, 1, 1, 0, 1, 0, 1, 1, 1, 1, 0, 1, 0, 0, 1, 0, 1, 1, 1, 1, 0, 1, 1, 1, 0, 1, 0, 0, 1, 1, 0, 1, 0, 1, 1, 1, 0, 1, 1, 1, 1, 0, 0, 1, 0, 0, 0, 1, 1, 1, 0, 0, 0, 1, 0, 1, 1, 1, 0, 1, 0, 1, 0, 0, 0, 1, 1, 1]",1695.62,1695.6200000000001,3787011.0,29338.0,300.2049329280853,1695.62,804.43,0.5255835623547729
cp,12,total_time,2,"[601.0, 641.0, 808.0, 1092.0, 1197.0, 1299.0, 1532.0, 1628.0, 2078.0, 2428.0, 2495.0, 2524.0, 2702.0, 2866.0, 2921.0, 2979.0, 3034.0, 3102.0, 3118.0, 3344.0, 3372.0, 3454.0, 3737.0, 3747.0, 3889.0, 3899.0, 4179.0, 4270.0, 4565.0, 4605.0, 4678.0, 4695.0, 4746.0, 5041.0, 5124.0, 5157.0, 5312.0, 5359.0, 5380.0, 5506.0, 5539.0, 5657.0, 5705.0, 5725.0, 5859.0, 5911.0, 6087.0, 6119.0, 6213.0, 6251.0, 6281.0, 6432.0, 6364.0, 6371.0, 6486.0, 6764.0, 6799.0, 6922.0, 7189.0, 7384.0, 7525.0, 7622.0, 7769.0, 8062.0, 8108.0, 8152.0, 8258.0, 8272.0, 8371.0, 8522.0, 8625.0, 8689.0, 8954.0, 9034.0, 9122.0, 9146.0, 9270.0, 9326.0, 9398.0, 9977.0, 10057.0, 10138.0, 10266.0, 10316.0, 10411.0, 10524.0, 10488.0, 10627.0, 10660.0, 10717.0, 10773.0, 11018.0, 11058.0, 11182.0, 11422.0, 11433.0, 11501.0, 11535.0, 11569.0, 11603.0, 11687.0, 11782.0, 12280.0, 12308.0, 12437.0, 12472.0, 12621.0, 12672.0, 12939.0, 13125.0, 13187.0, 13287.0, 13419.0, 13520.0, 13588.0, 13619.0, 13967.0, 14034.0, 14083.0, 14120.0, 14173.0, 14373.0, 14374.0, 14441.0, 14487.0, 14543.0, 14647.0, 14687.0, 14715.0, 14854.0, 14878.0, 15002.0, 15024.0, 15092.0, 15114.0, 15238.0, 15668.0, 15859.0, 15902.0, 15965.0, 16115.0, 16147.0, 16279.0, 16292.0, 16398.0, 16461.0, 16557.0, 16606.0, 16732.0, 17117.0, 17279.0, 17449.0, 17633.0, 17734.0, 17807.0, 17970.0, 18080.0, 18327.0, 18329.0, 18452.0, 18742.0, 18745.0, 18923.0, 19002.0, 19152.0, 19196.0, 19220.0, 19278.0, 19333.0, 19365.0, 19487.0, 19541.0, 19723.0, 19843.0, 20006.0, 20478.0, 20579.0, 20617.0, 20685.0, 20697.0, 20889.0, 20907.0, 21042.0, 21138.0, 21206.0, 21451.0, 21518.0, 21640.0, 21904.0, 22143.0, 22149.0, 22217.0, 22257.0, 22292.0, 22325.0, 22513.0, 22812.0, 22844.0, 23180.0, 23228.0, 23530.0, 23617.0, 23685.0, 23631.0, 24015.0, 24124.0, 24195.0, 24223.0, 24324.0, 24393.0, 24800.0, 24828.0, 24920.0, 25079.0, 25296.0, 25549.0, 25606.0, 25795.0, 25906.0, 25908.0, 26282.0, 26442.0, 26661.0, 26670.0, 26729.0, 26880.0, 26926.0, 26993.0, 26994.0, 27135.0, 27163.0, 27203.0, 27286.0, 27316.0, 27376.0, 27466.0, 27396.0, 27464.0, 27532.0, 27670.0, 27947.0, 28204.0, 28341.0, 28437.0, 28526.0, 28595.0, 28598.0, 28690.0, 28725.0, 28829.0]","[-553.0, -284.0, -466.0, -511.0, -521.0, -340.0, -234.0, -131.0, -397.0, -272.0, -322.0, -502.0, -293.0, -154.0, -269.0, -524.0, -428.0, -268.0, -383.0, -559.0, -546.0, -92.0, -570.0, -268.0, -328.0, -468.0, -217.0, -440.0, -149.0, -338.0, -293.0, -452.0, -272.0, -123.0, -532.0, -407.0, -145.0, -505.0, -477.0, -461.0, -282.0, -572.0, -206.0, -567.0, -148.0, -566.0, -269.0, -406.0, -316.0, -108.0, -177.0, 52.0, -205.0, -333.0, -348.0, -567.0, -381.0, -84.0, -255.0, -414.0, -555.0, -480.0, -432.0, -526.0, -195.0, -374.0, -468.0, -152.0, -446.0, -151.0, -365.0, -469.0, -126.0, -459.0, -361.0, -579.0, -93.0, -315.0, -202.0, -70.0, -296.0, -594.0, -181.0, -241.0, -499.0, -397.0, -373.0, -174.0, -471.0, -426.0, -429.0, -72.0, -580.0, -171.0, -257.0, -445.0, -26.0, -275.0, -63.0, -260.0, -72.0, -563.0, -98.0, -299.0, -517.0, -544.0, -174.0, -148.0, -408.0, -156.0, -335.0, -515.0, -438.0, -79.0, -458.0, -132.0, -238.0, -275.0, -254.0, -349.0, -312.0, -157.0, -216.0, -221.0, -475.0, -346.0, -308.0, -101.0, -575.0, -552.0, -178.0, -92.0, -219.0, -406.0, -438.0, -129.0, -554.0, -585.0, -125.0, -218.0, -143.0, -168.0, -413.0, -146.0, -244.0, -559.0, -112.0, -105.0, -428.0, -234.0, -558.0, -379.0, -470.0, -309.0, -201.0, -349.0, -442.0, -67.0, -557.0, -447.0, -79.0, -358.0, -589.0, -114.0, -547.0, -310.0, -578.0, -72.0, -467.0, -362.0, -323.0, -202.0, -97.0, -398.0, -354.0, -161.0, -100.0, -126.0, -43.0, -154.0, -369.0, -183.0, -282.0, -83.0, -597.0, -378.0, -539.0, -513.0, -471.0, -109.0, -589.0, -423.0, -467.0, -372.0, -472.0, -149.0, -366.0, -304.0, -224.0, -245.0, -575.0, -545.0, -467.0, -314.0, -422.0, -145.0, -209.0, -403.0, -301.0, -277.0, -364.0, -561.0, -389.0, -424.0, -304.0, -460.0, -240.0, -410.0, -343.0, -399.0, -355.0, -427.0, -580.0, -412.0, -47.0, -91.0, -598.0, -280.0, -242.0, -229.0, -598.0, -452.0, -85.0, -488.0, -323.0, 10.0, -327.0, -119.0, -264.0, -526.0, -274.0, -590.0, -418.0, -249.0, -309.0, -366.0, -89.0, -458.0, -145.0, -509.0]","[0, 1, 1, 1, 1, 1, 1, 0, 0, 0, 1, 0, 0, 1, 0, 1, 0, 1, 0, 1, 0, 1, 0, 1, 0, 1, 0, 1, 0, 1, 0, 1, 0, 0, 0, 1, 1, 0, 1, 1, 0, 1, 0, 1, 1, 0, 1, 0, 1, 0, 1, 0, 0, 1, 1, 1, 0, 0, 0, 1, 0, 1, 0, 1, 0, 1, 0, 1, 0, 1, 0, 1, 0, 1, 0, 1, 1, 0, 1, 0, 1, 0, 0, 1, 0, 0, 1, 1, 0, 1, 0, 0, 1, 1, 1, 0, 0, 1, 0, 1, 0, 1, 1, 0, 0, 1, 0, 1, 0, 0, 1, 1, 0, 0, 1, 0, 0, 1, 0, 1, 0, 1, 0, 1, 0, 1, 0, 1, 0, 1, 0, 1, 0, 1, 0, 1, 1, 1, 0, 1, 0, 1, 1, 0, 1, 0, 1, 0, 0, 0, 0, 1, 0, 1, 0, 0, 0, 1, 0, 1, 1, 0, 0, 1, 1, 0, 1, 0, 1, 0, 1, 0, 0, 1, 0, 0, 1, 0, 0, 1, 1, 0, 1, 0, 0, 1, 0, 0, 0, 1, 0, 0, 1, 0, 1, 1, 1, 0, 1, 0, 0, 1, 1, 0, 0, 0, 1, 0, 0, 1, 1, 0, 0, 1, 1, 1, 0, 1, 0, 1, 1, 0, 0, 1, 0, 1, 0, 1, 0, 0, 1, 0, 1, 0, 1, 1, 0, 0, 0, 0, 0, 0, 0, 0, 1, 0, 1, 1, 0, 0]",3704776.0,121995.64,3704776.0,28829.0,10.29803991317749,3704776.0,3704776.0,0.0
cp,12,makespan,2,"[601.0, 921.0, 989.0, 2880.0, 1197.0, 2948.0, 3038.0, 3151.0, 3219.0, 3332.0, 4230.0, 3400.0, 3468.0, 3558.0, 3648.0, 4501.0, 3761.0, 3829.0, 3919.0, 4032.0, 4998.0, 5220.0, 4100.0, 5469.0, 4320.0, 4388.0, 4569.0, 4659.0, 4727.0, 4817.0, 4930.0, 5066.0, 6356.0, 5288.0, 5356.0, 5537.0, 6424.0, 6492.0, 6605.0, 6695.0, 6763.0, 6876.0, 6944.0, 7034.0, 7102.0, 7170.0, 7260.0, 7395.0, 7666.0, 7463.0, 7553.0, 7734.0, 7802.0, 8075.0, 7870.0, 8165.0, 8565.0, 8633.0, 8972.0, 9108.0, 9176.0, 9244.0, 9312.0, 9380.0, 9515.0, 9583.0, 9673.0, 9763.0, 10048.0, 10116.0, 10184.0, 10274.0, 10364.0, 10477.0, 10545.0, 10613.0, 10703.0, 10793.0, 11191.0, 11462.0, 11530.0, 11620.0, 11733.0, 11823.0, 11891.0, 12004.0, 12094.0, 12162.0, 12339.0, 12407.0, 12497.0, 12610.0, 12678.0, 12791.0, 12859.0, 12972.0, 13040.0, 13108.0, 13198.0, 13266.0, 13482.0, 13572.0, 13685.0, 13753.0, 13821.0, 13956.0, 12621.0, 14024.0, 13290.0, 14160.0, 14827.0, 14895.0, 14985.0, 15075.0, 15165.0, 15255.0, 15368.0, 15436.0, 15504.0, 15617.0, 15685.0, 15798.0, 15866.0, 15979.0, 16069.0, 16137.0, 16205.0, 16273.0, 16363.0, 16476.0, 16544.0, 16612.0, 16680.0, 16770.0, 16890.0, 16958.0, 17026.0, 17094.0, 17162.0, 17252.0, 17320.0, 17433.0, 17523.0, 17591.0, 17681.0, 17991.0, 18059.0, 18127.0, 18195.0, 18285.0, 18398.0, 18466.0, 19377.0, 19513.0, 19445.0, 19581.0, 19649.0, 19717.0, 19807.0, 19920.0, 19988.0, 20078.0, 20191.0, 20259.0, 20567.0, 20327.0, 20395.0, 20635.0, 20703.0, 20771.0, 20997.0, 20861.0, 20929.0, 21110.0, 21767.0, 21880.0, 21948.0, 22196.0, 22264.0, 22354.0, 22422.0, 22490.0, 22580.0, 22715.0, 22783.0, 22873.0, 23265.0, 23423.0, 23626.0, 22941.0, 23076.0, 23830.0, 23144.0, 23333.0, 23513.0, 23694.0, 23762.0, 24622.0, 24690.0, 24758.0, 24848.0, 24916.0, 24984.0, 25074.0, 25142.0, 25210.0, 25928.0, 25368.0, 25278.0, 25458.0, 24800.0, 25593.0, 25661.0, 25996.0, 26109.0, 26539.0, 26177.0, 26290.0, 26358.0, 26471.0, 26629.0, 26742.0, 26832.0, 26900.0, 26968.0, 27058.0, 27171.0, 27239.0, 27758.0, 27329.0, 27397.0, 27487.0, 27577.0, 27690.0, 27826.0, 27916.0, 28097.0, 28029.0, 28255.0, 28165.0, 28345.0, 28204.0, 28548.0, 28437.0, 28550.0, 28758.0, 28618.0, 28690.0, 28725.0, 28829.0]","[-553.0, -4.0, -285.0, 1277.0, -521.0, 1309.0, 1272.0, 1392.0, 744.0, 632.0, 1413.0, 374.0, 473.0, 538.0, 458.0, 998.0, 299.0, 459.0, 418.0, 129.0, 1080.0, 1674.0, -207.0, 1454.0, 103.0, 21.0, 173.0, -51.0, 13.0, -126.0, -41.0, -81.0, 1338.0, 124.0, -300.0, -27.0, 967.0, 628.0, 748.0, 728.0, 942.0, 647.0, 1033.0, 742.0, 1095.0, 693.0, 904.0, 870.0, 1137.0, 1104.0, 1095.0, 1354.0, 1233.0, 1371.0, 1036.0, 834.0, 1385.0, 1627.0, 1528.0, 1310.0, 1096.0, 1142.0, 1111.0, 792.0, 1212.0, 1057.0, 947.0, 1339.0, 1231.0, 1443.0, 1194.0, 1116.0, 1284.0, 984.0, 1062.0, 888.0, 1340.0, 1152.0, 1591.0, 1415.0, 1177.0, 888.0, 1286.0, 1266.0, 981.0, 1083.0, 1233.0, 1361.0, 1208.0, 1264.0, 1295.0, 1520.0, 1040.0, 1438.0, 1180.0, 1094.0, 1513.0, 1298.0, 1566.0, 1403.0, 1723.0, 1227.0, 1307.0, 1146.0, 867.0, 940.0, -174.0, 1204.0, -57.0, 879.0, 1305.0, 1093.0, 1128.0, 1476.0, 1119.0, 1504.0, 1163.0, 1127.0, 1167.0, 1148.0, 1200.0, 1268.0, 1276.0, 1317.0, 1107.0, 1248.0, 1250.0, 1485.0, 1073.0, 1070.0, 1488.0, 1518.0, 1437.0, 1272.0, 1338.0, 1591.0, 804.0, 650.0, 1135.0, 1069.0, 1062.0, 1118.0, 831.0, 1153.0, 1039.0, 971.0, 1390.0, 1416.0, 1035.0, 934.0, 561.0, 638.0, 1274.0, 1470.0, 1437.0, 1262.0, 1127.0, 1323.0, 921.0, 1021.0, 1167.0, 975.0, 679.0, 1143.0, 868.0, 821.0, 597.0, 1285.0, 903.0, 1044.0, 1187.0, 1118.0, 1109.0, 869.0, 1407.0, 1241.0, 1269.0, 1453.0, 1536.0, 1503.0, 1164.0, 1400.0, 1256.0, 1494.0, 980.0, 1044.0, 1208.0, 1270.0, 1251.0, 689.0, 338.0, 1190.0, 420.0, 669.0, 716.0, 1032.0, 584.0, 1474.0, 1286.0, 1285.0, 743.0, 754.0, 832.0, 1129.0, 705.0, 941.0, 1524.0, 742.0, 653.0, 788.0, -364.0, 204.0, 352.0, 493.0, 509.0, 530.0, 331.0, 85.0, 109.0, 164.0, -8.0, -127.0, -409.0, -182.0, 192.0, 87.0, -353.0, -34.0, 522.0, -35.0, -364.0, -168.0, 206.0, -114.0, 127.0, 460.0, 374.0, 446.0, 459.0, -31.0, 124.0, -590.0, -211.0, -249.0, -285.0, -203.0, -69.0, -458.0, -145.0, -509.0]","[0, 0, 0, 0, 0, 0, 0, 0, 0, 0, 0, 0, 0, 0, 0, 0, 0, 0, 0, 0, 0, 0, 0, 0, 0, 0, 0, 0, 0, 0, 0, 0, 0, 0, 0, 0, 0, 0, 0, 0, 0, 0, 0, 0, 0, 0, 0, 0, 0, 0, 0, 0, 0, 0, 0, 0, 0, 0, 0, 0, 0, 0, 0, 0, 0, 0, 0, 0, 0, 0, 0, 0, 0, 0, 0, 0, 0, 0, 0, 0, 0, 0, 0, 0, 0, 0, 0, 0, 0, 0, 0, 0, 0, 0, 0, 0, 0, 0, 0, 0, 0, 0, 0, 0, 0, 0, 1, 0, 1, 0, 0, 0, 0, 0, 0, 0, 0, 0, 0, 0, 0, 0, 0, 0, 0, 0, 0, 0, 0, 0, 0, 0, 0, 0, 0, 0, 0, 0, 0, 0, 0, 0, 0, 0, 0, 0, 0, 0, 0, 0, 0, 0, 0, 0, 0, 0, 0, 0, 0, 0, 0, 0, 0, 0, 0, 0, 0, 0, 0, 0, 0, 0, 0, 0, 0, 0, 0, 0, 0, 0, 0, 0, 0, 0, 0, 0, 0, 0, 0, 0, 0, 0, 0, 0, 0, 0, 0, 0, 0, 0, 0, 0, 0, 0, 0, 0, 0, 0, 0, 0, 1, 0, 0, 0, 0, 0, 0, 0, 0, 0, 0, 0, 0, 0, 0, 0, 0, 0, 0, 0, 0, 0, 0, 0, 0, 0, 0, 0, 0, 0, 0, 1, 1, 0, 0, 0, 0, 0, 1, 1]",28829.0,333662.95,3996963.0,28829.0,0.4970529079437256,28829.0,28829.0,0.0
cp,12,penalty,3,"[1154.0, 925.0, 1274.0, 1603.0, 1718.0, 1639.0, 1766.0, 1759.0, 2475.0, 2700.0, 2817.0, 3026.0, 2995.0, 3020.0, 3190.0, 3503.0, 3462.0, 3370.0, 3501.0, 3903.0, 3918.0, 3546.0, 4307.0, 4015.0, 4217.0, 4367.0, 4396.0, 4710.0, 4714.0, 4943.0, 4971.0, 5147.0, 5018.0, 5164.0, 5656.0, 5564.0, 5457.0, 5864.0, 5843.0, 5967.0, 5821.0, 6229.0, 5911.0, 6292.0, 6007.0, 6477.0, 6356.0, 6597.0, 6529.0, 6359.0, 6456.0, 6380.0, 6569.0, 6704.0, 6834.0, 7331.0, 7180.0, 7006.0, 7444.0, 7798.0, 8080.0, 8102.0, 8201.0, 8588.0, 8303.0, 8526.0, 8726.0, 8424.0, 8817.0, 8673.0, 8990.0, 9158.0, 9080.0, 9493.0, 9483.0, 9725.0, 9363.0, 9641.0, 9600.0, 10047.0, 10353.0, 10732.0, 10447.0, 10557.0, 10910.0, 10921.0, 10861.0, 10801.0, 11131.0, 11143.0, 11202.0, 11090.0, 11638.0, 11353.0, 11679.0, 11878.0, 11527.0, 11810.0, 11632.0, 11863.0, 11759.0, 12345.0, 12378.0, 12607.0, 12954.0, 13016.0, 12795.0, 12820.0, 13347.0, 13281.0, 13522.0, 13802.0, 13857.0, 13599.0, 14046.0, 13751.0, 14205.0, 14309.0, 14337.0, 14469.0, 14485.0, 14530.0, 14590.0, 14662.0, 14962.0, 14889.0, 14955.0, 14788.0, 15290.0, 15406.0, 15056.0, 15094.0, 15243.0, 15498.0, 15552.0, 15367.0, 16222.0, 16444.0, 16027.0, 16183.0, 16258.0, 16315.0, 16692.0, 16438.0, 16642.0, 17020.0, 16643.0, 16711.0, 17160.0, 17351.0, 17837.0, 17828.0, 18103.0, 18043.0, 18008.0, 18319.0, 18522.0, 18394.0, 18886.0, 18899.0, 18821.0, 19103.0, 19512.0, 19116.0, 19699.0, 19506.0, 19798.0, 19350.0, 19767.0, 19727.0, 19810.0, 19742.0, 19835.0, 20241.0, 20360.0, 20639.0, 20679.0, 20743.0, 20728.0, 20851.0, 21258.0, 21090.0, 21324.0, 21221.0, 21803.0, 21829.0, 22057.0, 22153.0, 22375.0, 22252.0, 22738.0, 22640.0, 22730.0, 22664.0, 22797.0, 22662.0, 23178.0, 23148.0, 23404.0, 23473.0, 24105.0, 24162.0, 24152.0, 23945.0, 24437.0, 24269.0, 24404.0, 24626.0, 24625.0, 24670.0, 25164.0, 25389.0, 25309.0, 25503.0, 25600.0, 26009.0, 25846.0, 26205.0, 26249.0, 26307.0, 26637.0, 26869.0, 27241.0, 27082.0, 26776.0, 26971.0, 27524.0, 27273.0, 27236.0, 27364.0, 27761.0, 27655.0, 27371.0, 27804.0, 27699.0, 27456.0, 27723.0, 27583.0, 27796.0, 28196.0, 28221.0, 28794.0, 28759.0, 28686.0, 28835.0, 28961.0, 28687.0, 29148.0, 28870.0, 29338.0]","[0.0, 0.0, 0.0, 0.0, 0.0, 0.0, 0.0, 0.0, 0.0, 0.0, 0.0, 0.0, 0.0, 0.0, 0.0, 0.0, 0.0, 0.0, 0.0, 0.0, 0.0, 0.0, 0.0, 0.0, 0.0, 0.0, 0.0, 0.0, 0.0, 0.0, 0.0, 0.0, 0.0, 0.0, 0.0, 0.0, 0.0, 0.0, -14.0, 0.0, 0.0, 0.0, 0.0, 0.0, 0.0, 0.0, 0.0, 72.0, 0.0, 0.0, -2.0, 0.0, 0.0, 0.0, 0.0, 0.0, 0.0, 0.0, 0.0, 0.0, 0.0, 0.0, 0.0, 0.0, 0.0, 0.0, 0.0, 0.0, 0.0, 0.0, 0.0, 0.0, 0.0, 0.0, 0.0, 0.0, 0.0, 0.0, 0.0, 0.0, 0.0, 0.0, 0.0, 0.0, 0.0, 0.0, 0.0, 0.0, 0.0, 0.0, 0.0, 0.0, 0.0, 0.0, 0.0, 0.0, 0.0, 0.0, 0.0, 0.0, 0.0, 0.0, 0.0, 0.0, 0.0, 0.0, 0.0, 0.0, 0.0, 0.0, 0.0, 0.0, 0.0, 0.0, 0.0, 0.0, 0.0, 0.0, 0.0, 0.0, 0.0, 0.0, 0.0, 0.0, 0.0, 0.0, 0.0, 0.0, 0.0, 0.0, 0.0, 0.0, 0.0, 0.0, 0.0, 0.0, 0.0, 0.0, 0.0, 0.0, 0.0, 0.0, 0.0, 0.0, 0.0, 0.0, -26.0, 0.0, 0.0, 0.0, 0.0, 0.0, 0.0, 0.0, 0.0, 0.0, 0.0, 0.0, 0.0, 0.0, 0.0, 0.0, 0.0, 0.0, 0.0, 0.0, 0.0, 0.0, -33.0, 0.0, 0.0, -1.0, 15.0, 0.0, 0.0, 0.0, 0.0, 0.0, 0.0, 0.0, 0.0, 0.0, 0.0, 0.0, 0.0, 0.0, 0.0, 0.0, 0.0, 0.0, 0.0, 0.0, 6.0, 0.0, 0.0, 0.0, 0.0, 0.0, 0.0, 0.0, 0.0, 0.0, 0.0, 0.0, 0.0, 0.0, 0.0, 0.0, 0.0, 0.0, 0.0, 0.0, 0.0, 0.0, 0.0, 0.0, 0.0, 0.0, 0.0, 0.0, 0.0, 0.0, 0.0, 0.0, 0.0, 0.0, 0.0, 0.0, 0.0, 0.0, 0.0, 0.0, 0.0, 0.0, 0.0, 0.0, 0.0, 0.0, 0.0, 0.0, 0.0, 0.0, 0.0, 0.0, 0.0, 0.0, 0.0, 0.0, 0.0, 0.0]","[0, 1, 2, 2, 1, 0, 2, 0, 1, 0, 0, 2, 1, 0, 0, 2, 1, 0, 0, 2, 1, 1, 1, 0, 2, 0, 2, 2, 0, 2, 1, 2, 0, 1, 1, 0, 0, 2, 1, 0, 0, 2, 1, 1, 2, 0, 0, 2, 2, 2, 1, 1, 1, 1, 0, 0, 0, 0, 0, 0, 2, 1, 1, 2, 0, 0, 2, 1, 0, 1, 0, 1, 0, 1, 2, 0, 2, 1, 0, 0, 0, 2, 1, 2, 2, 0, 1, 0, 2, 1, 2, 0, 2, 0, 1, 2, 0, 0, 0, 1, 2, 1, 2, 0, 2, 1, 1, 0, 2, 1, 0, 1, 2, 1, 0, 2, 2, 0, 1, 1, 2, 0, 2, 1, 2, 2, 0, 1, 2, 0, 1, 0, 0, 0, 2, 1, 2, 1, 0, 1, 0, 2, 1, 0, 0, 1, 2, 2, 2, 0, 1, 0, 2, 1, 0, 0, 2, 1, 2, 0, 1, 0, 2, 1, 1, 1, 2, 1, 1, 2, 0, 0, 1, 0, 0, 0, 1, 2, 0, 0, 0, 0, 1, 2, 2, 1, 2, 0, 1, 1, 2, 2, 0, 1, 1, 0, 2, 0, 1, 2, 1, 2, 0, 0, 1, 2, 2, 1, 2, 0, 0, 2, 0, 1, 2, 1, 2, 0, 2, 1, 0, 1, 1, 2, 2, 0, 1, 2, 0, 2, 2, 2, 0, 1, 0, 2, 1, 0, 0, 1, 2, 2, 0, 1, 1, 0, 2, 1, 0, 0]",221.97,221.97,3787038.0,29338.0,9.38515305519104,221.97,221.97,0.0
cp,12,total_time,3,"[601.0, 641.0, 808.0, 1092.0, 1197.0, 1299.0, 1532.0, 1628.0, 2078.0, 2428.0, 2495.0, 2524.0, 2702.0, 2866.0, 2921.0, 2961.0, 3004.0, 3102.0, 3118.0, 3344.0, 3372.0, 3454.0, 3737.0, 3747.0, 3889.0, 3899.0, 4179.0, 4270.0, 4565.0, 4605.0, 4670.0, 4695.0, 4694.0, 5041.0, 5124.0, 5157.0, 5312.0, 5359.0, 5365.0, 5506.0, 5539.0, 5657.0, 5705.0, 5719.0, 5859.0, 5911.0, 6087.0, 6119.0, 6213.0, 6251.0, 6256.0, 6315.0, 6369.0, 6341.0, 6486.0, 6764.0, 6799.0, 6922.0, 7189.0, 7384.0, 7525.0, 7622.0, 7769.0, 8062.0, 8108.0, 8150.0, 8258.0, 8272.0, 8302.0, 8522.0, 8625.0, 8689.0, 8954.0, 9034.0, 9122.0, 9146.0, 9270.0, 9326.0, 9398.0, 9977.0, 10057.0, 10138.0, 10266.0, 10316.0, 10411.0, 10473.0, 10488.0, 10627.0, 10660.0, 10711.0, 10773.0, 11018.0, 11058.0, 11182.0, 11422.0, 11433.0, 11444.0, 11501.0, 11547.0, 11570.0, 11687.0, 11782.0, 12280.0, 12308.0, 12437.0, 12472.0, 12621.0, 12672.0, 12939.0, 13125.0, 13187.0, 13287.0, 13419.0, 13520.0, 13588.0, 13619.0, 13967.0, 14034.0, 14083.0, 14120.0, 14129.0, 14373.0, 14374.0, 14441.0, 14410.0, 14543.0, 14647.0, 14687.0, 14710.0, 14854.0, 14878.0, 15002.0, 15024.0, 15054.0, 15098.0, 15238.0, 15668.0, 15859.0, 15902.0, 15965.0, 16115.0, 16147.0, 16279.0, 16292.0, 16398.0, 16461.0, 16557.0, 16606.0, 16732.0, 17117.0, 17279.0, 17449.0, 17633.0, 17734.0, 17807.0, 17970.0, 18080.0, 18327.0, 18329.0, 18452.0, 18742.0, 18745.0, 18923.0, 19002.0, 19152.0, 19196.0, 19205.0, 19278.0, 19306.0, 19365.0, 19487.0, 19541.0, 19723.0, 19843.0, 20006.0, 20478.0, 20579.0, 20617.0, 20652.0, 20697.0, 20889.0, 20907.0, 21042.0, 21138.0, 21206.0, 21451.0, 21518.0, 21640.0, 21904.0, 22143.0, 22149.0, 22162.0, 22257.0, 22292.0, 22314.0, 22513.0, 22812.0, 22844.0, 23180.0, 23228.0, 23530.0, 23617.0, 23624.0, 23631.0, 24015.0, 24124.0, 24195.0, 24223.0, 24324.0, 24393.0, 24800.0, 24828.0, 24920.0, 25079.0, 25296.0, 25549.0, 25606.0, 25795.0, 25906.0, 25908.0, 26282.0, 26442.0, 26661.0, 26670.0, 26706.0, 26880.0, 26926.0, 26930.0, 26993.0, 27135.0, 27163.0, 27180.0, 27286.0, 27297.0, 27308.0, 27376.0, 27396.0, 27461.0, 27506.0, 27670.0, 27947.0, 28204.0, 28341.0, 28437.0, 28526.0, 28595.0, 28598.0, 28690.0, 28725.0, 28829.0]","[-553.0, -284.0, -466.0, -511.0, -521.0, -340.0, -234.0, -131.0, -397.0, -272.0, -322.0, -502.0, -293.0, -154.0, -269.0, -542.0, -458.0, -268.0, -383.0, -559.0, -546.0, -92.0, -570.0, -268.0, -328.0, -468.0, -217.0, -440.0, -149.0, -338.0, -301.0, -452.0, -324.0, -123.0, -532.0, -407.0, -145.0, -505.0, -492.0, -461.0, -282.0, -572.0, -206.0, -573.0, -148.0, -566.0, -269.0, -406.0, -316.0, -108.0, -202.0, -65.0, -200.0, -363.0, -348.0, -567.0, -381.0, -84.0, -255.0, -414.0, -555.0, -480.0, -432.0, -526.0, -195.0, -376.0, -468.0, -152.0, -515.0, -151.0, -365.0, -469.0, -126.0, -459.0, -361.0, -579.0, -93.0, -315.0, -202.0, -70.0, -296.0, -594.0, -181.0, -241.0, -499.0, -448.0, -373.0, -174.0, -471.0, -432.0, -429.0, -72.0, -580.0, -171.0, -257.0, -445.0, -83.0, -309.0, -85.0, -293.0, -72.0, -563.0, -98.0, -299.0, -517.0, -544.0, -174.0, -148.0, -408.0, -156.0, -335.0, -515.0, -438.0, -79.0, -458.0, -132.0, -238.0, -275.0, -254.0, -349.0, -356.0, -157.0, -216.0, -221.0, -552.0, -346.0, -308.0, -101.0, -580.0, -552.0, -178.0, -92.0, -219.0, -444.0, -454.0, -129.0, -554.0, -585.0, -125.0, -218.0, -143.0, -168.0, -413.0, -146.0, -244.0, -559.0, -112.0, -105.0, -428.0, -234.0, -558.0, -379.0, -470.0, -309.0, -201.0, -349.0, -442.0, -67.0, -557.0, -447.0, -79.0, -358.0, -589.0, -114.0, -547.0, -310.0, -593.0, -72.0, -494.0, -362.0, -323.0, -202.0, -97.0, -398.0, -354.0, -161.0, -100.0, -126.0, -76.0, -154.0, -369.0, -183.0, -282.0, -83.0, -597.0, -378.0, -539.0, -513.0, -471.0, -109.0, -589.0, -478.0, -467.0, -372.0, -483.0, -149.0, -366.0, -304.0, -224.0, -245.0, -575.0, -545.0, -528.0, -314.0, -422.0, -145.0, -209.0, -403.0, -301.0, -277.0, -364.0, -561.0, -389.0, -424.0, -304.0, -460.0, -240.0, -410.0, -343.0, -399.0, -355.0, -427.0, -580.0, -412.0, -70.0, -91.0, -598.0, -343.0, -243.0, -229.0, -598.0, -475.0, -85.0, -507.0, -391.0, -80.0, -327.0, -122.0, -290.0, -526.0, -274.0, -590.0, -418.0, -249.0, -309.0, -366.0, -89.0, -458.0, -145.0, -509.0]","[0, 1, 2, 1, 0, 1, 0, 2, 0, 2, 0, 2, 1, 2, 0, 1, 2, 0, 1, 1, 0, 2, 0, 1, 0, 2, 2, 0, 0, 2, 1, 2, 0, 0, 1, 0, 2, 1, 0, 1, 0, 2, 1, 0, 0, 1, 1, 0, 1, 0, 2, 1, 2, 0, 0, 0, 1, 1, 2, 0, 1, 2, 2, 0, 2, 1, 0, 1, 2, 2, 0, 1, 1, 0, 0, 2, 1, 0, 2, 0, 1, 0, 2, 0, 0, 2, 1, 2, 0, 1, 0, 0, 1, 0, 1, 0, 2, 0, 2, 1, 1, 0, 0, 2, 2, 1, 1, 0, 0, 2, 1, 1, 1, 2, 1, 0, 0, 2, 1, 2, 0, 2, 0, 2, 1, 2, 1, 0, 2, 2, 0, 1, 0, 2, 1, 0, 2, 2, 0, 1, 1, 0, 2, 0, 0, 1, 1, 0, 2, 2, 1, 2, 0, 0, 2, 1, 2, 0, 1, 2, 0, 1, 2, 2, 2, 0, 1, 0, 2, 1, 0, 1, 0, 0, 2, 2, 1, 0, 2, 1, 0, 1, 1, 0, 2, 0, 1, 1, 0, 1, 2, 0, 1, 2, 0, 2, 2, 0, 0, 2, 1, 1, 2, 0, 0, 2, 0, 1, 1, 0, 0, 2, 1, 1, 2, 1, 0, 1, 2, 0, 2, 0, 1, 2, 0, 0, 1, 2, 0, 1, 2, 0, 0, 1, 2, 0, 1, 2, 1, 1, 1, 0, 2, 0, 2, 0, 2, 2, 0, 2]",3703508.0,123685.45,3703508.0,28829.0,1.0319688320159912,3703508.0,3703508.0,0.0
cp,12,makespan,3,"[601.0, 669.0, 808.0, 1092.0, 1197.0, 1299.0, 1532.0, 1628.0, 2078.0, 2428.0, 2496.0, 2524.0, 2702.0, 2866.0, 2921.0, 3034.0, 3004.0, 3102.0, 3118.0, 3344.0, 3372.0, 3462.0, 3737.0, 3747.0, 3889.0, 3957.0, 4179.0, 4270.0, 4565.0, 4605.0, 4718.0, 4678.0, 4791.0, 5041.0, 5124.0, 5192.0, 5312.0, 5359.0, 5365.0, 5506.0, 5539.0, 5657.0, 5705.0, 5719.0, 5859.0, 5911.0, 6087.0, 6222.0, 6213.0, 6290.0, 6281.0, 6315.0, 6403.0, 6371.0, 6486.0, 6764.0, 6799.0, 6922.0, 7189.0, 7384.0, 7525.0, 7622.0, 7769.0, 8062.0, 8108.0, 8150.0, 8258.0, 8348.0, 8302.0, 8522.0, 8625.0, 8715.0, 8954.0, 9067.0, 9135.0, 9203.0, 9293.0, 9383.0, 9398.0, 9977.0, 10057.0, 10138.0, 10266.0, 10316.0, 10411.0, 10524.0, 10488.0, 10627.0, 10660.0, 10717.0, 10807.0, 11018.0, 11058.0, 11182.0, 11422.0, 11535.0, 11603.0, 11465.0, 11547.0, 11615.0, 11705.0, 11782.0, 12280.0, 12348.0, 12437.0, 12572.0, 12640.0, 12708.0, 12939.0, 13125.0, 13187.0, 13287.0, 13419.0, 13520.0, 13588.0, 13619.0, 13967.0, 14034.0, 14102.0, 14215.0, 14129.0, 14373.0, 14374.0, 14487.0, 14577.0, 14645.0, 14647.0, 14713.0, 14715.0, 14854.0, 14878.0, 15002.0, 15024.0, 15114.0, 15098.0, 15238.0, 15668.0, 15859.0, 15902.0, 15992.0, 16115.0, 16147.0, 16279.0, 16292.0, 16398.0, 16511.0, 16557.0, 16606.0, 16732.0, 17117.0, 17279.0, 17449.0, 17633.0, 17734.0, 17807.0, 17970.0, 18080.0, 18327.0, 18329.0, 18452.0, 18742.0, 18832.0, 18923.0, 19002.0, 19152.0, 19220.0, 19205.0, 19278.0, 19318.0, 19365.0, 19487.0, 19541.0, 19723.0, 19843.0, 20006.0, 20478.0, 20579.0, 20692.0, 20652.0, 20782.0, 20889.0, 20957.0, 21042.0, 21138.0, 21206.0, 21451.0, 21519.0, 21640.0, 21904.0, 22143.0, 22149.0, 22256.0, 22324.0, 22392.0, 22460.0, 22573.0, 22812.0, 22880.0, 23180.0, 23228.0, 23530.0, 23617.0, 23685.0, 23775.0, 24015.0, 24124.0, 24195.0, 24223.0, 24324.0, 24414.0, 24800.0, 24868.0, 24936.0, 25079.0, 25296.0, 25549.0, 25639.0, 25795.0, 25906.0, 26019.0, 26282.0, 26442.0, 26661.0, 26729.0, 26706.0, 26880.0, 26926.0, 26994.0, 27062.0, 27135.0, 27163.0, 27203.0, 27286.0, 27316.0, 27384.0, 27375.0, 27421.0, 27489.0, 27506.0, 27670.0, 27947.0, 28204.0, 28341.0, 28437.0, 28550.0, 28595.0, 28618.0, 28690.0, 28725.0, 28829.0]","[-553.0, -256.0, -466.0, -511.0, -521.0, -340.0, -234.0, -131.0, -397.0, -272.0, -321.0, -502.0, -293.0, -154.0, -269.0, -469.0, -458.0, -268.0, -383.0, -559.0, -546.0, -84.0, -570.0, -268.0, -328.0, -410.0, -217.0, -440.0, -149.0, -338.0, -253.0, -469.0, -227.0, -123.0, -532.0, -372.0, -145.0, -505.0, -492.0, -461.0, -282.0, -572.0, -206.0, -573.0, -148.0, -566.0, -269.0, -303.0, -316.0, -69.0, -177.0, -65.0, -166.0, -333.0, -348.0, -567.0, -381.0, -84.0, -255.0, -414.0, -555.0, -480.0, -432.0, -526.0, -195.0, -376.0, -468.0, -76.0, -515.0, -151.0, -365.0, -443.0, -126.0, -426.0, -348.0, -522.0, -70.0, -258.0, -202.0, -70.0, -296.0, -594.0, -181.0, -241.0, -499.0, -397.0, -373.0, -174.0, -471.0, -426.0, -395.0, -72.0, -580.0, -171.0, -257.0, -343.0, 76.0, -345.0, -85.0, -248.0, -54.0, -563.0, -98.0, -259.0, -517.0, -444.0, -155.0, -112.0, -408.0, -156.0, -335.0, -515.0, -438.0, -79.0, -458.0, -132.0, -238.0, -275.0, -235.0, -254.0, -356.0, -157.0, -216.0, -175.0, -385.0, -244.0, -308.0, -75.0, -575.0, -552.0, -178.0, -92.0, -219.0, -384.0, -454.0, -129.0, -554.0, -585.0, -125.0, -191.0, -143.0, -168.0, -413.0, -146.0, -244.0, -509.0, -112.0, -105.0, -428.0, -234.0, -558.0, -379.0, -470.0, -309.0, -201.0, -349.0, -442.0, -67.0, -557.0, -447.0, -79.0, -271.0, -589.0, -114.0, -547.0, -286.0, -593.0, -72.0, -482.0, -362.0, -323.0, -202.0, -97.0, -398.0, -354.0, -161.0, -100.0, -51.0, -76.0, -69.0, -369.0, -133.0, -282.0, -83.0, -597.0, -378.0, -538.0, -513.0, -471.0, -109.0, -589.0, -384.0, -400.0, -272.0, -337.0, -89.0, -366.0, -268.0, -224.0, -245.0, -575.0, -545.0, -467.0, -170.0, -422.0, -145.0, -209.0, -403.0, -301.0, -256.0, -364.0, -521.0, -373.0, -424.0, -304.0, -460.0, -207.0, -410.0, -343.0, -288.0, -355.0, -427.0, -580.0, -353.0, -70.0, -91.0, -598.0, -279.0, -174.0, -229.0, -598.0, -452.0, -85.0, -488.0, -315.0, -81.0, -302.0, -94.0, -290.0, -526.0, -274.0, -590.0, -418.0, -249.0, -285.0, -366.0, -69.0, -458.0, -145.0, -509.0]","[0, 0, 0, 2, 1, 2, 0, 1, 1, 1, 1, 2, 2, 1, 0, 0, 1, 2, 0, 0, 1, 1, 1, 0, 0, 0, 2, 0, 2, 0, 0, 2, 2, 1, 0, 0, 1, 2, 0, 1, 2, 0, 1, 2, 1, 2, 1, 1, 2, 1, 2, 0, 1, 2, 1, 0, 1, 0, 1, 0, 2, 2, 1, 1, 2, 0, 1, 1, 0, 1, 2, 2, 0, 0, 0, 0, 0, 0, 1, 1, 1, 2, 2, 1, 0, 0, 1, 1, 0, 1, 1, 2, 1, 1, 1, 1, 1, 0, 2, 2, 2, 0, 2, 2, 0, 0, 0, 0, 0, 2, 1, 0, 2, 2, 1, 0, 0, 2, 2, 2, 1, 1, 0, 0, 0, 0, 2, 0, 2, 1, 0, 2, 0, 0, 2, 1, 2, 1, 0, 0, 0, 1, 0, 2, 0, 0, 2, 0, 0, 1, 0, 2, 1, 2, 1, 0, 0, 0, 1, 0, 0, 0, 2, 2, 0, 0, 1, 2, 1, 0, 0, 2, 0, 0, 0, 0, 1, 1, 0, 1, 1, 1, 0, 1, 2, 1, 1, 1, 0, 2, 1, 2, 2, 2, 2, 2, 1, 1, 0, 2, 0, 1, 1, 1, 2, 1, 2, 0, 0, 0, 0, 0, 0, 2, 2, 0, 0, 1, 2, 2, 2, 0, 0, 0, 1, 1, 0, 0, 0, 2, 1, 2, 1, 2, 2, 0, 1, 1, 2, 2, 0, 2, 2, 1, 1, 0, 1, 2, 1, 1]",28829.0,118627.06,3707195.0,28829.0,0.4719271659851074,28829.0,28829.0,0.0
cp,13,penalty,1,"[709.0, 1255.0, 1617.0, 1504.0, 1368.0, 1436.0, 1836.0, 2316.0, 2406.0, 2133.0, 2248.0, 2651.0, 2903.0, 2571.0, 3061.0, 2971.0, 2835.0, 2767.0, 3174.0, 3242.0, 3332.0, 3811.0, 3743.0, 3607.0, 3675.0, 3879.0, 4113.0, 3978.0, 4344.0, 4254.0, 4186.0, 4662.0, 4964.0, 4761.0, 5250.0, 5431.0, 5778.0, 5363.0, 5507.0, 5688.0, 5575.0, 5962.0, 5894.0, 6211.0, 6143.0, 6279.0, 6347.0, 6030.0, 6415.0, 6750.0, 6975.0, 6840.0, 7043.0, 7111.0, 7201.0, 7834.0, 7269.0, 7405.0, 7337.0, 7563.0, 7653.0, 7473.0, 7902.0, 7766.0, 8270.0, 8351.0, 8067.0, 8202.0, 8713.0, 8555.0, 8848.0, 8645.0, 8916.0, 9074.0, 9006.0, 9144.0, 9430.0, 9586.0, 9880.0, 9722.0, 9948.0, 9654.0, 9790.0, 10314.0, 10149.0, 10081.0, 10382.0, 10791.0, 10949.0, 11424.0, 11809.0, 11673.0, 11334.0, 11537.0, 11741.0, 11605.0, 12032.0, 12419.0, 12682.0, 12750.0, 13069.0, 12888.0, 13159.0, 13001.0, 13249.0, 13362.0, 13583.0, 13493.0, 14194.0, 13854.0, 13922.0, 14307.0, 14375.0, 13718.0, 13786.0, 13990.0, 14126.0, 14058.0, 14578.0, 14443.0, 14669.0, 15166.0, 15030.0, 14827.0, 14917.0, 14737.0, 15098.0, 15595.0, 15414.0, 15324.0, 15527.0, 15256.0, 16004.0, 15914.0, 16245.0, 16094.0, 16466.0, 16534.0, 16602.0, 16846.0, 16756.0, 16959.0, 17027.0, 17309.0, 17117.0, 17716.0, 17580.0, 17399.0, 17784.0, 17512.0, 17897.0, 17648.0, 17965.0, 18204.0, 18774.0, 19137.0, 19386.0, 19454.0, 19318.0, 19250.0, 19522.0, 19725.0, 19793.0, 19612.0, 20095.0, 20230.0, 20507.0, 20426.0, 20855.0, 21208.0, 21654.0, 21753.0, 22077.0, 21851.0, 22229.0, 22517.0, 22720.0, 22607.0, 22948.0, 23038.0, 23106.0, 23241.0, 23422.0, 23309.0, 23511.0, 23878.0, 24082.0, 23810.0, 23720.0, 24014.0, 23946.0, 24172.0, 24359.0, 24269.0, 24662.0, 24594.0, 24812.0, 25059.0, 24969.0, 25127.0, 25308.0, 25240.0, 25384.0, 25474.0, 25789.0, 25857.0, 26038.0, 25970.0, 26467.0, 26196.0, 26106.0, 26377.0, 26580.0, 26648.0, 26309.0, 26784.0, 26716.0, 26874.0, 26942.0, 27174.0, 27106.0, 27264.0, 27358.0, 27651.0, 27719.0, 27448.0, 27787.0, 27538.0, 27945.0, 28081.0, 27877.0, 28013.0, 28171.0, 28239.0, 28397.0, 28307.0, 28894.0, 28487.0, 28804.0, 28668.0, 28736.0, 29007.0, 28600.0, 29431.0, 29363.0, 29078.0, 29242.0, 29544.0, 29807.0, 29920.0, 29988.0, 30486.0, 30350.0, 30237.0, 30056.0, 30418.0, 30576.0, 30169.0, 30779.0, 30862.0, 30666.0, 31259.0, 31410.0, 30988.0, 31123.0, 31191.0, 31342.0, 31657.0, 31521.0, 31589.0, 31770.0, 31838.0, 31984.0, 32233.0, 32391.0, 32052.0, 32459.0, 32165.0, 32323.0, 32549.0, 33113.0, 32730.0, 33000.0, 32662.0, 32820.0, 32910.0, 33475.0, 33181.0, 33860.0, 33339.0, 33271.0, 34131.0, 33543.0, 33407.0, 34199.0, 33656.0, 33724.0, 33950.0, 33792.0, 34063.0, 34423.0, 34513.0, 34581.0, 34310.0, 34990.0, 35080.0, 35215.0, 35557.0, 35467.0, 35310.0, 35865.0, 35729.0, 35797.0, 36331.0, 36421.0, 36692.0, 36963.0, 37053.0, 37121.0, 36511.0, 36624.0, 36850.0, 36760.0, 37645.0, 37443.0, 37330.0, 37995.0, 37769.0, 38063.0, 37859.0, 37927.0, 38153.0, 38605.0, 38334.0, 38402.0, 38266.0, 38492.0, 38770.0, 38952.0, 38838.0, 38702.0, 39156.0, 39088.0, 39020.0, 39349.0, 39556.0, 39466.0, 39947.0, 40149.0, 40399.0, 40059.0, 40467.0, 40554.0, 40718.0, 40831.0, 40899.0, 40650.0, 41057.0, 41170.0, 40967.0, 41396.0, 41306.0, 41238.0, 41464.0, 41758.0, 41554.0, 41622.0, 41690.0, 41871.0, 42120.0, 41939.0, 42188.0, 42052.0, 42391.0, 42278.0, 42527.0, 42459.0, 42595.0, 43002.0, 42866.0, 43206.0, 42708.0, 42934.0, 42776.0, 43138.0, 43387.0, 43319.0, 43568.0, 43070.0, 43636.0, 43455.0, 43786.0, 43854.0, 44266.0, 43926.0, 44135.0, 44515.0, 44334.0, 44447.0, 44583.0, 44696.0, 45148.0, 45216.0, 45284.0, 45465.0, 45759.0, 45397.0, 45985.0, 45555.0, 45917.0, 45623.0, 45691.0, 46053.0, 45849.0, 46211.0, 46143.0, 46279.0, 46549.0, 46369.0, 46459.0, 46729.0, 46842.0, 46932.0, 46639.0, 47000.0, 47136.0, 47226.0, 47068.0, 47343.0, 47640.0, 47708.0, 47516.0, 47821.0, 48137.0, 48386.0, 47889.0, 47957.0, 48522.0, 48047.0, 48590.0, 48318.0, 48454.0, 48250.0, 49073.0, 49235.0, 48943.0, 49416.0, 49303.0, 49506.0, 49891.0, 49709.0, 50393.0, 50325.0, 50461.0, 50671.0, 50942.0, 50603.0, 50739.0, 50807.0, 51112.0, 51275.0, 51501.0, 51365.0, 51433.0, 51750.0, 51840.0, 51569.0, 51682.0, 51930.0, 52110.0, 52020.0, 52865.0, 52548.0, 52729.0, 52458.0, 52797.0, 52661.0, 52978.0, 53289.0, 53447.0, 53357.0, 53632.0, 53515.0, 53221.0, 53898.0, 53700.0, 53988.0, 53768.0, 54101.0, 54485.0, 54575.0, 54395.0, 54259.0, 54327.0, 54169.0, 54688.0, 54914.0, 54756.0, 54982.0, 54824.0]","[0.0, -43.0, 43.0, 0.0, -32.0, 22.0, 0.0, 0.0, 21.0, 0.0, -120.0, 0.0, -44.0, 0.0, -3.0, 25.0, -96.0, -308.0, 0.0, 41.0, 9.0, 131.0, -9.0, -76.0, 0.0, 32.0, 0.0, -49.0, 34.0, 0.0, -45.0, 0.0, 0.0, 0.0, -33.0, 12.0, 64.0, 0.0, -111.0, 0.0, -83.0, -5.0, -49.0, 1.0, 0.0, 122.0, 135.0, -79.0, 94.0, -3.0, -114.0, -97.0, 2.0, -46.0, -5.0, 220.0, 0.0, -41.0, -11.0, 273.0, 46.0, 21.0, 58.0, 60.0, 27.0, 0.0, -88.0, 0.0, -53.0, -96.0, -1.0, 0.0, 35.0, 52.0, 17.0, 0.0, 0.0, -52.0, 15.0, -77.0, 54.0, -45.0, 0.0, 0.0, 0.0, -45.0, 22.0, 0.0, 0.0, -3.0, 117.0, 29.0, 0.0, -10.0, 115.0, -11.0, 0.0, 0.0, -31.0, 0.0, 0.0, -165.0, 31.0, -61.0, 102.0, 118.0, -92.0, 0.0, 274.0, 55.0, 47.0, 216.0, 121.0, -84.0, -17.0, -65.0, -1.0, -2.0, 83.0, 27.0, -134.0, 53.0, 7.0, -13.0, -16.0, -124.0, 76.0, 87.0, 3.0, 3.0, 5.0, -7.0, 0.0, -51.0, 0.0, 0.0, -97.0, 0.0, 22.0, -43.0, -16.0, 0.0, 27.0, 0.0, 31.0, 31.0, -4.0, 25.0, 0.0, -54.0, 29.0, -33.0, 45.0, 0.0, 0.0, -98.0, -6.0, -26.0, 0.0, -228.0, 34.0, 7.0, 17.0, 77.0, 0.0, 46.0, 0.0, 0.0, 0.0, 0.0, 0.0, 0.0, 0.0, 0.0, 0.0, 0.0, 54.0, -19.0, 0.0, -6.0, -106.0, 0.0, 23.0, 2.0, 0.0, -21.0, 75.0, -18.0, -222.0, 0.0, -23.0, 85.0, 358.0, 0.0, 80.0, 0.0, 0.0, -6.0, 0.0, 20.0, 152.0, -2.0, 0.0, 36.0, -14.0, -9.0, -172.0, -21.0, 7.0, -133.0, -77.0, -49.0, 82.0, 162.0, 9.0, 15.0, 3.0, -20.0, 33.0, 0.0, -102.0, 28.0, -143.0, 30.0, 50.0, -244.0, 103.0, -84.0, -22.0, 0.0, -271.0, -36.0, 19.0, 65.0, 84.0, 2.0, 115.0, -110.0, 24.0, 0.0, 102.0, 33.0, -57.0, -11.0, 0.0, 0.0, 0.0, 2.0, -53.0, -10.0, -71.0, 155.0, 0.0, -64.0, -69.0, 1.0, 80.0, -32.0, 58.0, 0.0, 58.0, 46.0, 25.0, -224.0, -28.0, 0.0, 0.0, 33.0, -83.0, -6.0, 0.0, 42.0, -16.0, -34.0, 2.0, -411.0, 8.0, -403.0, -52.0, 8.0, 106.0, -27.0, 0.0, -70.0, -25.0, -405.0, -8.0, 101.0, 392.0, 36.0, 79.0, 557.0, 161.0, -22.0, 485.0, -6.0, 145.0, 70.0, 193.0, 48.0, -19.0, 0.0, 57.0, -106.0, -84.0, 0.0, 39.0, 0.0, -20.0, 0.0, 3.0, 0.0, -10.0, -19.0, -303.0, 0.0, 103.0, 187.0, 306.0, -29.0, 2.0, 16.0, -7.0, 0.0, 0.0, -51.0, 0.0, -50.0, 66.0, -11.0, -46.0, 10.0, 117.0, -10.0, 8.0, -47.0, 34.0, 8.0, 0.0, 0.0, -1.0, 190.0, -9.0, 103.0, 0.0, 0.0, -33.0, 0.0, 36.0, -64.0, 0.0, 0.0, 0.0, -82.0, 5.0, -31.0, -30.0, -25.0, 52.0, -369.0, 49.0, -5.0, 70.0, -256.0, 5.0, -92.0, -23.0, -25.0, -215.0, 10.0, -255.0, -161.0, -37.0, -6.0, -219.0, -46.0, -146.0, -156.0, 46.0, 9.0, 134.0, -29.0, 34.0, -93.0, 107.0, 30.0, 188.0, 131.0, 40.0, 4.0, 29.0, -28.0, 0.0, -129.0, 0.0, 0.0, 52.0, -48.0, 0.0, 64.0, 58.0, -33.0, -191.0, -369.0, -154.0, -3.0, -37.0, 59.0, -58.0, 52.0, -15.0, -67.0, 64.0, 0.0, -350.0, -298.0, -101.0, -43.0, 16.0, 72.0, 10.0, 86.0, 231.0, 18.0, 42.0, 217.0, 86.0, 16.0, 0.0, 0.0, -140.0, 0.0, -3.0, -62.0, 103.0, -133.0, -197.0, 61.0, -32.0, 297.0, 6.0, 33.0, 23.0, 0.0, -54.0, 0.0, 0.0, -29.0, 89.0, 0.0, 0.0, -46.0, 0.0, 19.0, -53.0, 31.0, 0.0, -52.0, 17.0, 0.0, -248.0, -6.0, -19.0, -36.0, 0.0, 63.0, 0.0, 38.0, 57.0, 1.0, 9.0, 171.0, -54.0, -5.0, -229.0, 125.0, 0.0, 210.0, 2.0, 62.0, -5.0, -2.0, 158.0, 0.0, -60.0, 3.0, -124.0, 0.0, -58.0, 354.0, 243.0, -8.0, 92.0, -46.0, 0.0, -11.0, 145.0, 22.0, 566.0, 36.0]","[0, 0, 0, 0, 0, 0, 0, 0, 0, 0, 0, 0, 0, 0, 0, 0, 0, 0, 0, 0, 0, 0, 0, 0, 0, 0, 0, 0, 0, 0, 0, 0, 0, 0, 0, 0, 0, 0, 0, 0, 0, 0, 0, 0, 0, 0, 0, 0, 0, 0, 0, 0, 0, 0, 0, 0, 0, 0, 0, 0, 0, 0, 0, 0, 0, 0, 0, 0, 0, 0, 0, 0, 0, 0, 0, 0, 0, 0, 0, 0, 0, 0, 0, 0, 0, 0, 0, 0, 0, 0, 0, 0, 0, 0, 0, 0, 0, 0, 0, 0, 0, 0, 0, 0, 0, 0, 0, 0, 0, 0, 0, 0, 0, 0, 0, 0, 0, 0, 0, 0, 0, 0, 0, 0, 0, 0, 0, 0, 0, 0, 0, 0, 0, 0, 0, 0, 0, 0, 0, 0, 0, 0, 0, 0, 0, 0, 0, 0, 0, 0, 0, 0, 0, 0, 0, 0, 0, 0, 0, 0, 0, 0, 0, 0, 0, 0, 0, 0, 0, 0, 0, 0, 0, 0, 0, 0, 0, 0, 0, 0, 0, 0, 0, 0, 0, 0, 0, 0, 0, 0, 0, 0, 0, 0, 0, 0, 0, 0, 0, 0, 0, 0, 0, 0, 0, 0, 0, 0, 0, 0, 0, 0, 0, 0, 0, 0, 0, 0, 0, 0, 0, 0, 0, 0, 0, 0, 0, 0, 0, 0, 0, 0, 0, 0, 0, 0, 0, 0, 0, 0, 0, 0, 0, 0, 0, 0, 0, 0, 0, 0, 0, 0, 0, 0, 0, 0, 0, 0, 0, 0, 0, 0, 0, 0, 0, 0, 0, 0, 0, 0, 0, 0, 0, 0, 0, 0, 0, 0, 0, 0, 0, 0, 0, 0, 0, 0, 0, 0, 0, 0, 0, 0, 0, 0, 0, 0, 0, 0, 0, 0, 0, 0, 0, 0, 0, 0, 0, 0, 0, 0, 0, 0, 0, 0, 0, 0, 0, 0, 0, 0, 0, 0, 0, 0, 0, 0, 0, 0, 0, 0, 0, 0, 0, 0, 0, 0, 0, 0, 0, 0, 0, 0, 0, 0, 0, 0, 0, 0, 0, 0, 0, 0, 0, 0, 0, 0, 0, 0, 0, 0, 0, 0, 0, 0, 0, 0, 0, 0, 0, 0, 0, 0, 0, 0, 0, 0, 0, 0, 0, 0, 0, 0, 0, 0, 0, 0, 0, 0, 0, 0, 0, 0, 0, 0, 0, 0, 0, 0, 0, 0, 0, 0, 0, 0, 0, 0, 0, 0, 0, 0, 0, 0, 0, 0, 0, 0, 0, 0, 0, 0, 0, 0, 0, 0, 0, 0, 0, 0, 0, 0, 0, 0, 0, 0, 0, 0, 0, 0, 0, 0, 0, 0, 0, 0, 0, 0, 0, 0, 0, 0, 0, 0, 0, 0, 0, 0, 0, 0, 0, 0, 0, 0, 0, 0, 0, 0, 0, 0, 0, 0, 0, 0, 0, 0, 0, 0, 0, 0, 0, 0, 0, 0, 0, 0, 0, 0, 0, 0, 0, 0, 0, 0, 0, 0, 0, 0, 0, 0, 0, 0]",40613.82,40613.82,14484090.0,54982.0,301.36796498298645,40613.82,8646.97,0.787092915662698
cp,13,total_time,1,"[601.0, 1097.0, 1029.0, 1187.0, 1304.0, 1372.0, 1631.0, 1725.0, 1848.0, 1961.0, 2190.0, 2345.0, 2435.0, 2503.0, 2571.0, 2661.0, 2774.0, 2842.0, 2910.0, 3004.0, 3162.0, 3298.0, 3230.0, 3388.0, 3456.0, 3524.0, 3698.0, 3766.0, 3856.0, 4012.0, 4125.0, 4393.0, 4511.0, 4675.0, 4942.0, 5153.0, 5221.0, 5289.0, 5357.0, 5425.0, 5522.0, 5642.0, 5710.0, 5800.0, 5868.0, 5936.0, 6004.0, 6072.0, 6191.0, 6581.0, 6513.0, 6671.0, 6784.0, 6893.0, 6983.0, 7122.0, 7258.0, 7326.0, 7190.0, 7484.0, 7394.0, 7574.0, 7664.0, 7777.0, 7901.0, 7969.0, 8037.0, 8172.0, 8240.0, 8353.0, 8511.0, 8443.0, 8647.0, 8579.0, 8737.0, 8805.0, 8930.0, 9156.0, 9275.0, 9348.0, 9432.0, 9500.0, 9597.0, 9715.0, 9791.0, 9904.0, 10258.0, 10371.0, 10631.0, 10879.0, 11124.0, 11237.0, 11509.0, 11305.0, 11373.0, 11441.0, 11751.0, 12278.0, 12414.0, 12346.0, 12596.0, 12686.0, 12776.0, 12889.0, 12975.0, 13123.0, 13191.0, 13322.0, 13501.0, 13682.0, 13750.0, 13614.0, 13818.0, 14180.0, 13886.0, 13954.0, 14022.0, 14090.0, 14248.0, 14384.0, 14316.0, 14563.0, 14653.0, 14721.0, 14901.0, 14811.0, 15218.0, 15014.0, 15286.0, 15376.0, 15082.0, 15150.0, 15575.0, 15837.0, 15769.0, 15968.0, 16081.0, 16149.0, 16432.0, 16579.0, 16669.0, 16782.0, 16851.0, 16928.0, 17018.0, 17182.0, 17340.0, 17272.0, 17612.0, 17408.0, 17476.0, 17544.0, 17827.0, 18064.0, 18385.0, 18785.0, 18898.0, 18966.0, 19056.0, 19124.0, 19233.0, 19346.0, 19414.0, 19504.0, 19594.0, 19795.0, 20061.0, 20174.0, 20647.0, 21103.0, 21216.0, 21415.0, 21491.0, 21604.0, 21741.0, 22118.0, 22328.0, 22215.0, 22396.0, 22585.0, 22781.0, 22921.0, 22989.0, 23172.0, 23324.0, 23414.0, 23550.0, 23482.0, 23816.0, 23680.0, 23748.0, 23884.0, 23974.0, 24064.0, 24177.0, 24380.0, 24267.0, 24643.0, 24711.0, 24779.0, 24907.0, 25028.0, 25320.0, 25252.0, 25494.0, 25776.0, 25889.0, 26160.0, 25957.0, 26047.0, 26658.0, 26748.0, 26228.0, 26296.0, 26364.0, 26432.0, 26500.0, 26590.0, 26838.0, 26928.0, 27221.0, 27018.0, 27108.0, 27357.0, 27289.0, 28036.0, 27425.0, 27493.0, 27674.0, 27606.0, 27764.0, 27968.0, 27832.0, 27900.0, 28216.0, 28126.0, 28781.0, 28306.0, 28396.0, 28509.0, 28713.0, 28577.0, 28645.0, 28917.0, 29098.0, 29030.0, 29256.0, 29188.0, 29346.0, 29618.0, 29740.0, 29876.0, 29808.0, 30305.0, 30125.0, 29989.0, 30215.0, 30057.0, 30423.0, 30491.0, 30581.0, 30828.0, 30896.0, 31122.0, 30986.0, 31054.0, 31328.0, 31215.0, 31396.0, 31532.0, 31464.0, 31623.0, 31758.0, 31826.0, 31894.0, 31966.0, 32056.0, 32169.0, 32259.0, 32437.0, 32550.0, 32618.0, 32708.0, 32911.0, 32798.0, 33115.0, 33047.0, 32979.0, 34201.0, 33386.0, 33454.0, 33318.0, 33205.0, 33794.0, 33862.0, 33590.0, 33522.0, 34291.0, 33726.0, 33658.0, 33975.0, 34065.0, 34133.0, 34381.0, 34645.0, 34735.0, 34870.0, 35154.0, 35403.0, 35267.0, 35335.0, 35571.0, 35639.0, 36035.0, 36276.0, 36457.0, 36389.0, 36615.0, 36683.0, 36863.0, 36525.0, 36773.0, 36953.0, 37066.0, 37138.0, 37206.0, 37560.0, 37695.0, 37763.0, 37876.0, 37944.0, 38012.0, 38125.0, 38193.0, 39076.0, 38261.0, 38329.0, 38442.0, 38510.0, 38578.0, 39008.0, 38669.0, 38782.0, 38850.0, 38918.0, 39210.0, 39300.0, 39430.0, 39533.0, 39954.0, 40022.0, 40135.0, 40203.0, 40271.0, 40384.0, 40452.0, 40520.0, 40628.0, 40742.0, 41064.0, 40855.0, 40996.0, 40928.0, 41177.0, 41245.0, 41432.0, 41513.0, 41581.0, 41782.0, 41894.0, 41962.0, 42211.0, 42143.0, 42075.0, 42301.0, 42414.0, 42482.0, 43432.0, 42686.0, 42550.0, 43522.0, 42754.0, 42618.0, 42822.0, 43026.0, 42890.0, 43184.0, 43116.0, 42958.0, 43342.0, 43252.0, 43635.0, 43703.0, 43862.0, 43930.0, 44035.0, 44308.0, 44125.0, 44240.0, 44376.0, 44516.0, 44737.0, 44989.0, 45226.0, 45339.0, 45475.0, 45543.0, 45407.0, 45905.0, 45769.0, 45701.0, 45837.0, 45611.0, 45973.0, 46041.0, 46131.0, 46199.0, 46559.0, 46469.0, 46289.0, 46379.0, 46762.0, 46920.0, 46649.0, 46830.0, 47146.0, 47056.0, 46988.0, 47259.0, 47327.0, 47395.0, 47485.0, 47598.0, 47666.0, 47810.0, 47878.0, 48322.0, 47946.0, 48412.0, 48232.0, 48014.0, 48087.0, 48164.0, 48583.0, 48824.0, 48914.0, 49144.0, 49212.0, 49347.0, 49455.0, 49635.0, 49993.0, 50061.0, 50129.0, 50428.0, 50360.0, 50518.0, 50593.0, 50661.0, 50863.0, 50960.0, 51064.0, 51132.0, 51200.0, 51268.0, 51407.0, 51497.0, 51610.0, 51686.0, 51849.0, 51939.0, 52198.0, 52288.0, 52401.0, 52537.0, 52469.0, 52650.0, 52740.0, 52810.0, 52900.0, 52968.0, 53069.0, 53228.0, 53138.0, 53569.0, 54156.0, 53659.0, 54654.0, 54088.0, 53749.0, 53839.0, 54744.0, 53952.0, 54020.0, 54224.0, 54450.0, 54382.0, 54292.0, 54518.0, 54586.0]","[-108.0, -201.0, -545.0, -317.0, -96.0, -42.0, -205.0, -591.0, -537.0, -172.0, -178.0, -306.0, -512.0, -68.0, -493.0, -285.0, -157.0, -233.0, -264.0, -197.0, -161.0, -382.0, -522.0, -295.0, -219.0, -323.0, -415.0, -261.0, -454.0, -242.0, -106.0, -269.0, -453.0, -86.0, -341.0, -266.0, -493.0, -74.0, -261.0, -263.0, -136.0, -325.0, -233.0, -410.0, -275.0, -221.0, -208.0, -37.0, -130.0, -172.0, -576.0, -266.0, -257.0, -264.0, -223.0, -492.0, -11.0, -120.0, -158.0, 194.0, -213.0, 122.0, -180.0, 71.0, -342.0, -382.0, -118.0, -30.0, -526.0, -298.0, -338.0, -202.0, -234.0, -443.0, -252.0, -339.0, -500.0, -482.0, -590.0, -451.0, -462.0, -199.0, -193.0, -599.0, -358.0, -222.0, -102.0, -420.0, -318.0, -548.0, -568.0, -407.0, 175.0, -242.0, -253.0, -175.0, -281.0, -141.0, -299.0, -404.0, -473.0, -367.0, -352.0, -173.0, -172.0, -121.0, -484.0, -171.0, -419.0, -117.0, -125.0, -477.0, -436.0, 378.0, 83.0, -101.0, -105.0, 30.0, -247.0, -32.0, -487.0, -550.0, -370.0, -119.0, -32.0, -50.0, 196.0, -494.0, -125.0, 55.0, -440.0, -113.0, -429.0, -128.0, -476.0, -126.0, -482.0, -385.0, -148.0, -310.0, -103.0, -177.0, -149.0, -381.0, -68.0, -503.0, -244.0, -102.0, -172.0, -158.0, -392.0, -137.0, -93.0, -140.0, -389.0, -450.0, -494.0, -514.0, -262.0, -354.0, -255.0, -372.0, -362.0, -31.0, -501.0, -389.0, -446.0, -252.0, -208.0, -105.0, -438.0, -338.0, -586.0, -247.0, -488.0, -399.0, -338.0, -411.0, -552.0, -459.0, -431.0, -320.0, -410.0, -135.0, -187.0, -485.0, -457.0, -346.0, -126.0, -334.0, -221.0, -203.0, -27.0, -205.0, -405.0, -214.0, -545.0, -422.0, -258.0, -328.0, -249.0, -214.0, -64.0, -186.0, -309.0, -90.0, -321.0, 169.0, -503.0, -282.0, 475.0, 322.0, -270.0, -190.0, 64.0, -337.0, -213.0, -304.0, -71.0, -246.0, 13.0, -218.0, -393.0, -264.0, -380.0, 344.0, -259.0, -129.0, -293.0, -475.0, -384.0, -81.0, -320.0, -274.0, -97.0, -179.0, 2.0, -291.0, -384.0, -159.0, 79.0, -397.0, -12.0, -525.0, -265.0, -48.0, 14.0, -354.0, -514.0, -312.0, -319.0, -455.0, -542.0, 4.0, 0.0, -428.0, -281.0, -144.0, -298.0, -371.0, -27.0, -385.0, -489.0, -90.0, -165.0, -137.0, -14.0, -409.0, -208.0, -63.0, -306.0, -173.0, -242.0, -441.0, -495.0, -497.0, -395.0, -399.0, -116.0, -104.0, -457.0, -139.0, -292.0, 179.0, -47.0, -200.0, -436.0, -101.0, 733.0, 83.0, 262.0, -256.0, -177.0, 365.0, 148.0, -72.0, -57.0, 411.0, 127.0, -357.0, -467.0, -448.0, -391.0, -35.0, -429.0, -345.0, -306.0, -403.0, -84.0, -43.0, -527.0, -158.0, -168.0, -315.0, -448.0, -235.0, -471.0, -251.0, -132.0, 323.0, -97.0, -61.0, 186.0, -579.0, -305.0, -175.0, -435.0, -124.0, -234.0, 6.0, -29.0, -131.0, -363.0, -151.0, 682.0, -52.0, -129.0, -320.0, -442.0, -260.0, 305.0, -297.0, -315.0, -67.0, -431.0, -346.0, -199.0, -517.0, -580.0, -509.0, -37.0, -332.0, -351.0, -529.0, -442.0, -478.0, -160.0, -454.0, -376.0, -272.0, -492.0, -315.0, -240.0, -543.0, -508.0, -214.0, -132.0, -134.0, -304.0, -216.0, -232.0, -138.0, 54.0, -322.0, -196.0, -159.0, -123.0, 681.0, -270.0, -307.0, 450.0, 17.0, -282.0, -47.0, -5.0, -467.0, 53.0, -321.0, -72.0, -290.0, -174.0, -179.0, -151.0, -533.0, 4.0, -100.0, -155.0, -257.0, -207.0, -143.0, -122.0, -444.0, -418.0, -427.0, -280.0, -287.0, 109.0, -519.0, 292.0, -96.0, 63.0, 79.0, -378.0, 124.0, -520.0, -310.0, -181.0, -33.0, 116.0, -98.0, -340.0, 6.0, 219.0, 28.0, -128.0, 227.0, -84.0, -64.0, -84.0, -313.0, -453.0, -31.0, -226.0, -533.0, -473.0, -144.0, 168.0, -515.0, 333.0, -61.0, -298.0, -334.0, -63.0, -490.0, -465.0, -29.0, -272.0, -120.0, -70.0, -436.0, -74.0, -446.0, -264.0, -313.0, -296.0, -551.0, -85.0, -198.0, -129.0, -249.0, -563.0, -443.0, -252.0, -269.0, -482.0, -370.0, -72.0, -34.0, -187.0, -260.0, -72.0, -496.0, -314.0, -333.0, -150.0, -203.0, -11.0, -28.0, -477.0, -485.0, -394.0, -565.0, -129.0, -83.0, -389.0, 459.0, -453.0, 886.0, -71.0, -382.0, -493.0, 341.0, -215.0, -353.0, 55.0, -249.0, -387.0, -442.0, 102.0, -202.0]","[0, 0, 0, 0, 0, 0, 0, 0, 0, 0, 0, 0, 0, 0, 0, 0, 0, 0, 0, 0, 0, 0, 0, 0, 0, 0, 0, 0, 0, 0, 0, 0, 0, 0, 0, 0, 0, 0, 0, 0, 0, 0, 0, 0, 0, 0, 0, 0, 0, 0, 0, 0, 0, 0, 0, 0, 0, 0, 0, 0, 0, 0, 0, 0, 0, 0, 0, 0, 0, 0, 0, 0, 0, 0, 0, 0, 0, 0, 0, 0, 0, 0, 0, 0, 0, 0, 0, 0, 0, 0, 0, 0, 0, 0, 0, 0, 0, 0, 0, 0, 0, 0, 0, 0, 0, 0, 0, 0, 0, 0, 0, 0, 0, 0, 0, 0, 0, 0, 0, 0, 0, 0, 0, 0, 0, 0, 0, 0, 0, 0, 0, 0, 0, 0, 0, 0, 0, 0, 0, 0, 0, 0, 0, 0, 0, 0, 0, 0, 0, 0, 0, 0, 0, 0, 0, 0, 0, 0, 0, 0, 0, 0, 0, 0, 0, 0, 0, 0, 0, 0, 0, 0, 0, 0, 0, 0, 0, 0, 0, 0, 0, 0, 0, 0, 0, 0, 0, 0, 0, 0, 0, 0, 0, 0, 0, 0, 0, 0, 0, 0, 0, 0, 0, 0, 0, 0, 0, 0, 0, 0, 0, 0, 0, 0, 0, 0, 0, 0, 0, 0, 0, 0, 0, 0, 0, 0, 0, 0, 0, 0, 0, 0, 0, 0, 0, 0, 0, 0, 0, 0, 0, 0, 0, 0, 0, 0, 0, 0, 0, 0, 0, 0, 0, 0, 0, 0, 0, 0, 0, 0, 0, 0, 0, 0, 0, 0, 0, 0, 0, 0, 0, 0, 0, 0, 0, 0, 0, 0, 0, 0, 0, 0, 0, 0, 0, 0, 0, 0, 0, 0, 0, 0, 0, 0, 0, 0, 0, 0, 0, 0, 0, 0, 0, 0, 0, 0, 0, 0, 0, 0, 0, 0, 0, 0, 0, 0, 0, 0, 0, 0, 0, 0, 0, 0, 0, 0, 0, 0, 0, 0, 0, 0, 0, 0, 0, 0, 0, 0, 0, 0, 0, 0, 0, 0, 0, 0, 0, 0, 0, 0, 0, 0, 0, 0, 0, 0, 0, 0, 0, 0, 0, 0, 0, 0, 0, 0, 0, 0, 0, 0, 0, 0, 0, 0, 0, 0, 0, 0, 0, 0, 0, 0, 0, 0, 0, 0, 0, 0, 0, 0, 0, 0, 0, 0, 0, 0, 0, 0, 0, 0, 0, 0, 0, 0, 0, 0, 0, 0, 0, 0, 0, 0, 0, 0, 0, 0, 0, 0, 0, 0, 0, 0, 0, 0, 0, 0, 0, 0, 0, 0, 0, 0, 0, 0, 0, 0, 0, 0, 0, 0, 0, 0, 0, 0, 0, 0, 0, 0, 0, 0, 0, 0, 0, 0, 0, 0, 0, 0, 0, 0, 0, 0, 0, 0, 0, 0, 0, 0, 0, 0, 0, 0, 0, 0, 0, 0, 0, 0, 0, 0, 0, 0, 0, 0, 0, 0, 0, 0, 0, 0, 0, 0, 0, 0, 0, 0, 0, 0, 0, 0]",14370056.0,205242.56,14370056.0,54744.0,301.860848903656,14370056.0,14335437.0,0.002409106826027679
cp,13,makespan,1,"[952.0, 1274.0, 1206.0, 1093.0, 1387.0, 1455.0, 1631.0, 1725.0, 1848.0, 1961.0, 2190.0, 2345.0, 2435.0, 2773.0, 2931.0, 2841.0, 2705.0, 2637.0, 3044.0, 3112.0, 3376.0, 3286.0, 3218.0, 3444.0, 3512.0, 3580.0, 3715.0, 3783.0, 3873.0, 4012.0, 4125.0, 4393.0, 4511.0, 4675.0, 4942.0, 5314.0, 5246.0, 5178.0, 5382.0, 5450.0, 5522.0, 5642.0, 5800.0, 5732.0, 5890.0, 5958.0, 6026.0, 6094.0, 6207.0, 6581.0, 6513.0, 6671.0, 6784.0, 6893.0, 6983.0, 7122.0, 7190.0, 7258.0, 7348.0, 7506.0, 7416.0, 7596.0, 7686.0, 7799.0, 7901.0, 7969.0, 8037.0, 8172.0, 8240.0, 8511.0, 8443.0, 8375.0, 8579.0, 8647.0, 8737.0, 8805.0, 8930.0, 9156.0, 9275.0, 9348.0, 9501.0, 9433.0, 9597.0, 9715.0, 9949.0, 9881.0, 10432.0, 10364.0, 10631.0, 10879.0, 11233.0, 11165.0, 11323.0, 11436.0, 11504.0, 11572.0, 11751.0, 12278.0, 12346.0, 12414.0, 13059.0, 12969.0, 12879.0, 12811.0, 13149.0, 13352.0, 13239.0, 13442.0, 14468.0, 14400.0, 14332.0, 14264.0, 14174.0, 14106.0, 14016.0, 13948.0, 13880.0, 14581.0, 14671.0, 14807.0, 14739.0, 15168.0, 15100.0, 14987.0, 14897.0, 15236.0, 15349.0, 15439.0, 15733.0, 15643.0, 15575.0, 15507.0, 15823.0, 15913.0, 16026.0, 16246.0, 16178.0, 16110.0, 16433.0, 16781.0, 16691.0, 16623.0, 17129.0, 17061.0, 16993.0, 17372.0, 17304.0, 17236.0, 17440.0, 17553.0, 17689.0, 17621.0, 17827.0, 18064.0, 18385.0, 18883.0, 18815.0, 18996.0, 19086.0, 19670.0, 19557.0, 19489.0, 19376.0, 19738.0, 19828.0, 19963.0, 20061.0, 20174.0, 20647.0, 21103.0, 21216.0, 21415.0, 21491.0, 21604.0, 21741.0, 22213.0, 22145.0, 22303.0, 22416.0, 22585.0, 22781.0, 22921.0, 22989.0, 23172.0, 23324.0, 23529.0, 23597.0, 23461.0, 23846.0, 23778.0, 23710.0, 24226.0, 24136.0, 24046.0, 24316.0, 24429.0, 24497.0, 24743.0, 24653.0, 24811.0, 24924.0, 25028.0, 25320.0, 25252.0, 25494.0, 25776.0, 25889.0, 25979.0, 26137.0, 26047.0, 26227.0, 26317.0, 26430.0, 26498.0, 26566.0, 26702.0, 26634.0, 26792.0, 26860.0, 26950.0, 27063.0, 27221.0, 27131.0, 27334.0, 27402.0, 27470.0, 27583.0, 27651.0, 27832.0, 27764.0, 28148.0, 28058.0, 27990.0, 27922.0, 28216.0, 28306.0, 28396.0, 28486.0, 28576.0, 28689.0, 28893.0, 28825.0, 28757.0, 29300.0, 29232.0, 29164.0, 29051.0, 29413.0, 29481.0, 29618.0, 30002.0, 30341.0, 30273.0, 30160.0, 30070.0, 29934.0, 30431.0, 30544.0, 30612.0, 30680.0, 30770.0, 30951.0, 30883.0, 31019.0, 31154.0, 31222.0, 31290.0, 31358.0, 31471.0, 31539.0, 31607.0, 31675.0, 31810.0, 31878.0, 31946.0, 32318.0, 32228.0, 32160.0, 32431.0, 32567.0, 32499.0, 32657.0, 32747.0, 33055.0, 32942.0, 32852.0, 33123.0, 33191.0, 33259.0, 33530.0, 33394.0, 33462.0, 33734.0, 33666.0, 34073.0, 34005.0, 33937.0, 33824.0, 33598.0, 34186.0, 34322.0, 34254.0, 34525.0, 34390.0, 34645.0, 34869.0, 34801.0, 35549.0, 35459.0, 35391.0, 35323.0, 35684.0, 35752.0, 36035.0, 36276.0, 36389.0, 36457.0, 36547.0, 36615.0, 36796.0, 36728.0, 36886.0, 36976.0, 37089.0, 37157.0, 37225.0, 37560.0, 37695.0, 37763.0, 37876.0, 37944.0, 38012.0, 38392.0, 38302.0, 38189.0, 38460.0, 38528.0, 38641.0, 38709.0, 38777.0, 38912.0, 38980.0, 39093.0, 39161.0, 39229.0, 39297.0, 39387.0, 39477.0, 39567.0, 40071.0, 39958.0, 40139.0, 40207.0, 40275.0, 40388.0, 40456.0, 40524.0, 40628.0, 40742.0, 40833.0, 40968.0, 41036.0, 41126.0, 41194.0, 41262.0, 41432.0, 41513.0, 41850.0, 41782.0, 41918.0, 41986.0, 42076.0, 42189.0, 42279.0, 42347.0, 42460.0, 42528.0, 42596.0, 42709.0, 42799.0, 42867.0, 43070.0, 43002.0, 43206.0, 43138.0, 43274.0, 43364.0, 43522.0, 43432.0, 43590.0, 43680.0, 43793.0, 43861.0, 44019.0, 43929.0, 44087.0, 44200.0, 44268.0, 44381.0, 44449.0, 44562.0, 44737.0, 44989.0, 45226.0, 45339.0, 45793.0, 45725.0, 45657.0, 45589.0, 45521.0, 45453.0, 45883.0, 45951.0, 46041.0, 46177.0, 46109.0, 46245.0, 46335.0, 46425.0, 46515.0, 46605.0, 46718.0, 46808.0, 46876.0, 47079.0, 46966.0, 47147.0, 47260.0, 47328.0, 47396.0, 47554.0, 47464.0, 47667.0, 47735.0, 47916.0, 47848.0, 47984.0, 48097.0, 48165.0, 48482.0, 48414.0, 48346.0, 48278.0, 48583.0, 48935.0, 48867.0, 49144.0, 49212.0, 49347.0, 49455.0, 49635.0, 49993.0, 50061.0, 50129.0, 50585.0, 50517.0, 50449.0, 50653.0, 50721.0, 50863.0, 50960.0, 51164.0, 51096.0, 51232.0, 51300.0, 51407.0, 51497.0, 51799.0, 51686.0, 51867.0, 51957.0, 52198.0, 52472.0, 52675.0, 52562.0, 52404.0, 52743.0, 52901.0, 52811.0, 52969.0, 53037.0, 53296.0, 53228.0, 53138.0, 53569.0, 54390.0, 53749.0, 53659.0, 54594.0, 53839.0, 54730.0, 53929.0, 54042.0, 54110.0, 54458.0, 54186.0, 54254.0, 54526.0, 54322.0, 54662.0]","[243.0, -24.0, -368.0, -411.0, -13.0, 41.0, -205.0, -591.0, -537.0, -172.0, -178.0, -306.0, -512.0, 202.0, -133.0, -105.0, -226.0, -438.0, -130.0, -89.0, 53.0, -394.0, -534.0, -239.0, -163.0, -267.0, -398.0, -244.0, -437.0, -242.0, -106.0, -269.0, -453.0, -86.0, -341.0, -105.0, -468.0, -185.0, -236.0, -238.0, -136.0, -325.0, -143.0, -478.0, -253.0, -199.0, -186.0, -15.0, -114.0, -172.0, -576.0, -266.0, -257.0, -264.0, -223.0, -492.0, -79.0, -188.0, 0.0, 216.0, -191.0, 144.0, -158.0, 93.0, -342.0, -382.0, -118.0, -30.0, -526.0, -140.0, -406.0, -270.0, -302.0, -375.0, -252.0, -339.0, -500.0, -482.0, -590.0, -451.0, -393.0, -266.0, -193.0, -599.0, -200.0, -245.0, 72.0, -427.0, -318.0, -548.0, -459.0, -479.0, -11.0, -111.0, -122.0, -44.0, -281.0, -141.0, -367.0, -336.0, -10.0, -84.0, -249.0, -251.0, 2.0, 108.0, -436.0, -51.0, 548.0, 601.0, 457.0, 173.0, -80.0, 304.0, 213.0, -107.0, -247.0, 521.0, 176.0, 391.0, -64.0, 55.0, 77.0, 147.0, -36.0, 375.0, 327.0, -69.0, 322.0, 322.0, 53.0, 244.0, -181.0, -52.0, -219.0, 152.0, -385.0, -424.0, -147.0, -108.0, -81.0, -336.0, 129.0, -248.0, -93.0, -313.0, -280.0, -138.0, -344.0, -13.0, -179.0, -60.0, -93.0, -140.0, -389.0, -352.0, -577.0, -484.0, -232.0, 192.0, 69.0, -229.0, -400.0, 203.0, -267.0, -221.0, -446.0, -252.0, -208.0, -105.0, -438.0, -338.0, -586.0, -247.0, -488.0, -304.0, -521.0, -323.0, -532.0, -459.0, -431.0, -320.0, -410.0, -135.0, -187.0, -370.0, -410.0, -367.0, -96.0, -236.0, -259.0, 139.0, 135.0, -223.0, -266.0, -165.0, -315.0, -322.0, -316.0, -296.0, -232.0, -214.0, -64.0, -186.0, -309.0, -90.0, -321.0, -12.0, -323.0, -282.0, 44.0, -109.0, -68.0, 12.0, 266.0, -67.0, -79.0, -102.0, -49.0, -224.0, -145.0, -15.0, -370.0, -287.0, -267.0, -222.0, -101.0, 29.0, -135.0, -317.0, 0.0, 9.0, -162.0, -252.0, -97.0, 1.0, -383.0, -111.0, -204.0, 21.0, 259.0, -149.0, 100.0, -142.0, -131.0, 86.0, -191.0, -129.0, -379.0, -312.0, -57.0, 10.0, -77.0, -141.0, -55.0, -483.0, -65.0, 343.0, -109.0, -182.0, 162.0, -262.0, -502.0, -193.0, 3.0, 31.0, -52.0, -266.0, -133.0, -56.0, -163.0, -121.0, -190.0, -389.0, -443.0, -145.0, -223.0, -408.0, 56.0, 26.0, -508.0, -100.0, -253.0, 323.0, 97.0, -463.0, -360.0, 111.0, -209.0, 227.0, 202.0, -112.0, 352.0, 237.0, 359.0, 343.0, 358.0, -56.0, -1.0, 171.0, -120.0, -259.0, 1.0, -26.0, -429.0, -211.0, -375.0, -8.0, -28.0, 81.0, -539.0, -45.0, -55.0, -315.0, -448.0, -303.0, -403.0, -319.0, -200.0, 256.0, 106.0, 52.0, 209.0, -556.0, -286.0, -156.0, -435.0, -124.0, -234.0, 6.0, -29.0, -131.0, -96.0, -42.0, -205.0, 147.0, 70.0, -121.0, -243.0, -61.0, 209.0, 14.0, -4.0, 244.0, -120.0, -259.0, -112.0, -470.0, -546.0, -392.0, -101.0, -328.0, -347.0, -525.0, -438.0, -474.0, -156.0, -454.0, -376.0, -503.0, -379.0, -275.0, -42.0, -526.0, -491.0, -214.0, -132.0, 135.0, -304.0, -192.0, -208.0, -273.0, 100.0, -118.0, -150.0, -113.0, -77.0, -155.0, -247.0, -58.0, -205.0, 333.0, 102.0, 337.0, 107.0, -83.0, 233.0, 85.0, 402.0, -42.0, 254.0, -21.0, 7.0, -376.0, 3.0, -48.0, -263.0, -114.0, -66.0, -70.0, -76.0, -444.0, -418.0, -427.0, -280.0, 31.0, 291.0, -269.0, -24.0, -344.0, -185.0, 125.0, -38.0, 192.0, -384.0, -332.0, -135.0, -257.0, 72.0, 128.0, -114.0, -38.0, 107.0, 255.0, 121.0, 47.0, 7.0, 208.0, -15.0, -244.0, -294.0, -52.0, -157.0, -464.0, -367.0, -174.0, -170.0, -364.0, 86.0, 189.0, 102.0, -75.0, 51.0, -490.0, -354.0, -76.0, -272.0, -120.0, -70.0, -436.0, -74.0, -446.0, -264.0, -313.0, -139.0, -394.0, -154.0, -138.0, -69.0, -249.0, -563.0, -343.0, -288.0, -237.0, -450.0, -370.0, -72.0, 155.0, -187.0, -242.0, -54.0, -496.0, -130.0, -59.0, -125.0, -268.0, 82.0, 133.0, -476.0, -416.0, -325.0, -338.0, -129.0, -83.0, -389.0, 693.0, -363.0, -109.0, 435.0, -292.0, 398.0, -474.0, -125.0, -263.0, 289.0, -513.0, -515.0, -208.0, -94.0, -126.0]","[0, 0, 0, 0, 0, 0, 0, 0, 0, 0, 0, 0, 0, 0, 0, 0, 0, 0, 0, 0, 0, 0, 0, 0, 0, 0, 0, 0, 0, 0, 0, 0, 0, 0, 0, 0, 0, 0, 0, 0, 0, 0, 0, 0, 0, 0, 0, 0, 0, 0, 0, 0, 0, 0, 0, 0, 0, 0, 0, 0, 0, 0, 0, 0, 0, 0, 0, 0, 0, 0, 0, 0, 0, 0, 0, 0, 0, 0, 0, 0, 0, 0, 0, 0, 0, 0, 0, 0, 0, 0, 0, 0, 0, 0, 0, 0, 0, 0, 0, 0, 0, 0, 0, 0, 0, 0, 0, 0, 0, 0, 0, 0, 0, 0, 0, 0, 0, 0, 0, 0, 0, 0, 0, 0, 0, 0, 0, 0, 0, 0, 0, 0, 0, 0, 0, 0, 0, 0, 0, 0, 0, 0, 0, 0, 0, 0, 0, 0, 0, 0, 0, 0, 0, 0, 0, 0, 0, 0, 0, 0, 0, 0, 0, 0, 0, 0, 0, 0, 0, 0, 0, 0, 0, 0, 0, 0, 0, 0, 0, 0, 0, 0, 0, 0, 0, 0, 0, 0, 0, 0, 0, 0, 0, 0, 0, 0, 0, 0, 0, 0, 0, 0, 0, 0, 0, 0, 0, 0, 0, 0, 0, 0, 0, 0, 0, 0, 0, 0, 0, 0, 0, 0, 0, 0, 0, 0, 0, 0, 0, 0, 0, 0, 0, 0, 0, 0, 0, 0, 0, 0, 0, 0, 0, 0, 0, 0, 0, 0, 0, 0, 0, 0, 0, 0, 0, 0, 0, 0, 0, 0, 0, 0, 0, 0, 0, 0, 0, 0, 0, 0, 0, 0, 0, 0, 0, 0, 0, 0, 0, 0, 0, 0, 0, 0, 0, 0, 0, 0, 0, 0, 0, 0, 0, 0, 0, 0, 0, 0, 0, 0, 0, 0, 0, 0, 0, 0, 0, 0, 0, 0, 0, 0, 0, 0, 0, 0, 0, 0, 0, 0, 0, 0, 0, 0, 0, 0, 0, 0, 0, 0, 0, 0, 0, 0, 0, 0, 0, 0, 0, 0, 0, 0, 0, 0, 0, 0, 0, 0, 0, 0, 0, 0, 0, 0, 0, 0, 0, 0, 0, 0, 0, 0, 0, 0, 0, 0, 0, 0, 0, 0, 0, 0, 0, 0, 0, 0, 0, 0, 0, 0, 0, 0, 0, 0, 0, 0, 0, 0, 0, 0, 0, 0, 0, 0, 0, 0, 0, 0, 0, 0, 0, 0, 0, 0, 0, 0, 0, 0, 0, 0, 0, 0, 0, 0, 0, 0, 0, 0, 0, 0, 0, 0, 0, 0, 0, 0, 0, 0, 0, 0, 0, 0, 0, 0, 0, 0, 0, 0, 0, 0, 0, 0, 0, 0, 0, 0, 0, 0, 0, 0, 0, 0, 0, 0, 0, 0, 0, 0, 0, 0, 0, 0, 0, 0, 0, 0, 0, 0, 0, 0, 0, 0, 0, 0, 0, 0, 0, 0, 0, 0, 0, 0, 0, 0, 0, 0, 0, 0, 0, 0, 0, 0, 0, 0, 0, 0, 0, 0, 0, 0]",54730.0,172497.08,14407522.0,54730.0,25.26645302772522,54730.0,54730.0,0.0
cp,13,penalty,2,"[709.0, 1298.0, 1574.0, 1504.0, 1400.0, 1414.0, 1836.0, 2316.0, 2406.0, 2133.0, 2368.0, 2651.0, 2947.0, 2571.0, 3064.0, 2946.0, 2879.0, 3075.0, 3174.0, 3201.0, 3323.0, 3743.0, 3752.0, 3683.0, 3675.0, 3847.0, 4113.0, 4027.0, 4310.0, 4254.0, 4231.0, 4662.0, 4964.0, 4761.0, 5283.0, 5419.0, 5714.0, 5363.0, 5618.0, 5688.0, 5601.0, 5967.0, 5943.0, 6211.0, 6143.0, 6075.0, 6222.0, 6109.0, 6321.0, 6753.0, 7089.0, 6937.0, 7041.0, 7157.0, 7206.0, 7614.0, 7269.0, 7446.0, 7348.0, 7290.0, 7607.0, 7452.0, 7844.0, 7706.0, 8243.0, 8351.0, 8155.0, 8175.0, 8766.0, 8651.0, 8849.0, 8645.0, 8881.0, 9022.0, 8989.0, 9144.0, 9430.0, 9638.0, 9865.0, 9799.0, 9894.0, 9699.0, 9775.0, 10314.0, 10149.0, 10126.0, 10360.0, 10791.0, 10949.0, 11427.0, 11692.0, 11644.0, 11334.0, 11547.0, 11624.0, 11576.0, 12032.0, 12419.0, 12713.0, 12750.0, 13069.0, 12979.0, 13130.0, 13062.0, 13159.0, 13244.0, 13675.0, 13493.0, 13920.0, 13852.0, 13875.0, 14145.0, 14254.0, 13784.0, 13803.0, 14055.0, 14128.0, 14060.0, 14495.0, 14416.0, 14793.0, 15113.0, 15046.0, 14840.0, 14933.0, 14861.0, 15022.0, 15508.0, 15409.0, 15321.0, 15522.0, 15263.0, 16004.0, 15965.0, 16245.0, 16094.0, 16563.0, 16534.0, 16602.0, 16889.0, 16772.0, 16959.0, 17002.0, 17309.0, 17086.0, 17685.0, 17584.0, 17374.0, 17784.0, 17566.0, 17868.0, 17681.0, 17920.0, 18204.0, 18774.0, 19235.0, 19388.0, 19420.0, 19318.0, 19478.0, 19488.0, 19718.0, 19776.0, 19546.0, 20095.0, 20184.0, 20507.0, 20426.0, 20855.0, 21208.0, 21654.0, 21753.0, 22077.0, 21851.0, 22229.0, 22517.0, 22666.0, 22626.0, 22948.0, 23044.0, 23212.0, 23241.0, 23399.0, 23307.0, 23511.0, 23899.0, 24007.0, 23828.0, 23939.0, 24035.0, 23967.0, 24097.0, 24103.0, 24269.0, 24582.0, 24594.0, 24812.0, 25065.0, 24969.0, 25107.0, 25156.0, 25242.0, 25384.0, 25438.0, 25803.0, 25866.0, 26210.0, 25991.0, 26516.0, 26329.0, 26183.0, 26426.0, 26498.0, 26566.0, 26300.0, 26769.0, 26713.0, 26894.0, 26909.0, 27174.0, 27168.0, 27236.0, 27501.0, 27601.0, 27669.0, 27712.0, 27737.0, 27622.0, 27967.0, 28081.0, 28148.0, 28049.0, 28171.0, 28216.0, 28313.0, 28305.0, 28779.0, 28597.0, 28780.0, 28710.0, 28622.0, 28974.0, 28712.0, 29442.0, 29363.0, 29078.0, 29242.0, 29542.0, 29860.0, 29930.0, 30059.0, 30391.0, 30350.0, 30301.0, 30125.0, 30418.0, 30496.0, 30201.0, 30721.0, 30862.0, 30608.0, 31213.0, 31385.0, 31212.0, 31144.0, 31145.0, 31342.0, 31624.0, 31604.0, 31556.0, 31770.0, 31796.0, 32000.0, 32267.0, 32389.0, 32457.0, 32451.0, 32570.0, 32375.0, 32541.0, 33007.0, 32757.0, 33000.0, 32732.0, 32845.0, 33308.0, 33489.0, 33080.0, 33468.0, 33303.0, 33192.0, 33581.0, 33378.0, 33421.0, 33715.0, 33662.0, 33579.0, 33880.0, 33647.0, 34015.0, 34423.0, 34513.0, 34551.0, 34416.0, 35074.0, 35080.0, 35209.0, 35557.0, 35487.0, 35310.0, 35862.0, 35729.0, 35807.0, 36350.0, 36724.0, 36692.0, 36934.0, 36866.0, 36940.0, 36540.0, 36622.0, 36850.0, 36760.0, 37645.0, 37443.0, 37381.0, 37995.0, 37819.0, 37997.0, 37870.0, 37929.0, 38143.0, 38494.0, 38344.0, 38381.0, 38313.0, 38458.0, 38762.0, 38952.0, 38838.0, 38703.0, 38966.0, 39097.0, 38898.0, 39349.0, 39556.0, 39499.0, 39947.0, 40113.0, 40463.0, 40059.0, 40467.0, 40554.0, 40800.0, 40826.0, 40930.0, 40680.0, 41082.0, 41118.0, 41336.0, 41347.0, 41268.0, 41186.0, 41720.0, 41781.0, 41646.0, 41645.0, 41713.0, 42086.0, 42154.0, 42194.0, 42349.0, 42089.0, 42397.0, 42470.0, 42573.0, 42605.0, 42751.0, 42956.0, 42857.0, 43072.0, 42737.0, 42925.0, 42869.0, 43004.0, 43357.0, 43131.0, 43437.0, 43030.0, 43632.0, 43426.0, 43814.0, 43854.0, 44379.0, 43926.0, 44135.0, 44495.0, 44382.0, 44447.0, 44519.0, 44638.0, 45181.0, 45407.0, 45653.0, 45585.0, 45766.0, 45434.0, 45926.0, 45613.0, 45865.0, 45681.0, 45758.0, 45989.0, 45849.0, 46561.0, 46441.0, 46328.0, 46566.0, 46353.0, 46443.0, 46719.0, 46769.0, 46701.0, 46629.0, 46958.0, 46919.0, 47140.0, 47052.0, 47343.0, 47640.0, 47848.0, 47516.0, 47824.0, 48199.0, 48283.0, 48022.0, 48109.0, 48461.0, 48079.0, 48293.0, 48351.0, 48421.0, 48215.0, 49073.0, 49289.0, 48943.0, 49416.0, 49303.0, 49417.0, 49891.0, 49709.0, 50439.0, 50325.0, 50442.0, 50723.0, 50911.0, 50603.0, 50791.0, 50790.0, 51112.0, 51523.0, 51501.0, 51384.0, 51455.0, 51750.0, 51777.0, 51569.0, 51644.0, 51873.0, 52109.0, 52011.0, 52777.0, 52597.0, 52740.0, 52687.0, 52672.0, 52604.0, 52830.0, 53287.0, 53385.0, 53362.0, 53634.0, 53317.0, 53221.0, 53958.0, 53697.0, 54046.0, 53768.0, 54159.0, 54131.0, 54332.0, 54422.0, 54244.0, 54373.0, 54227.0, 54699.0, 54769.0, 54720.0, 54441.0, 54788.0]","[0.0, 0.0, 0.0, 0.0, 0.0, 0.0, 0.0, 0.0, 21.0, 0.0, 0.0, 0.0, 0.0, 0.0, 0.0, 0.0, -52.0, 0.0, 0.0, 0.0, 0.0, 63.0, 0.0, 0.0, 0.0, 0.0, 0.0, 0.0, 0.0, 0.0, 0.0, 0.0, 0.0, 0.0, 0.0, 0.0, 0.0, 0.0, 0.0, 0.0, -57.0, 0.0, 0.0, 1.0, 0.0, -82.0, 10.0, 0.0, 0.0, 0.0, 0.0, 0.0, 0.0, 0.0, 0.0, 0.0, 0.0, 0.0, 0.0, 0.0, 0.0, 0.0, 0.0, 0.0, 0.0, 0.0, 0.0, -27.0, 0.0, 0.0, 0.0, 0.0, 0.0, 0.0, 0.0, 0.0, 0.0, 0.0, 0.0, 0.0, 0.0, 0.0, -15.0, 0.0, 0.0, 0.0, 0.0, 0.0, 0.0, 0.0, 0.0, 0.0, 0.0, 0.0, -2.0, -40.0, 0.0, 0.0, 0.0, 0.0, 0.0, -74.0, 2.0, 0.0, 12.0, 0.0, 0.0, 0.0, 0.0, 53.0, 0.0, 54.0, 0.0, -18.0, 0.0, 0.0, 1.0, 0.0, 0.0, 0.0, -10.0, 0.0, 23.0, 0.0, 0.0, 0.0, 0.0, 0.0, -2.0, 0.0, 0.0, 0.0, 0.0, 0.0, 0.0, 0.0, 0.0, 0.0, 22.0, 0.0, 0.0, 0.0, 2.0, 0.0, 0.0, 0.0, 0.0, 0.0, 0.0, 0.0, 0.0, 0.0, 0.0, 0.0, 0.0, 0.0, -4.0, -60.0, 0.0, 0.0, 0.0, 0.0, 0.0, 11.0, 0.0, 0.0, 0.0, 0.0, 0.0, 0.0, 0.0, 0.0, 0.0, 0.0, 0.0, 0.0, 0.0, 0.0, 0.0, 0.0, 0.0, 0.0, 0.0, 0.0, 0.0, 0.0, 0.0, 0.0, -3.0, 21.0, -2.0, 10.0, 102.0, 0.0, 0.0, 0.0, 0.0, 0.0, 0.0, 0.0, 0.0, 0.0, 0.0, 0.0, 0.0, 0.0, 0.0, 0.0, 56.0, 0.0, 0.0, 0.0, 0.0, 80.0, 0.0, 0.0, 0.0, 0.0, 0.0, 0.0, -40.0, 0.0, 0.0, -20.0, 0.0, 20.0, 53.0, 0.0, 0.0, 0.0, 0.0, 0.0, 19.0, 42.0, 0.0, 0.0, 0.0, 0.0, 0.0, 42.0, -12.0, 0.0, 55.0, 0.0, 0.0, 0.0, 0.0, 0.0, 0.0, 0.0, 0.0, 60.0, 0.0, 0.0, 0.0, 1.0, 0.0, 0.0, 0.0, 0.0, 0.0, 0.0, 0.0, 0.0, -7.0, -46.0, 0.0, 0.0, 0.0, -39.0, 0.0, 0.0, 0.0, 0.0, 0.0, -6.0, 0.0, 2.0, 0.0, 0.0, 0.0, 0.0, 0.0, 0.0, 0.0, -7.0, 6.0, 0.0, 0.0, 0.0, 0.0, 7.0, -4.0, -8.0, 1.0, 0.0, 0.0, 0.0, 48.0, 0.0, -19.0, 0.0, 27.0, 0.0, 0.0, 0.0, 33.0, 0.0, 0.0, 0.0, 0.0, 0.0, 0.0, 0.0, 0.0, 0.0, 74.0, 0.0, 125.0, 0.0, 0.0, 16.0, -7.0, 0.0, 0.0, 0.0, 0.0, 0.0, 0.0, 0.0, -44.0, 0.0, 6.0, 0.0, -13.0, 0.0, 0.0, 0.0, 0.0, 0.0, 0.0, 0.0, 0.0, -19.0, 0.0, 0.0, 0.0, 0.0, 0.0, 0.0, 0.0, 0.0, 0.0, 0.0, 0.0, 0.0, 0.0, 0.0, 0.0, 0.0, 0.0, -43.0, 18.0, 0.0, 28.0, 0.0, 0.0, -2.0, 0.0, 44.0, 0.0, 0.0, 0.0, 0.0, -27.0, 0.0, 0.0, 0.0, 0.0, 0.0, 0.0, 0.0, 25.0, 0.0, -27.0, 0.0, 0.0, 0.0, 0.0, 0.0, 0.0, 0.0, 0.0, -16.0, 0.0, 0.0, 32.0, 0.0, 0.0, 0.0, 0.0, 0.0, 0.0, 0.0, -34.0, 4.0, 0.0, 0.0, 0.0, 0.0, 43.0, 0.0, 0.0, 0.0, 0.0, 0.0, -52.0, -26.0, 0.0, 56.0, 0.0, 13.0, 0.0, 8.0, 0.0, 0.0, 0.0, 0.0, 0.0, 0.0, 0.0, 0.0, 0.0, 0.0, 0.0, 0.0, -45.0, 0.0, 0.0, 0.0, 39.0, 0.0, -12.0, 0.0, 0.0, 0.0, 0.0, -29.0, 0.0, 0.0, 0.0, 0.0, 0.0, 0.0, -1.0, 0.0, 0.0, 0.0, 0.0, 0.0, 0.0, -6.0, 0.0, -14.0, 0.0, 0.0, 0.0, 0.0, 0.0, 0.0, 0.0, 83.0, -5.0, 6.0, 0.0, 0.0, -57.0, 62.0, 0.0, 0.0, 0.0, 0.0, -40.0, 0.0, 0.0, 0.0, -66.0, 0.0, 0.0, 0.0, 0.0, 19.0, 77.0, 0.0, 58.0, 0.0, 0.0, -14.0, 25.0, 0.0]","[0, 1, 1, 0, 0, 1, 1, 1, 1, 0, 0, 1, 1, 0, 1, 0, 1, 0, 0, 1, 1, 0, 1, 1, 0, 1, 1, 0, 0, 1, 0, 1, 1, 1, 1, 1, 1, 0, 0, 0, 1, 1, 0, 0, 0, 0, 1, 1, 1, 1, 0, 0, 1, 1, 0, 0, 1, 0, 1, 0, 1, 1, 1, 0, 1, 1, 0, 1, 0, 1, 1, 0, 0, 0, 1, 1, 1, 0, 0, 1, 1, 1, 0, 1, 1, 0, 0, 0, 1, 0, 1, 0, 1, 1, 1, 0, 1, 0, 1, 0, 1, 1, 0, 0, 1, 0, 1, 1, 0, 0, 1, 1, 1, 0, 1, 1, 0, 0, 1, 0, 0, 0, 1, 1, 1, 0, 0, 0, 1, 0, 1, 1, 1, 0, 1, 1, 0, 1, 1, 1, 1, 0, 1, 0, 0, 1, 1, 1, 0, 0, 1, 0, 0, 1, 0, 1, 0, 1, 0, 0, 1, 0, 1, 0, 1, 0, 1, 1, 1, 1, 0, 0, 1, 0, 1, 1, 1, 0, 0, 1, 1, 0, 0, 1, 0, 1, 0, 1, 0, 1, 1, 0, 1, 1, 1, 0, 1, 1, 0, 0, 1, 0, 1, 0, 1, 0, 0, 1, 0, 1, 1, 0, 1, 1, 0, 0, 1, 0, 1, 1, 0, 0, 1, 0, 0, 1, 0, 1, 0, 0, 1, 1, 0, 1, 1, 0, 0, 0, 1, 0, 1, 0, 1, 1, 0, 1, 1, 0, 0, 1, 0, 1, 0, 1, 1, 0, 0, 0, 1, 1, 1, 0, 0, 1, 1, 0, 1, 1, 0, 1, 0, 1, 1, 0, 1, 1, 0, 1, 0, 0, 0, 1, 1, 0, 0, 0, 0, 0, 1, 1, 1, 1, 1, 0, 0, 1, 0, 1, 0, 1, 1, 1, 0, 0, 0, 1, 0, 1, 0, 1, 1, 0, 0, 1, 1, 0, 1, 1, 0, 0, 1, 0, 0, 1, 0, 1, 1, 0, 0, 1, 0, 0, 1, 0, 1, 1, 0, 1, 0, 0, 0, 1, 0, 1, 1, 1, 0, 1, 1, 1, 0, 0, 1, 0, 1, 1, 1, 0, 1, 0, 1, 0, 1, 1, 0, 1, 0, 0, 1, 1, 0, 0, 0, 1, 1, 0, 1, 0, 0, 1, 1, 1, 1, 0, 1, 1, 0, 0, 0, 1, 1, 1, 0, 0, 1, 0, 1, 1, 0, 0, 0, 1, 1, 0, 0, 0, 0, 1, 1, 0, 1, 1, 0, 1, 0, 0, 0, 1, 1, 1, 0, 1, 1, 0, 1, 0, 0, 1, 1, 1, 0, 1, 1, 1, 0, 1, 1, 1, 0, 1, 0, 0, 0, 1, 1, 1, 0, 0, 1, 1, 1, 0, 1, 1, 0, 0, 1, 0, 1, 1, 1, 0, 1, 1, 1, 0, 0, 1, 1, 0, 1, 1, 1, 0, 1, 0, 0, 0, 1, 0, 1, 1, 0, 0, 1, 0, 0, 0, 0, 1, 0, 0, 1, 1, 0, 1, 1, 0, 1, 0]",3929.26,3929.26,14484283.0,54788.0,300.473659992218,3929.26,3695.19,0.059571013371474565
cp,13,total_time,2,"[601.0, 1020.0, 1029.0, 1097.0, 1304.0, 1334.0, 1631.0, 1725.0, 1848.0, 1889.0, 2190.0, 2345.0, 2406.0, 2434.0, 2474.0, 2541.0, 2631.0, 2654.0, 2850.0, 3004.0, 3162.0, 3187.0, 3230.0, 3360.0, 3424.0, 3515.0, 3698.0, 3717.0, 3829.0, 4012.0, 4096.0, 4393.0, 4511.0, 4675.0, 4942.0, 5153.0, 5170.0, 5221.0, 5238.0, 5351.0, 5522.0, 5642.0, 5710.0, 5701.0, 5804.0, 5849.0, 5877.0, 6000.0, 6191.0, 6486.0, 6513.0, 6622.0, 6780.0, 6893.0, 6956.0, 7122.0, 7137.0, 7190.0, 7205.0, 7258.0, 7273.0, 7348.0, 7425.0, 7534.0, 7901.0, 7957.0, 8023.0, 8136.0, 8208.0, 8321.0, 8308.0, 8376.0, 8575.0, 8577.0, 8665.0, 8778.0, 8930.0, 9156.0, 9275.0, 9348.0, 9432.0, 9433.0, 9597.0, 9715.0, 9791.0, 9881.0, 10258.0, 10364.0, 10631.0, 10879.0, 11124.0, 11164.0, 11214.0, 11293.0, 11355.0, 11434.0, 11751.0, 12278.0, 12294.0, 12346.0, 12596.0, 12604.0, 12768.0, 12811.0, 12975.0, 13123.0, 13162.0, 13322.0, 13501.0, 13595.0, 13663.0, 13614.0, 13682.0, 13772.0, 13731.0, 13852.0, 13880.0, 13992.0, 14120.0, 14200.0, 14212.0, 14563.0, 14614.0, 14650.0, 14682.0, 14740.0, 14924.0, 14928.0, 15040.0, 15130.0, 15066.0, 15135.0, 15575.0, 15764.0, 15769.0, 15968.0, 16052.0, 16110.0, 16432.0, 16579.0, 16591.0, 16692.0, 16851.0, 16928.0, 16993.0, 17182.0, 17226.0, 17294.0, 17255.0, 17372.0, 17453.0, 17483.0, 17827.0, 18064.0, 18385.0, 18785.0, 18815.0, 18962.0, 19039.0, 19092.0, 19233.0, 19272.0, 19376.0, 19424.0, 19508.0, 19795.0, 20061.0, 20143.0, 20647.0, 21103.0, 21182.0, 21415.0, 21491.0, 21578.0, 21741.0, 22118.0, 22145.0, 22215.0, 22365.0, 22585.0, 22781.0, 22921.0, 22928.0, 23172.0, 23324.0, 23388.0, 23412.0, 23461.0, 23620.0, 23680.0, 23710.0, 23864.0, 23884.0, 24046.0, 24177.0, 24213.0, 24267.0, 24643.0, 24653.0, 24746.0, 24907.0, 25028.0, 25250.0, 25252.0, 25494.0, 25776.0, 25817.0, 25895.0, 25940.0, 25963.0, 26080.0, 26170.0, 26099.0, 26167.0, 26235.0, 26386.0, 26426.0, 26490.0, 26708.0, 26778.0, 26854.0, 26953.0, 27056.0, 27257.0, 27263.0, 27343.0, 27406.0, 27493.0, 27523.0, 27591.0, 27748.0, 27764.0, 27816.0, 27854.0, 27916.0, 28122.0, 28218.0, 28268.0, 28308.0, 28381.0, 28439.0, 28483.0, 28586.0, 28917.0, 28967.0, 29030.0, 29051.0, 29161.0, 29321.0, 29618.0, 29740.0, 29758.0, 29808.0, 29858.0, 29886.0, 29971.0, 29976.0, 30045.0, 30423.0, 30465.0, 30508.0, 30828.0, 30896.0, 30847.0, 30982.0, 30971.0, 31175.0, 31215.0, 31339.0, 31360.0, 31407.0, 31623.0, 31742.0, 31818.0, 31857.0, 31966.0, 31977.0, 32160.0, 32249.0, 32437.0, 32476.0, 32595.0, 32597.0, 32708.0, 32716.0, 32852.0, 32964.0, 32969.0, 33032.0, 33068.0, 33136.0, 33204.0, 33137.0, 33408.0, 33227.0, 33272.0, 33340.0, 33317.0, 33430.0, 33553.0, 33914.0, 33959.0, 34091.0, 34222.0, 34645.0, 34682.0, 34800.0, 35154.0, 35185.0, 35267.0, 35323.0, 35571.0, 35576.0, 36035.0, 36276.0, 36295.0, 36363.0, 36411.0, 36431.0, 36521.0, 36494.0, 36629.0, 36638.0, 37056.0, 37138.0, 37203.0, 37560.0, 37695.0, 37700.0, 37795.0, 37878.0, 37886.0, 38021.0, 38099.0, 38189.0, 38228.0, 38279.0, 38430.0, 38479.0, 38574.0, 38604.0, 38669.0, 38725.0, 38782.0, 38889.0, 39210.0, 39293.0, 39430.0, 39533.0, 39954.0, 39958.0, 40107.0, 40119.0, 40205.0, 40345.0, 40394.0, 40500.0, 40628.0, 40742.0, 40833.0, 40855.0, 40946.0, 40928.0, 41131.0, 41163.0, 41432.0, 41513.0, 41567.0, 41782.0, 41894.0, 41900.0, 41990.0, 41986.0, 42076.0, 42080.0, 42203.0, 42369.0, 42474.0, 42504.0, 42594.0, 42564.0, 42677.0, 42662.0, 42746.0, 42782.0, 42850.0, 42836.0, 42916.0, 42935.0, 43065.0, 43176.0, 43576.0, 43684.0, 43862.0, 43863.0, 44035.0, 44097.0, 44125.0, 44240.0, 44364.0, 44516.0, 44737.0, 44989.0, 45226.0, 45231.0, 45336.0, 45364.0, 45432.0, 45426.0, 45494.0, 45522.0, 45607.0, 45610.0, 45785.0, 46031.0, 46077.0, 46196.0, 46247.0, 46337.0, 46286.0, 46427.0, 46399.0, 46489.0, 46517.0, 46804.0, 46851.0, 46903.0, 46964.0, 47183.0, 47324.0, 47387.0, 47450.0, 47557.0, 47632.0, 47810.0, 47811.0, 47878.0, 47923.0, 47968.0, 48058.0, 48012.0, 48087.0, 48164.0, 48583.0, 48824.0, 48867.0, 49144.0, 49191.0, 49251.0, 49455.0, 49635.0, 49993.0, 50033.0, 50087.0, 50359.0, 50360.0, 50449.0, 50593.0, 50606.0, 50863.0, 50960.0, 51064.0, 51096.0, 51155.0, 51223.0, 51407.0, 51483.0, 51563.0, 51686.0, 51849.0, 51907.0, 52198.0, 52275.0, 52349.0, 52388.0, 52417.0, 52594.0, 52665.0, 52810.0, 52880.0, 52962.0, 53069.0, 53125.0, 53138.0, 53569.0, 53580.0, 53723.0, 53659.0, 53655.0, 53749.0, 53813.0, 53903.0, 53862.0, 53930.0, 53998.0, 54186.0, 54204.0, 54254.0, 54301.0, 54583.0]","[-108.0, -278.0, -545.0, -407.0, -96.0, -80.0, -205.0, -591.0, -537.0, -244.0, -178.0, -306.0, -541.0, -137.0, -590.0, -405.0, -300.0, -421.0, -324.0, -197.0, -161.0, -493.0, -522.0, -323.0, -251.0, -332.0, -415.0, -310.0, -481.0, -242.0, -135.0, -269.0, -453.0, -86.0, -341.0, -266.0, -544.0, -142.0, -380.0, -337.0, -136.0, -325.0, -233.0, -509.0, -339.0, -308.0, -335.0, -109.0, -130.0, -267.0, -576.0, -315.0, -261.0, -264.0, -250.0, -492.0, -132.0, -256.0, -143.0, -32.0, -334.0, -104.0, -419.0, -172.0, -342.0, -394.0, -132.0, -66.0, -558.0, -330.0, -541.0, -269.0, -306.0, -445.0, -324.0, -366.0, -500.0, -482.0, -590.0, -451.0, -462.0, -266.0, -193.0, -599.0, -358.0, -245.0, -102.0, -427.0, -318.0, -548.0, -568.0, -480.0, -120.0, -254.0, -271.0, -182.0, -281.0, -141.0, -419.0, -404.0, -473.0, -449.0, -360.0, -251.0, -172.0, -121.0, -513.0, -171.0, -419.0, -204.0, -212.0, -477.0, -572.0, -30.0, -72.0, -203.0, -247.0, -68.0, -375.0, -216.0, -591.0, -550.0, -409.0, -190.0, -251.0, -121.0, -98.0, -580.0, -371.0, -191.0, -456.0, -128.0, -429.0, -201.0, -476.0, -126.0, -511.0, -424.0, -148.0, -310.0, -181.0, -267.0, -149.0, -381.0, -93.0, -503.0, -358.0, -80.0, -529.0, -194.0, -415.0, -198.0, -93.0, -140.0, -389.0, -450.0, -577.0, -518.0, -279.0, -386.0, -255.0, -446.0, -400.0, -111.0, -587.0, -389.0, -446.0, -283.0, -208.0, -105.0, -472.0, -338.0, -586.0, -273.0, -488.0, -399.0, -521.0, -411.0, -583.0, -459.0, -431.0, -320.0, -471.0, -135.0, -187.0, -511.0, -595.0, -367.0, -322.0, -334.0, -259.0, -223.0, -117.0, -223.0, -405.0, -381.0, -545.0, -422.0, -316.0, -361.0, -249.0, -214.0, -134.0, -186.0, -309.0, -90.0, -393.0, -96.0, -520.0, -366.0, -103.0, -256.0, -399.0, -319.0, -65.0, -383.0, -287.0, -404.0, -201.0, -396.0, -354.0, -283.0, -445.0, -364.0, -406.0, -349.0, -278.0, -129.0, -444.0, -490.0, -400.0, -285.0, -336.0, -320.0, -397.0, -183.0, -561.0, -329.0, -472.0, -287.0, -195.0, -491.0, -71.0, -525.0, -396.0, -48.0, -191.0, -381.0, -539.0, -312.0, -319.0, -573.0, -542.0, -443.0, -239.0, -446.0, -520.0, -156.0, -298.0, -397.0, -100.0, -385.0, -489.0, -365.0, -169.0, -220.0, -167.0, -409.0, -265.0, -235.0, -363.0, -173.0, -258.0, -449.0, -532.0, -497.0, -474.0, -408.0, -126.0, -104.0, -531.0, -162.0, -403.0, -24.0, -129.0, -463.0, -519.0, -111.0, -436.0, -235.0, -56.0, -370.0, -245.0, -21.0, -487.0, -390.0, -239.0, -563.0, -169.0, -462.0, -528.0, -554.0, -433.0, -194.0, -429.0, -398.0, -376.0, -403.0, -302.0, -43.0, -539.0, -158.0, -231.0, -315.0, -448.0, -397.0, -497.0, -455.0, -384.0, -19.0, -128.0, -205.0, -129.0, -589.0, -305.0, -178.0, -435.0, -124.0, -297.0, -75.0, -95.0, -257.0, -467.0, -245.0, -205.0, -85.0, -179.0, -332.0, -473.0, -264.0, -99.0, -297.0, -372.0, -135.0, -460.0, -346.0, -206.0, -517.0, -580.0, -509.0, -101.0, -360.0, -435.0, -595.0, -481.0, -536.0, -180.0, -454.0, -376.0, -503.0, -492.0, -365.0, -240.0, -589.0, -590.0, -214.0, -132.0, -148.0, -304.0, -216.0, -294.0, -359.0, -103.0, -321.0, -417.0, -370.0, -236.0, -277.0, -452.0, -263.0, -508.0, -60.0, -238.0, -123.0, -249.0, -507.0, -295.0, -521.0, -95.0, -567.0, -250.0, -238.0, -170.0, -533.0, -63.0, -100.0, -366.0, -257.0, -207.0, -155.0, -122.0, -444.0, -418.0, -427.0, -388.0, -426.0, -70.0, -494.0, -187.0, -371.0, -116.0, -151.0, -379.0, -64.0, -530.0, -364.0, -184.0, -345.0, -16.0, -101.0, -292.0, -357.0, -212.0, -104.0, -154.0, -68.0, -237.0, -88.0, -160.0, -316.0, -461.0, -66.0, -267.0, -567.0, -473.0, -211.0, -276.0, -538.0, -111.0, -235.0, -300.0, -334.0, -63.0, -490.0, -465.0, -76.0, -272.0, -141.0, -166.0, -436.0, -74.0, -446.0, -292.0, -355.0, -365.0, -551.0, -154.0, -198.0, -184.0, -249.0, -563.0, -443.0, -288.0, -314.0, -527.0, -370.0, -86.0, -81.0, -187.0, -260.0, -104.0, -496.0, -327.0, -385.0, -299.0, -255.0, -67.0, -103.0, -477.0, -505.0, -400.0, -565.0, -232.0, -83.0, -389.0, -117.0, -389.0, -109.0, -504.0, -382.0, -519.0, -500.0, -305.0, -443.0, -171.0, -513.0, -565.0, -480.0, -115.0, -205.0]","[0, 1, 0, 0, 1, 0, 1, 0, 0, 1, 1, 1, 0, 1, 0, 1, 0, 1, 0, 1, 0, 1, 0, 0, 1, 1, 0, 1, 0, 0, 1, 0, 1, 1, 1, 1, 0, 1, 0, 0, 0, 0, 0, 1, 1, 0, 1, 1, 1, 0, 1, 0, 0, 0, 1, 1, 0, 1, 0, 1, 0, 1, 0, 1, 1, 0, 1, 0, 0, 0, 1, 1, 0, 1, 0, 0, 1, 1, 0, 1, 0, 1, 1, 0, 0, 1, 1, 0, 0, 1, 1, 0, 1, 0, 1, 0, 0, 0, 1, 0, 1, 0, 1, 0, 1, 0, 1, 1, 0, 1, 1, 0, 0, 0, 1, 0, 1, 0, 0, 1, 0, 1, 0, 1, 0, 1, 1, 0, 0, 0, 1, 1, 0, 0, 1, 0, 1, 0, 0, 0, 1, 0, 1, 0, 1, 0, 1, 1, 0, 0, 1, 0, 1, 1, 1, 0, 1, 0, 1, 0, 0, 1, 0, 1, 0, 1, 1, 0, 0, 0, 1, 0, 1, 0, 1, 1, 0, 1, 1, 0, 1, 1, 0, 1, 1, 0, 1, 0, 0, 1, 0, 0, 1, 1, 1, 0, 1, 1, 0, 0, 0, 1, 1, 0, 1, 1, 0, 1, 0, 1, 1, 1, 0, 0, 0, 0, 1, 0, 1, 0, 1, 0, 1, 0, 1, 0, 1, 1, 0, 0, 1, 0, 1, 0, 1, 1, 0, 1, 0, 1, 0, 1, 0, 1, 0, 1, 0, 1, 1, 1, 0, 1, 0, 1, 0, 1, 0, 1, 0, 1, 0, 1, 1, 0, 0, 1, 0, 1, 0, 1, 0, 1, 0, 1, 0, 0, 1, 0, 1, 1, 0, 0, 1, 0, 1, 0, 1, 0, 1, 0, 0, 0, 1, 0, 1, 0, 0, 1, 1, 0, 1, 0, 1, 0, 0, 1, 0, 0, 1, 0, 1, 0, 1, 1, 1, 0, 0, 1, 0, 0, 1, 1, 0, 1, 0, 1, 0, 1, 0, 1, 0, 1, 0, 0, 0, 1, 0, 0, 1, 1, 0, 1, 0, 1, 0, 0, 1, 1, 0, 0, 1, 1, 0, 1, 0, 1, 0, 1, 0, 0, 1, 0, 1, 1, 0, 1, 1, 0, 1, 1, 0, 0, 1, 1, 0, 1, 0, 0, 1, 1, 0, 0, 1, 0, 1, 1, 0, 0, 1, 1, 1, 0, 0, 1, 0, 1, 0, 1, 0, 1, 1, 0, 0, 0, 1, 1, 0, 0, 1, 1, 0, 0, 1, 0, 0, 1, 1, 0, 0, 1, 0, 1, 1, 0, 1, 0, 1, 0, 1, 0, 1, 0, 1, 1, 0, 1, 0, 1, 0, 0, 1, 1, 1, 1, 1, 0, 0, 1, 0, 1, 0, 0, 1, 0, 1, 0, 0, 1, 0, 1, 0, 0, 1, 0, 1, 1, 0, 1, 0, 1, 0, 0, 1, 0, 1, 0, 0, 1, 1, 0, 0, 0, 1, 0, 1, 0, 0, 1, 0, 1, 0, 0, 1, 1, 1, 0, 1, 0, 1, 1]",14325651.0,238732.58,14325651.0,54583.0,300.38429617881775,14325651.0,14325100.0,3.846247545748532e-05
cp,13,makespan,2,"[952.0, 1020.0, 1133.0, 1201.0, 1314.0, 1382.0, 1631.0, 1725.0, 1848.0, 1961.0, 2190.0, 2345.0, 2435.0, 2503.0, 2571.0, 2661.0, 2774.0, 2842.0, 2910.0, 3004.0, 3162.0, 3230.0, 3320.0, 3388.0, 3456.0, 3524.0, 3698.0, 3766.0, 3856.0, 4012.0, 4125.0, 4393.0, 4511.0, 4675.0, 4942.0, 5153.0, 5221.0, 5289.0, 5357.0, 5425.0, 5522.0, 5642.0, 5710.0, 5800.0, 5868.0, 5936.0, 6004.0, 6072.0, 6191.0, 6486.0, 6621.0, 6689.0, 6802.0, 6893.0, 6983.0, 7122.0, 7190.0, 7258.0, 7348.0, 7416.0, 7506.0, 7596.0, 7686.0, 7799.0, 7901.0, 7969.0, 8037.0, 8172.0, 8240.0, 8353.0, 8443.0, 8511.0, 8579.0, 8647.0, 8737.0, 8805.0, 8930.0, 9156.0, 9275.0, 9348.0, 9432.0, 9500.0, 9597.0, 9715.0, 9791.0, 9904.0, 10258.0, 10371.0, 10631.0, 10879.0, 11124.0, 11237.0, 11390.0, 11503.0, 11571.0, 11639.0, 11751.0, 12278.0, 12346.0, 12414.0, 12596.0, 12686.0, 12776.0, 12889.0, 12975.0, 13123.0, 13191.0, 13322.0, 13501.0, 13614.0, 13682.0, 13772.0, 13840.0, 13930.0, 13998.0, 14066.0, 14134.0, 14202.0, 14292.0, 14360.0, 14495.0, 14563.0, 14653.0, 14721.0, 14811.0, 14901.0, 15014.0, 15104.0, 15172.0, 15262.0, 15375.0, 15443.0, 15575.0, 15764.0, 15877.0, 15968.0, 16081.0, 16149.0, 16432.0, 16590.0, 16680.0, 16793.0, 16861.0, 16929.0, 17019.0, 17182.0, 17272.0, 17340.0, 17408.0, 17521.0, 17589.0, 17657.0, 17827.0, 18064.0, 18385.0, 18785.0, 18898.0, 18966.0, 19056.0, 19124.0, 19233.0, 19346.0, 19414.0, 19504.0, 19594.0, 19795.0, 20061.0, 20174.0, 20647.0, 21103.0, 21216.0, 21415.0, 21491.0, 21604.0, 21741.0, 22118.0, 22231.0, 22299.0, 22412.0, 22585.0, 22781.0, 22921.0, 22989.0, 23172.0, 23324.0, 23414.0, 23482.0, 23617.0, 23685.0, 23775.0, 23843.0, 23911.0, 24001.0, 24091.0, 24181.0, 24294.0, 24362.0, 24643.0, 24711.0, 24779.0, 24907.0, 25028.0, 25250.0, 25340.0, 25494.0, 25776.0, 25889.0, 25979.0, 26047.0, 26137.0, 26227.0, 26317.0, 26430.0, 26498.0, 26566.0, 26634.0, 26702.0, 26792.0, 26860.0, 26950.0, 27063.0, 27131.0, 27221.0, 27334.0, 27402.0, 27470.0, 27583.0, 27651.0, 27764.0, 27832.0, 27922.0, 27990.0, 28080.0, 28148.0, 28216.0, 28306.0, 28396.0, 28486.0, 28576.0, 28689.0, 28757.0, 28847.0, 28915.0, 28993.0, 29106.0, 29009.0, 29264.0, 29377.0, 29445.0, 29618.0, 29740.0, 29808.0, 29921.0, 29989.0, 30079.0, 30192.0, 30260.0, 30373.0, 30441.0, 30509.0, 30599.0, 30828.0, 30896.0, 30964.0, 31099.0, 31167.0, 31235.0, 31303.0, 31416.0, 31484.0, 31552.0, 31623.0, 31758.0, 31826.0, 31894.0, 31966.0, 32056.0, 32169.0, 32259.0, 32437.0, 32550.0, 32618.0, 32708.0, 32821.0, 32889.0, 32979.0, 33092.0, 33160.0, 33228.0, 33363.0, 33431.0, 33499.0, 33567.0, 33680.0, 33748.0, 33861.0, 33929.0, 33997.0, 34110.0, 34200.0, 34268.0, 34358.0, 34426.0, 34494.0, 34645.0, 34936.0, 35071.0, 35154.0, 35244.0, 35357.0, 35425.0, 35571.0, 35639.0, 36035.0, 36276.0, 36389.0, 36457.0, 36547.0, 36615.0, 36705.0, 36818.0, 36886.0, 36976.0, 37089.0, 37157.0, 37225.0, 37560.0, 37695.0, 37763.0, 37876.0, 37944.0, 38012.0, 38125.0, 38193.0, 38261.0, 38374.0, 38442.0, 38555.0, 38623.0, 38691.0, 38826.0, 38894.0, 39007.0, 39075.0, 39143.0, 39211.0, 39301.0, 39430.0, 39533.0, 39954.0, 40022.0, 40135.0, 40203.0, 40271.0, 40384.0, 40452.0, 40520.0, 40628.0, 40742.0, 40833.0, 40968.0, 41036.0, 41126.0, 41194.0, 41262.0, 41432.0, 41513.0, 41581.0, 41782.0, 41894.0, 41962.0, 42052.0, 42165.0, 42255.0, 42323.0, 42436.0, 42504.0, 42572.0, 42685.0, 42775.0, 42843.0, 42956.0, 43046.0, 43114.0, 43182.0, 43250.0, 43340.0, 43408.0, 43476.0, 43544.0, 43634.0, 43747.0, 43815.0, 43905.0, 43973.0, 44041.0, 44154.0, 44222.0, 44335.0, 44403.0, 44516.0, 44737.0, 44989.0, 45226.0, 45339.0, 45407.0, 45475.0, 45543.0, 45633.0, 45701.0, 45769.0, 45837.0, 45905.0, 45995.0, 46063.0, 46153.0, 46221.0, 46311.0, 46401.0, 46491.0, 46581.0, 46694.0, 46784.0, 46852.0, 46965.0, 47033.0, 47123.0, 47236.0, 47304.0, 47372.0, 47440.0, 47530.0, 47766.0, 47834.0, 47947.0, 48015.0, 48083.0, 48196.0, 48264.0, 48354.0, 48467.0, 48535.0, 48603.0, 48671.0, 48824.0, 48914.0, 49144.0, 49212.0, 49347.0, 49455.0, 49635.0, 49993.0, 50061.0, 50129.0, 50359.0, 50449.0, 50517.0, 50593.0, 50661.0, 50863.0, 50960.0, 51064.0, 51132.0, 51200.0, 51268.0, 51407.0, 51497.0, 51610.0, 51686.0, 51849.0, 51939.0, 52198.0, 52288.0, 52401.0, 52469.0, 52582.0, 52650.0, 52740.0, 52810.0, 52900.0, 52968.0, 53069.0, 53159.0, 53227.0, 53569.0, 53682.0, 53750.0, 53840.0, 53953.0, 54021.0, 54111.0, 54201.0, 54314.0, 54382.0, 54450.0, 54540.0, 54204.0, 54272.0, 54362.0, 54583.0]","[243.0, -278.0, -441.0, -303.0, -86.0, -32.0, -205.0, -591.0, -537.0, -172.0, -178.0, -306.0, -512.0, -68.0, -493.0, -285.0, -157.0, -233.0, -264.0, -197.0, -161.0, -450.0, -432.0, -295.0, -219.0, -323.0, -415.0, -261.0, -454.0, -242.0, -106.0, -269.0, -453.0, -86.0, -341.0, -266.0, -493.0, -74.0, -261.0, -263.0, -136.0, -325.0, -233.0, -410.0, -275.0, -221.0, -208.0, -37.0, -130.0, -267.0, -468.0, -248.0, -239.0, -264.0, -223.0, -492.0, -79.0, -188.0, 0.0, 126.0, -101.0, 144.0, -158.0, 93.0, -342.0, -382.0, -118.0, -30.0, -526.0, -298.0, -406.0, -134.0, -302.0, -375.0, -252.0, -339.0, -500.0, -482.0, -590.0, -451.0, -462.0, -199.0, -193.0, -599.0, -358.0, -222.0, -102.0, -420.0, -318.0, -548.0, -568.0, -407.0, 56.0, -44.0, -55.0, 23.0, -281.0, -141.0, -367.0, -336.0, -473.0, -367.0, -352.0, -173.0, -172.0, -121.0, -484.0, -171.0, -419.0, -185.0, -193.0, -319.0, -414.0, 128.0, 195.0, 11.0, 7.0, 142.0, -203.0, -56.0, -308.0, -550.0, -370.0, -119.0, -122.0, 40.0, -8.0, -404.0, -239.0, -59.0, -147.0, 180.0, -429.0, -201.0, -368.0, -126.0, -482.0, -385.0, -148.0, -299.0, -92.0, -166.0, -139.0, -380.0, -67.0, -503.0, -312.0, -34.0, -376.0, -45.0, -279.0, -24.0, -93.0, -140.0, -389.0, -450.0, -494.0, -514.0, -262.0, -354.0, -255.0, -372.0, -362.0, -31.0, -501.0, -389.0, -446.0, -252.0, -208.0, -105.0, -438.0, -338.0, -586.0, -247.0, -488.0, -399.0, -435.0, -327.0, -536.0, -459.0, -431.0, -320.0, -410.0, -135.0, -187.0, -485.0, -525.0, -211.0, -257.0, -239.0, -126.0, -176.0, 0.0, -178.0, -401.0, -300.0, -450.0, -422.0, -258.0, -328.0, -249.0, -214.0, -134.0, -98.0, -309.0, -90.0, -321.0, -12.0, -413.0, -192.0, 44.0, -109.0, -68.0, 12.0, 266.0, -135.0, -11.0, -102.0, -49.0, -224.0, -145.0, -105.0, -280.0, -287.0, -267.0, -222.0, -101.0, 29.0, -203.0, -249.0, -226.0, -59.0, -72.0, -26.0, -97.0, 1.0, -383.0, -111.0, -204.0, 21.0, 123.0, -127.0, 258.0, -449.0, -257.0, -69.0, 22.0, -165.0, -415.0, -312.0, -319.0, -523.0, -429.0, -312.0, -46.0, -225.0, -236.0, 172.0, -280.0, -353.0, -9.0, -385.0, -489.0, -248.0, -52.0, -24.0, -107.0, -321.0, -188.0, -111.0, -218.0, -173.0, -242.0, -441.0, -495.0, -497.0, -395.0, -399.0, -116.0, -104.0, -457.0, -139.0, -292.0, 89.0, 44.0, -336.0, -391.0, 80.0, -240.0, 60.0, 239.0, -75.0, 185.0, 251.0, 34.0, 199.0, 350.0, 117.0, 511.0, 185.0, -174.0, -155.0, -98.0, 78.0, -429.0, -144.0, -105.0, -403.0, -243.0, 47.0, -437.0, -158.0, -168.0, -315.0, -448.0, -303.0, -403.0, -319.0, -200.0, 165.0, 196.0, 52.0, 209.0, -556.0, -286.0, -156.0, -435.0, -124.0, -234.0, 6.0, -29.0, -131.0, -363.0, -151.0, -133.0, 61.0, -16.0, -207.0, -329.0, -147.0, 123.0, -72.0, -90.0, 158.0, -206.0, -345.0, -198.0, -517.0, -580.0, -509.0, -37.0, -332.0, -351.0, -529.0, -442.0, -478.0, -160.0, -454.0, -376.0, -503.0, -379.0, -275.0, -42.0, -526.0, -491.0, -214.0, -132.0, -134.0, -304.0, -216.0, -232.0, -297.0, 76.0, -142.0, -174.0, -137.0, -101.0, -179.0, -271.0, -82.0, -229.0, 219.0, 146.0, 245.0, 151.0, -107.0, 209.0, -29.0, 446.0, -88.0, 208.0, -67.0, -39.0, -490.0, 47.0, -94.0, -309.0, -160.0, -112.0, -116.0, -122.0, -444.0, -418.0, -427.0, -280.0, -355.0, 41.0, -383.0, 20.0, -164.0, 131.0, 79.0, -84.0, 146.0, -498.0, -288.0, -159.0, -281.0, 48.0, 104.0, -138.0, -62.0, 83.0, 231.0, 7.0, 114.0, -17.0, 184.0, -39.0, -268.0, -408.0, 14.0, -58.0, -365.0, -336.0, -7.0, -71.0, -265.0, 185.0, 61.0, 155.0, 114.0, 376.0, -402.0, -465.0, -29.0, -272.0, -120.0, -70.0, -436.0, -74.0, -446.0, -264.0, -313.0, -365.0, -462.0, -86.0, -198.0, -129.0, -249.0, -563.0, -443.0, -252.0, -269.0, -482.0, -370.0, -72.0, -34.0, -187.0, -260.0, -72.0, -496.0, -314.0, -333.0, -218.0, -90.0, -11.0, -28.0, -477.0, -485.0, -394.0, -565.0, -198.0, 6.0, -389.0, -15.0, -362.0, 72.0, -206.0, -110.0, -221.0, -202.0, 147.0, 9.0, 281.0, -159.0, -565.0, -462.0, -54.0, -205.0]","[0, 0, 0, 0, 0, 0, 0, 0, 0, 0, 0, 0, 0, 0, 0, 0, 0, 0, 0, 0, 0, 0, 0, 0, 0, 0, 0, 0, 0, 0, 0, 0, 0, 0, 0, 0, 0, 0, 0, 0, 0, 0, 0, 0, 0, 0, 0, 0, 0, 0, 0, 0, 0, 0, 0, 0, 0, 0, 0, 0, 0, 0, 0, 0, 0, 0, 0, 0, 0, 0, 0, 0, 0, 0, 0, 0, 0, 0, 0, 0, 0, 0, 0, 0, 0, 0, 0, 0, 0, 0, 0, 0, 0, 0, 0, 0, 0, 0, 0, 0, 0, 0, 0, 0, 0, 0, 0, 0, 0, 0, 0, 0, 0, 0, 0, 0, 0, 0, 0, 0, 0, 0, 0, 0, 0, 0, 0, 0, 0, 0, 0, 0, 0, 0, 0, 0, 0, 0, 0, 0, 0, 0, 0, 0, 0, 0, 0, 0, 0, 0, 0, 0, 0, 0, 0, 0, 0, 0, 0, 0, 0, 0, 0, 0, 0, 0, 0, 0, 0, 0, 0, 0, 0, 0, 0, 0, 0, 0, 0, 0, 0, 0, 0, 0, 0, 0, 0, 0, 0, 0, 0, 0, 0, 0, 0, 0, 0, 0, 0, 0, 0, 0, 0, 0, 0, 0, 0, 0, 0, 0, 0, 0, 0, 0, 0, 0, 0, 0, 0, 0, 0, 0, 0, 0, 0, 0, 0, 0, 0, 0, 0, 0, 0, 0, 0, 0, 0, 0, 0, 0, 0, 0, 0, 0, 0, 1, 0, 0, 0, 0, 0, 0, 0, 0, 0, 0, 0, 0, 0, 0, 0, 0, 0, 0, 0, 0, 0, 0, 0, 0, 0, 0, 0, 0, 0, 0, 0, 0, 0, 0, 0, 0, 0, 0, 0, 0, 0, 0, 0, 0, 0, 0, 0, 0, 0, 0, 0, 0, 0, 0, 0, 0, 0, 0, 0, 0, 0, 0, 0, 0, 0, 0, 0, 0, 0, 0, 0, 0, 0, 0, 0, 0, 0, 0, 0, 0, 0, 0, 0, 0, 0, 0, 0, 0, 0, 0, 0, 0, 0, 0, 0, 0, 0, 0, 0, 0, 0, 0, 0, 0, 0, 0, 0, 0, 0, 0, 0, 0, 0, 0, 0, 0, 0, 0, 0, 0, 0, 0, 0, 0, 0, 0, 0, 0, 0, 0, 0, 0, 0, 0, 0, 0, 0, 0, 0, 0, 0, 0, 0, 0, 0, 0, 0, 0, 0, 0, 0, 0, 0, 0, 0, 0, 0, 0, 0, 0, 0, 0, 0, 0, 0, 0, 0, 0, 0, 0, 0, 0, 0, 0, 0, 0, 0, 0, 0, 0, 0, 0, 0, 0, 0, 0, 0, 0, 0, 0, 0, 0, 0, 0, 0, 0, 0, 0, 0, 0, 0, 0, 0, 0, 0, 0, 0, 0, 0, 0, 0, 0, 0, 0, 0, 0, 0, 0, 0, 0, 0, 0, 0, 0, 0, 0, 0, 0, 0, 0, 0, 0, 0, 0, 0, 0, 0, 0, 0, 0, 0, 0, 0, 0, 0, 0, 0, 0, 0, 0, 1, 1, 1, 1]",54583.0,182994.53,14382550.0,54583.0,0.9110960960388184,54583.0,54583.0,0.0
cp,13,penalty,3,"[709.0, 1298.0, 1574.0, 1504.0, 1400.0, 1414.0, 1836.0, 2316.0, 2385.0, 2133.0, 2368.0, 2651.0, 2947.0, 2571.0, 3064.0, 2946.0, 2931.0, 3075.0, 3174.0, 3201.0, 3323.0, 3680.0, 3752.0, 3683.0, 3675.0, 3847.0, 4113.0, 4027.0, 4310.0, 4254.0, 4231.0, 4662.0, 4964.0, 4761.0, 5283.0, 5419.0, 5714.0, 5363.0, 5618.0, 5688.0, 5658.0, 5967.0, 5943.0, 6211.0, 6143.0, 6157.0, 6222.0, 6109.0, 6321.0, 6753.0, 7089.0, 6937.0, 7041.0, 7157.0, 7206.0, 7614.0, 7269.0, 7446.0, 7348.0, 7290.0, 7607.0, 7452.0, 7844.0, 7706.0, 8243.0, 8351.0, 8155.0, 8202.0, 8766.0, 8651.0, 8849.0, 8645.0, 8881.0, 9022.0, 8989.0, 9144.0, 9430.0, 9638.0, 9865.0, 9799.0, 9894.0, 9699.0, 9790.0, 10314.0, 10149.0, 10126.0, 10360.0, 10791.0, 10949.0, 11427.0, 11692.0, 11644.0, 11334.0, 11547.0, 11626.0, 11616.0, 12032.0, 12419.0, 12713.0, 12750.0, 13069.0, 13053.0, 13130.0, 13062.0, 13147.0, 13244.0, 13675.0, 13493.0, 13920.0, 13799.0, 13875.0, 14091.0, 14254.0, 13802.0, 13803.0, 14055.0, 14127.0, 14060.0, 14495.0, 14416.0, 14803.0, 15113.0, 15023.0, 14840.0, 14933.0, 14861.0, 15022.0, 15508.0, 15411.0, 15321.0, 15522.0, 15263.0, 16004.0, 15965.0, 16245.0, 16094.0, 16563.0, 16534.0, 16580.0, 16889.0, 16772.0, 16959.0, 17000.0, 17309.0, 17086.0, 17685.0, 17584.0, 17374.0, 17784.0, 17566.0, 17868.0, 17681.0, 17920.0, 18204.0, 18774.0, 19235.0, 19392.0, 19467.0, 19318.0, 19478.0, 19488.0, 19718.0, 19776.0, 19535.0, 20095.0, 20184.0, 20507.0, 20426.0, 20855.0, 21208.0, 21654.0, 21753.0, 22077.0, 21851.0, 22229.0, 22517.0, 22666.0, 22626.0, 22948.0, 23044.0, 23212.0, 23241.0, 23399.0, 23307.0, 23511.0, 23899.0, 24007.0, 23828.0, 23939.0, 24037.0, 23969.0, 24087.0, 23997.0, 24269.0, 24582.0, 24594.0, 24812.0, 25065.0, 24969.0, 25107.0, 25156.0, 25242.0, 25384.0, 25438.0, 25803.0, 25866.0, 26210.0, 25991.0, 26460.0, 26329.0, 26183.0, 26426.0, 26498.0, 26539.0, 26300.0, 26769.0, 26713.0, 26894.0, 26909.0, 27174.0, 27208.0, 27236.0, 27501.0, 27621.0, 27669.0, 27712.0, 27689.0, 27622.0, 27967.0, 28081.0, 28148.0, 28049.0, 28152.0, 28174.0, 28313.0, 28305.0, 28779.0, 28555.0, 28780.0, 28668.0, 28634.0, 28974.0, 28657.0, 29442.0, 29363.0, 29078.0, 29242.0, 29542.0, 29860.0, 29930.0, 30059.0, 30331.0, 30350.0, 30301.0, 30125.0, 30417.0, 30496.0, 30201.0, 30721.0, 30862.0, 30608.0, 31213.0, 31385.0, 31212.0, 31145.0, 31191.0, 31342.0, 31624.0, 31604.0, 31595.0, 31770.0, 31796.0, 32000.0, 32267.0, 32389.0, 32463.0, 32451.0, 32568.0, 32375.0, 32541.0, 33007.0, 32757.0, 33000.0, 32732.0, 32845.0, 33315.0, 33483.0, 33080.0, 33468.0, 33303.0, 33192.0, 33574.0, 33378.0, 33429.0, 33714.0, 33662.0, 33579.0, 33880.0, 33599.0, 34015.0, 34434.0, 34513.0, 34524.0, 34416.0, 35074.0, 35080.0, 35176.0, 35557.0, 35487.0, 35310.0, 35862.0, 35729.0, 35807.0, 36350.0, 36724.0, 36692.0, 36880.0, 36866.0, 36744.0, 36540.0, 36622.0, 36834.0, 36767.0, 37645.0, 37443.0, 37381.0, 37995.0, 37819.0, 37997.0, 37870.0, 37973.0, 38143.0, 38488.0, 38344.0, 38394.0, 38313.0, 38458.0, 38762.0, 38952.0, 38838.0, 38703.0, 38966.0, 39097.0, 38917.0, 39349.0, 39556.0, 39499.0, 39947.0, 40113.0, 40463.0, 40059.0, 40467.0, 40554.0, 40800.0, 40826.0, 40930.0, 40680.0, 41082.0, 41118.0, 41336.0, 41347.0, 41311.0, 41168.0, 41720.0, 41753.0, 41646.0, 41645.0, 41715.0, 42086.0, 42110.0, 42194.0, 42349.0, 42089.0, 42397.0, 42497.0, 42573.0, 42605.0, 42751.0, 42956.0, 42857.0, 43072.0, 42737.0, 42900.0, 42869.0, 43031.0, 43357.0, 43131.0, 43437.0, 43030.0, 43632.0, 43426.0, 43814.0, 43854.0, 44395.0, 43926.0, 44135.0, 44463.0, 44382.0, 44447.0, 44519.0, 44638.0, 45181.0, 45407.0, 45681.0, 45619.0, 45762.0, 45434.0, 45926.0, 45613.0, 45865.0, 45638.0, 45758.0, 45989.0, 45849.0, 46561.0, 46466.0, 46380.0, 46592.0, 46353.0, 46387.0, 46719.0, 46756.0, 46701.0, 46621.0, 46958.0, 46919.0, 47140.0, 47052.0, 47343.0, 47640.0, 47848.0, 47516.0, 47824.0, 48199.0, 48283.0, 48022.0, 48154.0, 48461.0, 48079.0, 48293.0, 48312.0, 48421.0, 48227.0, 49073.0, 49289.0, 48943.0, 49416.0, 49332.0, 49417.0, 49891.0, 49709.0, 50439.0, 50325.0, 50442.0, 50724.0, 50911.0, 50603.0, 50791.0, 50790.0, 51112.0, 51523.0, 51507.0, 51384.0, 51469.0, 51750.0, 51777.0, 51569.0, 51644.0, 51873.0, 52109.0, 52011.0, 52729.0, 52597.0, 52734.0, 52687.0, 52666.0, 52661.0, 52800.0, 53287.0, 53385.0, 53362.0, 53634.0, 53357.0, 53221.0, 53958.0, 53697.0, 54056.0, 53768.0, 54159.0, 54131.0, 54332.0, 54403.0, 54244.0, 54373.0, 54169.0, 54699.0, 54769.0, 54734.0, 54441.0, 54788.0]","[0.0, 0.0, 0.0, 0.0, 0.0, 0.0, 0.0, 0.0, 0.0, 0.0, 0.0, 0.0, 0.0, 0.0, 0.0, 0.0, 0.0, 0.0, 0.0, 0.0, 0.0, 0.0, 0.0, 0.0, 0.0, 0.0, 0.0, 0.0, 0.0, 0.0, 0.0, 0.0, 0.0, 0.0, 0.0, 0.0, 0.0, 0.0, 0.0, 0.0, 0.0, 0.0, 0.0, 1.0, 0.0, 0.0, 10.0, 0.0, 0.0, 0.0, 0.0, 0.0, 0.0, 0.0, 0.0, 0.0, 0.0, 0.0, 0.0, 0.0, 0.0, 0.0, 0.0, 0.0, 0.0, 0.0, 0.0, 0.0, 0.0, 0.0, 0.0, 0.0, 0.0, 0.0, 0.0, 0.0, 0.0, 0.0, 0.0, 0.0, 0.0, 0.0, 0.0, 0.0, 0.0, 0.0, 0.0, 0.0, 0.0, 0.0, 0.0, 0.0, 0.0, 0.0, 0.0, 0.0, 0.0, 0.0, 0.0, 0.0, 0.0, 0.0, 2.0, 0.0, 0.0, 0.0, 0.0, 0.0, 0.0, 0.0, 0.0, 0.0, 0.0, 0.0, 0.0, 0.0, 0.0, 0.0, 0.0, 0.0, 0.0, 0.0, 0.0, 0.0, 0.0, 0.0, 0.0, 0.0, 0.0, 0.0, 0.0, 0.0, 0.0, 0.0, 0.0, 0.0, 0.0, 0.0, 0.0, 0.0, 0.0, 0.0, 0.0, 0.0, 0.0, 0.0, 0.0, 0.0, 0.0, 0.0, 0.0, 0.0, 0.0, 0.0, 0.0, 0.0, 0.0, -13.0, 0.0, 0.0, 0.0, 0.0, 0.0, 0.0, 0.0, 0.0, 0.0, 0.0, 0.0, 0.0, 0.0, 0.0, 0.0, 0.0, 0.0, 0.0, 0.0, 0.0, 0.0, 0.0, 0.0, 0.0, 0.0, 0.0, 0.0, 0.0, 0.0, 0.0, -3.0, 23.0, 0.0, 0.0, -4.0, 0.0, 0.0, 0.0, 0.0, 0.0, 0.0, 0.0, 0.0, 0.0, 0.0, 0.0, 0.0, 0.0, 0.0, 0.0, 0.0, 0.0, 0.0, 0.0, 0.0, 53.0, 0.0, 0.0, 0.0, 0.0, 0.0, 0.0, 0.0, 0.0, 0.0, 0.0, 0.0, 20.0, 5.0, 0.0, 0.0, 0.0, 0.0, 0.0, 0.0, 0.0, 0.0, 0.0, 0.0, -42.0, 0.0, 0.0, 0.0, 0.0, 0.0, 0.0, 0.0, 0.0, 0.0, 0.0, 0.0, 0.0, 0.0, 0.0, 0.0, 0.0, 0.0, 0.0, 0.0, 0.0, 0.0, 0.0, 0.0, 0.0, 0.0, 0.0, -6.0, 0.0, 0.0, 0.0, 0.0, 0.0, 0.0, 0.0, 0.0, 0.0, 0.0, 0.0, 0.0, 0.0, 0.0, 0.0, 0.0, 0.0, 0.0, 0.0, 0.0, 0.0, 0.0, 0.0, 0.0, 0.0, 0.0, 0.0, -4.0, 0.0, 0.0, 0.0, 0.0, 0.0, 0.0, 0.0, -8.0, 0.0, 0.0, 0.0, 0.0, 0.0, 0.0, 0.0, 0.0, 0.0, 0.0, 0.0, 0.0, 0.0, 0.0, 0.0, 20.0, 0.0, -71.0, 0.0, 0.0, 0.0, 0.0, 0.0, 0.0, 0.0, 0.0, 0.0, 0.0, 0.0, 0.0, 0.0, 0.0, 0.0, 0.0, 0.0, 0.0, 0.0, 0.0, 0.0, 0.0, 0.0, 0.0, 0.0, 0.0, 0.0, 0.0, 0.0, 0.0, 0.0, 0.0, 0.0, 0.0, 0.0, 0.0, 0.0, 0.0, 0.0, 0.0, 0.0, 0.0, 0.0, 0.0, 0.0, 0.0, 0.0, 0.0, 0.0, 0.0, 0.0, 0.0, 0.0, 0.0, 0.0, 0.0, 0.0, 0.0, 0.0, 0.0, 0.0, 0.0, 0.0, 0.0, 0.0, 0.0, 0.0, 0.0, 0.0, 0.0, 0.0, 0.0, 0.0, 0.0, 0.0, 0.0, 0.0, 0.0, 0.0, 0.0, 0.0, 0.0, 0.0, 0.0, 28.0, 0.0, 0.0, 0.0, 0.0, 0.0, 0.0, 0.0, 0.0, 0.0, 0.0, 0.0, 25.0, 0.0, 0.0, 0.0, 0.0, 0.0, 0.0, 0.0, 0.0, 0.0, 0.0, 0.0, 0.0, 0.0, 0.0, 0.0, 0.0, 0.0, 0.0, 0.0, 0.0, 0.0, 0.0, 0.0, 0.0, 0.0, 0.0, 0.0, 0.0, 0.0, 0.0, 0.0, 0.0, 0.0, 0.0, 0.0, 0.0, 0.0, 0.0, 0.0, 0.0, 0.0, 0.0, 0.0, 0.0, 0.0, 0.0, 0.0, 0.0, 0.0, 0.0, 0.0, 0.0, 0.0, 0.0, 0.0, 35.0, -5.0, 0.0, 0.0, -6.0, 0.0, 32.0, 0.0, 0.0, 0.0, 0.0, 0.0, 0.0, 0.0, 0.0, -56.0, 0.0, 0.0, 0.0, 0.0, 0.0, 77.0, 0.0, 0.0, 0.0, 0.0, 0.0, 25.0, 0.0]","[0, 1, 2, 0, 0, 2, 0, 0, 2, 1, 1, 0, 0, 0, 0, 2, 1, 1, 2, 1, 2, 0, 2, 1, 2, 2, 2, 0, 1, 0, 2, 0, 2, 0, 2, 1, 0, 0, 0, 1, 2, 2, 0, 2, 2, 0, 1, 1, 0, 0, 1, 1, 2, 1, 0, 2, 1, 1, 1, 0, 1, 0, 0, 0, 2, 0, 1, 0, 1, 2, 2, 0, 0, 0, 2, 2, 2, 1, 2, 0, 0, 2, 1, 2, 1, 0, 0, 2, 0, 0, 0, 1, 0, 0, 2, 0, 0, 0, 2, 0, 1, 0, 2, 2, 0, 1, 0, 0, 1, 1, 0, 1, 0, 2, 0, 0, 0, 2, 0, 1, 0, 0, 0, 2, 2, 1, 1, 1, 0, 2, 2, 1, 0, 2, 2, 2, 1, 0, 2, 2, 0, 0, 1, 0, 2, 1, 0, 1, 2, 1, 0, 0, 2, 1, 2, 1, 2, 0, 0, 1, 2, 0, 1, 0, 0, 2, 2, 2, 0, 0, 2, 0, 1, 2, 0, 0, 2, 1, 2, 1, 2, 0, 0, 2, 1, 1, 0, 0, 0, 2, 2, 1, 1, 2, 0, 1, 2, 2, 0, 0, 2, 1, 1, 2, 1, 2, 0, 1, 2, 1, 2, 0, 1, 0, 2, 2, 1, 2, 0, 0, 2, 1, 2, 0, 2, 1, 0, 1, 2, 0, 1, 2, 2, 0, 2, 0, 1, 1, 0, 1, 0, 1, 2, 1, 2, 0, 0, 0, 1, 2, 0, 2, 0, 1, 1, 1, 1, 0, 0, 0, 0, 1, 0, 2, 1, 0, 1, 2, 1, 0, 2, 1, 0, 0, 1, 1, 0, 0, 2, 2, 2, 1, 0, 0, 2, 1, 2, 1, 0, 2, 0, 1, 0, 1, 2, 1, 2, 0, 0, 0, 1, 0, 1, 2, 1, 0, 2, 1, 2, 0, 1, 2, 0, 0, 0, 1, 1, 0, 2, 1, 0, 2, 1, 1, 1, 2, 2, 1, 0, 0, 1, 0, 2, 2, 1, 0, 0, 1, 2, 2, 2, 1, 0, 0, 2, 2, 0, 0, 1, 0, 0, 2, 0, 1, 0, 0, 1, 0, 2, 0, 1, 2, 1, 2, 1, 2, 0, 0, 2, 1, 0, 1, 0, 2, 1, 0, 2, 2, 0, 1, 0, 0, 2, 0, 1, 1, 1, 2, 2, 0, 1, 2, 0, 0, 0, 0, 0, 2, 1, 1, 2, 0, 1, 1, 2, 2, 0, 2, 1, 1, 0, 0, 0, 0, 2, 2, 0, 1, 2, 1, 1, 0, 2, 0, 2, 1, 2, 0, 2, 1, 0, 0, 2, 1, 0, 0, 0, 0, 1, 1, 2, 1, 2, 1, 0, 0, 0, 1, 2, 2, 0, 1, 0, 0, 1, 2, 1, 2, 0, 1, 0, 1, 2, 2, 0, 1, 2, 1, 2, 1, 0, 1, 2, 0, 2, 0, 1, 2, 2, 2, 0, 0, 1, 0, 0, 1, 2, 0, 0, 1, 2, 1, 1, 0, 2, 2, 2, 1, 0, 0]",673.85,673.85,14483855.0,54788.0,132.32869601249695,673.85,673.85,0.0
cp,13,total_time,3,"[601.0, 1020.0, 1029.0, 1093.0, 1304.0, 1334.0, 1631.0, 1725.0, 1848.0, 1889.0, 2190.0, 2345.0, 2406.0, 2434.0, 2466.0, 2541.0, 2631.0, 2637.0, 2850.0, 3004.0, 3162.0, 3187.0, 3218.0, 3360.0, 3424.0, 3515.0, 3698.0, 3717.0, 3829.0, 4012.0, 4096.0, 4393.0, 4511.0, 4675.0, 4942.0, 5153.0, 5170.0, 5178.0, 5221.0, 5351.0, 5522.0, 5642.0, 5700.0, 5701.0, 5804.0, 5849.0, 5877.0, 6000.0, 6191.0, 6486.0, 6513.0, 6622.0, 6780.0, 6893.0, 6956.0, 7122.0, 7137.0, 7156.0, 7205.0, 7190.0, 7224.0, 7319.0, 7425.0, 7534.0, 7901.0, 7957.0, 8023.0, 8136.0, 8208.0, 8321.0, 8308.0, 8313.0, 8575.0, 8577.0, 8653.0, 8778.0, 8930.0, 9156.0, 9275.0, 9348.0, 9432.0, 9433.0, 9597.0, 9715.0, 9791.0, 9881.0, 10258.0, 10364.0, 10631.0, 10879.0, 11124.0, 11164.0, 11212.0, 11293.0, 11355.0, 11434.0, 11751.0, 12278.0, 12294.0, 12333.0, 12596.0, 12604.0, 12768.0, 12811.0, 12975.0, 13123.0, 13162.0, 13322.0, 13501.0, 13595.0, 13599.0, 13614.0, 13666.0, 13718.0, 13729.0, 13852.0, 13880.0, 13992.0, 14120.0, 14200.0, 14212.0, 14563.0, 14614.0, 14650.0, 14662.0, 14700.0, 14924.0, 14928.0, 15040.0, 15047.0, 15066.0, 15135.0, 15575.0, 15764.0, 15769.0, 15968.0, 16052.0, 16110.0, 16432.0, 16579.0, 16591.0, 16623.0, 16851.0, 16928.0, 16993.0, 17182.0, 17226.0, 17236.0, 17255.0, 17372.0, 17453.0, 17483.0, 17827.0, 18064.0, 18385.0, 18785.0, 18815.0, 18962.0, 19039.0, 19092.0, 19233.0, 19272.0, 19376.0, 19424.0, 19508.0, 19795.0, 20061.0, 20143.0, 20647.0, 21103.0, 21182.0, 21415.0, 21491.0, 21578.0, 21741.0, 22118.0, 22145.0, 22215.0, 22365.0, 22585.0, 22781.0, 22921.0, 22928.0, 23172.0, 23324.0, 23388.0, 23412.0, 23461.0, 23620.0, 23680.0, 23699.0, 23864.0, 23884.0, 24046.0, 24177.0, 24213.0, 24247.0, 24643.0, 24653.0, 24746.0, 24907.0, 25028.0, 25250.0, 25252.0, 25494.0, 25776.0, 25817.0, 25895.0, 25940.0, 25962.0, 26080.0, 26082.0, 26099.0, 26167.0, 26219.0, 26386.0, 26426.0, 26490.0, 26708.0, 26778.0, 26854.0, 26953.0, 27056.0, 27257.0, 27263.0, 27343.0, 27406.0, 27493.0, 27523.0, 27566.0, 27748.0, 27764.0, 27791.0, 27832.0, 27916.0, 28122.0, 28218.0, 28268.0, 28280.0, 28331.0, 28439.0, 28483.0, 28586.0, 28917.0, 28967.0, 29009.0, 29051.0, 29161.0, 29321.0, 29618.0, 29740.0, 29758.0, 29797.0, 29858.0, 29886.0, 29934.0, 29951.0, 30045.0, 30423.0, 30465.0, 30508.0, 30828.0, 30846.0, 30847.0, 30950.0, 30971.0, 31175.0, 31215.0, 31339.0, 31360.0, 31373.0, 31623.0, 31742.0, 31818.0, 31857.0, 31966.0, 31977.0, 32160.0, 32249.0, 32437.0, 32476.0, 32595.0, 32597.0, 32655.0, 32716.0, 32852.0, 32964.0, 32969.0, 32971.0, 33068.0, 33098.0, 33134.0, 33137.0, 33167.0, 33214.0, 33251.0, 33290.0, 33317.0, 33418.0, 33553.0, 33914.0, 33959.0, 34091.0, 34222.0, 34645.0, 34682.0, 34800.0, 35154.0, 35185.0, 35239.0, 35323.0, 35571.0, 35576.0, 36035.0, 36276.0, 36295.0, 36312.0, 36400.0, 36426.0, 36466.0, 36494.0, 36629.0, 36638.0, 37056.0, 37138.0, 37203.0, 37560.0, 37695.0, 37700.0, 37795.0, 37878.0, 37886.0, 38021.0, 38099.0, 38189.0, 38228.0, 38279.0, 38430.0, 38479.0, 38574.0, 38604.0, 38669.0, 38725.0, 38759.0, 38889.0, 39210.0, 39293.0, 39430.0, 39533.0, 39954.0, 39958.0, 40107.0, 40119.0, 40205.0, 40345.0, 40394.0, 40500.0, 40628.0, 40742.0, 40833.0, 40855.0, 40924.0, 40928.0, 41131.0, 41163.0, 41432.0, 41513.0, 41567.0, 41782.0, 41894.0, 41900.0, 41984.0, 41986.0, 42033.0, 42054.0, 42203.0, 42369.0, 42474.0, 42504.0, 42522.0, 42564.0, 42594.0, 42613.0, 42746.0, 42782.0, 42785.0, 42836.0, 42916.0, 42935.0, 43065.0, 43176.0, 43576.0, 43684.0, 43862.0, 43863.0, 44035.0, 44097.0, 44117.0, 44240.0, 44364.0, 44516.0, 44737.0, 44989.0, 45226.0, 45231.0, 45336.0, 45364.0, 45432.0, 45413.0, 45426.0, 45481.0, 45607.0, 45610.0, 45785.0, 46031.0, 46077.0, 46196.0, 46247.0, 46257.0, 46286.0, 46338.0, 46371.0, 46434.0, 46486.0, 46804.0, 46851.0, 46903.0, 46927.0, 47183.0, 47324.0, 47387.0, 47450.0, 47557.0, 47632.0, 47810.0, 47811.0, 47860.0, 47923.0, 47954.0, 47975.0, 48012.0, 48087.0, 48164.0, 48583.0, 48824.0, 48867.0, 49144.0, 49191.0, 49251.0, 49455.0, 49635.0, 49993.0, 50033.0, 50087.0, 50359.0, 50360.0, 50449.0, 50593.0, 50606.0, 50863.0, 50960.0, 51064.0, 51096.0, 51155.0, 51223.0, 51407.0, 51483.0, 51563.0, 51686.0, 51849.0, 51907.0, 52198.0, 52275.0, 52349.0, 52388.0, 52404.0, 52594.0, 52665.0, 52810.0, 52880.0, 52962.0, 53069.0, 53125.0, 53138.0, 53569.0, 53580.0, 53598.0, 53659.0, 53655.0, 53736.0, 53792.0, 53835.0, 53846.0, 53914.0, 53921.0, 54186.0, 54204.0, 54236.0, 54301.0, 54583.0]","[-108.0, -278.0, -545.0, -411.0, -96.0, -80.0, -205.0, -591.0, -537.0, -244.0, -178.0, -306.0, -541.0, -137.0, -598.0, -405.0, -300.0, -438.0, -324.0, -197.0, -161.0, -493.0, -534.0, -323.0, -251.0, -332.0, -415.0, -310.0, -481.0, -242.0, -135.0, -269.0, -453.0, -86.0, -341.0, -266.0, -544.0, -185.0, -397.0, -337.0, -136.0, -325.0, -243.0, -509.0, -339.0, -308.0, -335.0, -109.0, -130.0, -267.0, -576.0, -315.0, -261.0, -264.0, -250.0, -492.0, -132.0, -290.0, -143.0, -100.0, -383.0, -133.0, -419.0, -172.0, -342.0, -394.0, -132.0, -66.0, -558.0, -330.0, -541.0, -332.0, -306.0, -445.0, -336.0, -366.0, -500.0, -482.0, -590.0, -451.0, -462.0, -266.0, -193.0, -599.0, -358.0, -245.0, -102.0, -427.0, -318.0, -548.0, -568.0, -480.0, -122.0, -254.0, -271.0, -182.0, -281.0, -141.0, -419.0, -417.0, -473.0, -449.0, -360.0, -251.0, -172.0, -121.0, -513.0, -171.0, -419.0, -204.0, -276.0, -477.0, -588.0, -84.0, -74.0, -203.0, -247.0, -68.0, -375.0, -216.0, -591.0, -550.0, -409.0, -190.0, -271.0, -161.0, -98.0, -580.0, -371.0, -274.0, -456.0, -128.0, -429.0, -201.0, -476.0, -126.0, -511.0, -424.0, -148.0, -310.0, -181.0, -336.0, -149.0, -381.0, -93.0, -503.0, -358.0, -138.0, -529.0, -194.0, -415.0, -198.0, -93.0, -140.0, -389.0, -450.0, -577.0, -518.0, -279.0, -386.0, -255.0, -446.0, -400.0, -111.0, -587.0, -389.0, -446.0, -283.0, -208.0, -105.0, -472.0, -338.0, -586.0, -273.0, -488.0, -399.0, -521.0, -411.0, -583.0, -459.0, -431.0, -320.0, -471.0, -135.0, -187.0, -511.0, -595.0, -367.0, -322.0, -334.0, -270.0, -223.0, -117.0, -223.0, -405.0, -381.0, -565.0, -422.0, -316.0, -361.0, -249.0, -214.0, -134.0, -186.0, -309.0, -90.0, -393.0, -96.0, -520.0, -367.0, -103.0, -344.0, -399.0, -319.0, -81.0, -383.0, -287.0, -404.0, -201.0, -396.0, -354.0, -283.0, -445.0, -364.0, -406.0, -349.0, -278.0, -129.0, -444.0, -515.0, -400.0, -285.0, -361.0, -342.0, -397.0, -183.0, -561.0, -329.0, -500.0, -337.0, -195.0, -491.0, -71.0, -525.0, -396.0, -69.0, -191.0, -381.0, -539.0, -312.0, -319.0, -573.0, -553.0, -443.0, -239.0, -483.0, -545.0, -156.0, -298.0, -397.0, -100.0, -385.0, -539.0, -365.0, -201.0, -220.0, -167.0, -409.0, -265.0, -235.0, -397.0, -173.0, -258.0, -449.0, -532.0, -497.0, -474.0, -408.0, -126.0, -104.0, -531.0, -162.0, -403.0, -77.0, -129.0, -463.0, -519.0, -111.0, -497.0, -235.0, -94.0, -440.0, -245.0, -262.0, -500.0, -411.0, -289.0, -563.0, -181.0, -462.0, -528.0, -554.0, -433.0, -194.0, -429.0, -398.0, -376.0, -403.0, -302.0, -71.0, -539.0, -158.0, -231.0, -315.0, -448.0, -397.0, -548.0, -466.0, -389.0, -74.0, -128.0, -205.0, -129.0, -589.0, -305.0, -178.0, -435.0, -124.0, -297.0, -75.0, -95.0, -257.0, -467.0, -245.0, -205.0, -85.0, -179.0, -332.0, -473.0, -264.0, -99.0, -297.0, -372.0, -158.0, -460.0, -346.0, -206.0, -517.0, -580.0, -509.0, -101.0, -360.0, -435.0, -595.0, -481.0, -536.0, -180.0, -454.0, -376.0, -503.0, -492.0, -387.0, -240.0, -589.0, -590.0, -214.0, -132.0, -148.0, -304.0, -216.0, -294.0, -365.0, -103.0, -364.0, -443.0, -370.0, -236.0, -277.0, -452.0, -335.0, -508.0, -143.0, -287.0, -123.0, -249.0, -572.0, -295.0, -521.0, -95.0, -567.0, -250.0, -238.0, -170.0, -533.0, -63.0, -100.0, -366.0, -265.0, -207.0, -155.0, -122.0, -444.0, -418.0, -427.0, -388.0, -426.0, -70.0, -494.0, -200.0, -439.0, -157.0, -151.0, -379.0, -64.0, -530.0, -364.0, -184.0, -345.0, -96.0, -101.0, -381.0, -385.0, -267.0, -135.0, -154.0, -68.0, -237.0, -125.0, -160.0, -316.0, -461.0, -66.0, -267.0, -567.0, -473.0, -211.0, -294.0, -538.0, -125.0, -318.0, -300.0, -334.0, -63.0, -490.0, -465.0, -76.0, -272.0, -141.0, -166.0, -436.0, -74.0, -446.0, -292.0, -355.0, -365.0, -551.0, -154.0, -198.0, -184.0, -249.0, -563.0, -443.0, -288.0, -314.0, -527.0, -370.0, -86.0, -81.0, -187.0, -260.0, -104.0, -496.0, -327.0, -385.0, -299.0, -268.0, -67.0, -103.0, -477.0, -505.0, -400.0, -565.0, -232.0, -83.0, -389.0, -117.0, -514.0, -109.0, -504.0, -395.0, -540.0, -568.0, -321.0, -459.0, -248.0, -513.0, -565.0, -498.0, -115.0, -205.0]","[0, 1, 0, 2, 0, 2, 0, 2, 2, 1, 1, 0, 1, 2, 0, 1, 2, 0, 0, 1, 0, 1, 2, 1, 2, 1, 0, 2, 0, 2, 0, 1, 0, 1, 0, 0, 2, 1, 0, 0, 2, 2, 0, 1, 1, 0, 2, 1, 2, 1, 0, 2, 1, 0, 1, 2, 0, 1, 0, 2, 1, 2, 0, 1, 2, 1, 2, 1, 0, 0, 2, 1, 0, 1, 2, 0, 1, 2, 0, 2, 1, 0, 2, 1, 2, 0, 2, 1, 1, 1, 1, 2, 0, 1, 0, 2, 1, 1, 0, 2, 2, 1, 0, 2, 0, 1, 0, 2, 2, 0, 1, 2, 0, 2, 1, 0, 2, 1, 2, 2, 1, 2, 1, 0, 2, 1, 0, 1, 0, 1, 2, 2, 2, 2, 1, 0, 1, 2, 0, 2, 0, 1, 1, 2, 0, 2, 0, 1, 2, 0, 1, 2, 1, 2, 0, 0, 2, 1, 2, 0, 0, 1, 0, 2, 0, 1, 1, 2, 2, 1, 2, 2, 0, 2, 2, 1, 0, 1, 0, 1, 2, 0, 2, 0, 0, 2, 0, 2, 0, 1, 2, 0, 1, 1, 1, 2, 0, 1, 2, 2, 2, 0, 2, 0, 0, 1, 0, 1, 0, 2, 1, 0, 2, 2, 1, 2, 0, 1, 2, 1, 2, 0, 1, 2, 0, 0, 2, 2, 0, 1, 0, 2, 1, 0, 0, 2, 1, 0, 2, 1, 1, 0, 0, 1, 2, 0, 1, 0, 0, 2, 0, 2, 1, 0, 2, 1, 0, 2, 2, 0, 1, 0, 1, 2, 1, 2, 1, 0, 2, 0, 1, 1, 0, 1, 2, 1, 0, 1, 2, 0, 1, 1, 0, 2, 0, 2, 1, 0, 2, 0, 1, 2, 0, 1, 2, 0, 1, 2, 0, 0, 1, 2, 1, 2, 0, 2, 0, 1, 2, 0, 2, 2, 0, 0, 1, 2, 0, 2, 1, 0, 2, 0, 2, 0, 2, 1, 1, 2, 1, 2, 2, 1, 0, 2, 2, 0, 1, 0, 1, 1, 0, 1, 2, 0, 1, 2, 1, 0, 0, 1, 2, 2, 1, 1, 0, 1, 0, 0, 1, 1, 2, 0, 2, 2, 1, 2, 2, 0, 1, 0, 1, 0, 2, 1, 2, 2, 2, 2, 0, 1, 2, 0, 1, 0, 2, 1, 0, 1, 2, 0, 2, 2, 1, 1, 0, 2, 0, 1, 0, 0, 0, 2, 1, 2, 1, 1, 0, 0, 2, 1, 2, 2, 0, 2, 2, 0, 1, 2, 0, 1, 2, 0, 1, 0, 2, 0, 1, 2, 1, 0, 2, 1, 2, 1, 0, 1, 2, 0, 2, 1, 0, 2, 1, 2, 2, 0, 1, 2, 0, 2, 0, 2, 1, 0, 0, 1, 2, 1, 0, 2, 2, 2, 0, 1, 1, 2, 0, 2, 2, 2, 1, 0, 1, 0, 1, 2, 1, 0, 1, 0, 2, 0, 1, 2, 1, 2, 0, 1, 2, 0, 2, 0, 1, 1, 2, 1, 0, 2, 0, 1]",14322338.0,243718.68,14322338.0,54583.0,5.40341591835022,14322338.0,14322338.0,0.0
cp,13,makespan,3,"[2258.0, 1020.0, 2823.0, 2891.0, 2755.0, 2665.0, 2597.0, 2484.0, 2394.0, 2326.0, 2190.0, 4099.0, 4031.0, 3941.0, 3828.0, 3738.0, 3670.0, 3602.0, 3512.0, 3444.0, 3376.0, 3286.0, 3218.0, 5143.0, 5211.0, 5279.0, 5075.0, 4940.0, 4850.0, 4760.0, 4692.0, 4624.0, 4511.0, 6415.0, 6664.0, 6596.0, 6528.0, 6347.0, 6257.0, 6189.0, 6076.0, 6008.0, 5940.0, 5872.0, 5804.0, 7616.0, 7526.0, 7413.0, 7345.0, 7232.0, 7164.0, 7029.0, 6961.0, 6893.0, 8746.0, 8882.0, 8814.0, 8656.0, 8588.0, 8453.0, 8363.0, 8273.0, 8183.0, 8115.0, 8025.0, 7957.0, 9808.0, 9740.0, 9605.0, 9537.0, 9469.0, 9401.0, 9311.0, 9243.0, 9175.0, 9040.0, 8950.0, 10914.0, 10982.0, 10824.0, 10756.0, 10688.0, 10620.0, 10552.0, 10439.0, 10371.0, 10258.0, 12112.0, 12044.0, 11909.0, 11819.0, 11751.0, 11638.0, 11570.0, 11502.0, 11434.0, 13524.0, 14043.0, 13975.0, 13907.0, 13794.0, 13704.0, 13614.0, 13456.0, 13343.0, 13275.0, 13162.0, 14970.0, 14857.0, 14789.0, 14721.0, 14653.0, 14563.0, 14495.0, 14405.0, 14337.0, 14269.0, 14201.0, 14133.0, 15992.0, 15924.0, 15834.0, 15766.0, 15653.0, 15563.0, 15473.0, 15405.0, 15337.0, 15224.0, 15134.0, 15066.0, 16894.0, 17369.0, 17459.0, 17301.0, 17188.0, 17120.0, 17052.0, 16962.0, 16781.0, 16691.0, 16623.0, 18641.0, 18573.0, 18505.0, 18415.0, 18347.0, 18279.0, 18166.0, 18098.0, 18008.0, 17940.0, 17827.0, 19838.0, 19906.0, 19725.0, 19657.0, 19589.0, 19521.0, 19453.0, 19340.0, 19272.0, 21121.0, 21211.0, 21031.0, 20963.0, 20828.0, 20760.0, 20647.0, 22757.0, 22960.0, 22892.0, 22667.0, 22599.0, 22509.0, 22396.0, 22328.0, 22215.0, 24140.0, 24366.0, 24434.0, 24298.0, 24208.0, 24027.0, 23959.0, 23891.0, 23778.0, 23710.0, 23620.0, 25443.0, 25375.0, 25262.0, 25172.0, 25082.0, 24992.0, 24924.0, 24811.0, 24743.0, 24653.0, 26506.0, 26438.0, 26370.0, 26280.0, 26212.0, 26144.0, 26031.0, 25963.0, 25895.0, 27453.0, 27363.0, 27273.0, 27183.0, 27115.0, 27047.0, 26979.0, 26911.0, 28132.0, 26843.0, 26708.0, 28471.0, 28403.0, 28290.0, 28200.0, 28064.0, 27996.0, 27883.0, 27815.0, 27702.0, 27634.0, 27566.0, 29490.0, 29558.0, 29422.0, 29354.0, 29241.0, 29151.0, 29061.0, 28971.0, 28881.0, 28813.0, 28723.0, 28655.0, 28587.0, 30650.0, 30763.0, 30582.0, 30469.0, 30401.0, 30288.0, 30220.0, 30152.0, 30039.0, 29971.0, 29858.0, 31616.0, 31548.0, 31435.0, 31367.0, 31299.0, 31186.0, 31096.0, 31028.0, 30960.0, 30847.0, 32407.0, 32317.0, 32249.0, 32136.0, 32068.0, 32000.0, 31932.0, 31819.0, 31751.0, 33064.0, 32996.0, 32883.0, 32793.0, 32725.0, 32657.0, 32544.0, 32476.0, 33968.0, 33878.0, 33810.0, 33697.0, 33607.0, 33539.0, 33471.0, 33358.0, 33290.0, 33222.0, 33154.0, 34895.0, 34827.0, 34714.0, 34646.0, 34578.0, 34465.0, 34397.0, 34329.0, 34239.0, 34171.0, 34103.0, 35955.0, 36248.0, 36158.0, 36090.0, 35865.0, 35775.0, 35707.0, 35639.0, 35571.0, 37352.0, 37420.0, 37239.0, 37171.0, 37103.0, 37035.0, 36900.0, 36810.0, 36742.0, 36629.0, 38405.0, 38337.0, 38247.0, 38134.0, 38066.0, 37976.0, 37863.0, 37795.0, 38906.0, 39675.0, 39788.0, 39607.0, 39494.0, 39426.0, 39313.0, 39245.0, 39155.0, 39042.0, 38974.0, 38793.0, 38725.0, 40499.0, 40431.0, 40318.0, 40228.0, 40138.0, 40048.0, 41448.0, 39958.0, 41901.0, 41833.0, 41720.0, 41652.0, 41584.0, 41516.0, 41335.0, 41267.0, 41154.0, 41086.0, 40996.0, 40928.0, 42732.0, 42619.0, 42551.0, 42483.0, 42415.0, 42347.0, 42257.0, 42144.0, 42054.0, 41986.0, 43643.0, 43847.0, 43779.0, 43711.0, 43530.0, 43462.0, 43394.0, 43259.0, 43191.0, 43123.0, 43033.0, 42965.0, 42897.0, 42829.0, 44645.0, 44713.0, 44532.0, 44442.0, 44374.0, 44306.0, 44238.0, 44148.0, 44035.0, 45859.0, 45746.0, 45678.0, 45565.0, 45497.0, 45429.0, 45339.0, 45226.0, 46869.0, 46801.0, 46733.0, 46665.0, 46597.0, 46529.0, 46461.0, 46393.0, 46303.0, 46235.0, 46145.0, 46077.0, 47839.0, 47749.0, 47659.0, 47569.0, 47479.0, 47411.0, 47343.0, 47208.0, 47140.0, 47027.0, 46937.0, 48721.0, 48789.0, 48653.0, 48540.0, 48450.0, 48382.0, 48269.0, 48201.0, 48133.0, 48020.0, 47952.0, 49687.0, 49597.0, 49529.0, 49461.0, 49393.0, 49280.0, 49212.0, 50540.0, 49144.0, 50970.0, 50902.0, 50812.0, 50744.0, 50676.0, 50608.0, 50427.0, 50359.0, 51331.0, 51263.0, 51173.0, 51060.0, 51814.0, 51746.0, 51678.0, 51610.0, 51904.0, 51497.0, 51407.0, 52243.0, 52175.0, 52062.0, 51972.0, 52833.0, 52743.0, 52653.0, 52585.0, 52472.0, 52404.0, 52946.0, 53036.0, 53104.0, 53488.0, 53398.0, 53330.0, 53262.0, 53172.0, 53648.0, 53580.0, 53828.0, 53625.0, 53948.0, 53736.0, 53918.0, 53835.0, 54369.0, 54143.0, 54016.0, 54211.0, 54505.0, 54279.0, 54437.0, 54583.0]","[1549.0, -278.0, 1249.0, 1387.0, 1355.0, 1251.0, 761.0, 168.0, 9.0, 193.0, -178.0, 1448.0, 1084.0, 1370.0, 764.0, 792.0, 739.0, 527.0, 338.0, 243.0, 53.0, -394.0, -534.0, 1460.0, 1536.0, 1432.0, 962.0, 913.0, 540.0, 506.0, 461.0, -38.0, -453.0, 1654.0, 1381.0, 1177.0, 814.0, 984.0, 639.0, 501.0, 418.0, 41.0, -3.0, -338.0, -339.0, 1459.0, 1314.0, 1304.0, 1024.0, 479.0, 75.0, 92.0, -80.0, -264.0, 1540.0, 1268.0, 1545.0, 1210.0, 1240.0, 1163.0, 756.0, 821.0, 339.0, 409.0, -218.0, -394.0, 1653.0, 1538.0, 839.0, 886.0, 620.0, 756.0, 430.0, 221.0, 186.0, -104.0, -480.0, 1276.0, 1117.0, 1025.0, 862.0, 989.0, 830.0, 238.0, 290.0, 245.0, -102.0, 1321.0, 1095.0, 482.0, 127.0, 107.0, 304.0, 23.0, -124.0, -182.0, 1492.0, 1624.0, 1262.0, 1157.0, 725.0, 651.0, 486.0, 394.0, 196.0, 31.0, -513.0, 1477.0, 937.0, 990.0, 846.0, 562.0, 309.0, 693.0, 602.0, 282.0, 142.0, 141.0, -362.0, 1576.0, 1121.0, 721.0, 743.0, 813.0, 630.0, 612.0, 383.0, -171.0, -187.0, -187.0, -456.0, 1631.0, 1365.0, 1494.0, 1056.0, 1094.0, 557.0, 518.0, 382.0, -108.0, -81.0, -336.0, 1641.0, 1264.0, 1419.0, 730.0, 763.0, 905.0, 382.0, 532.0, 140.0, 259.0, -93.0, 1634.0, 1132.0, 490.0, 265.0, 109.0, 203.0, -25.0, -148.0, -446.0, 1345.0, 1676.0, 936.0, 779.0, 321.0, 334.0, -208.0, 1549.0, 1306.0, 1139.0, 590.0, 748.0, 280.0, -121.0, -338.0, -411.0, 1192.0, 1322.0, 1222.0, 1057.0, 809.0, 720.0, 448.0, -8.0, -229.0, -118.0, -322.0, 1429.0, 1406.0, 1175.0, 1171.0, 813.0, 410.0, 330.0, -1.0, -322.0, -316.0, 1399.0, 1282.0, 1128.0, 896.0, 774.0, 341.0, 165.0, -247.0, -96.0, 993.0, 1034.0, 1090.0, 757.0, 617.0, 561.0, 679.0, 142.0, 1419.0, -51.0, -201.0, 1297.0, 1195.0, 1054.0, 699.0, 443.0, 327.0, 191.0, 131.0, 80.0, -333.0, -515.0, 1342.0, 1509.0, 1270.0, 1180.0, 928.0, 846.0, 282.0, 374.0, 101.0, 145.0, 89.0, -319.0, -70.0, 1208.0, 1400.0, 1504.0, 1227.0, 859.0, 428.0, 290.0, 93.0, -292.0, -379.0, -443.0, 1491.0, 1131.0, 939.0, 1166.0, 578.0, 324.0, 488.0, -185.0, -425.0, -365.0, 1256.0, 1126.0, 907.0, 512.0, 464.0, 405.0, 162.0, 23.0, -249.0, 797.0, 607.0, 420.0, 342.0, 157.0, 282.0, 3.0, -531.0, 1211.0, 878.0, 1078.0, 852.0, 292.0, 56.0, 391.0, -110.0, -13.0, 30.0, -420.0, 1513.0, 1398.0, 1000.0, 984.0, 999.0, 585.0, 798.0, 314.0, -203.0, -342.0, -421.0, 1539.0, 1174.0, 1078.0, 914.0, 308.0, 288.0, 397.0, -223.0, -158.0, 1545.0, 1070.0, 515.0, 479.0, 243.0, 169.0, 85.0, 270.0, 120.0, -205.0, 1638.0, 692.0, 804.0, 753.0, 71.0, 157.0, -134.0, -75.0, 933.0, 1532.0, 1300.0, 1263.0, 1100.0, 1113.0, 855.0, 483.0, 203.0, 204.0, 271.0, -173.0, -372.0, 1582.0, 1082.0, 762.0, 729.0, 191.0, -65.0, 985.0, -101.0, 1434.0, 1279.0, 920.0, 826.0, 654.0, 836.0, 253.0, 149.0, -182.0, -261.0, -315.0, -240.0, 1012.0, 866.0, 905.0, 838.0, 700.0, 261.0, 147.0, -50.0, -295.0, -103.0, 1246.0, 1350.0, 1206.0, 1106.0, 779.0, 506.0, 537.0, 187.0, 454.0, 223.0, 164.0, -66.0, -460.0, -302.0, 1208.0, 1683.0, 900.0, 1016.0, 560.0, 452.0, -157.0, 222.0, -100.0, 1396.0, 1364.0, 1231.0, 1046.0, 859.0, 248.0, -68.0, -427.0, 1250.0, 1039.0, 1299.0, 739.0, 984.0, 664.0, 823.0, 635.0, 314.0, 386.0, -416.0, -364.0, 1459.0, 1157.0, 1306.0, 1182.0, 760.0, 655.0, 642.0, 587.0, 182.0, 108.0, -203.0, 1669.0, 1446.0, 1013.0, 692.0, 934.0, 558.0, 70.0, -82.0, 111.0, -134.0, -509.0, 1608.0, 1304.0, 1217.0, 1040.0, 1166.0, 207.0, -77.0, 1597.0, -272.0, 1638.0, 1485.0, 921.0, 1035.0, 237.0, 283.0, -15.0, -365.0, 420.0, 660.0, 382.0, 270.0, 702.0, 223.0, 171.0, 226.0, 435.0, -253.0, -370.0, 674.0, 531.0, 189.0, -137.0, 822.0, 49.0, 51.0, -149.0, -215.0, -268.0, 285.0, 268.0, -183.0, 103.0, 36.0, -304.0, -95.0, -49.0, -310.0, -117.0, -284.0, -143.0, -211.0, -395.0, -414.0, -568.0, 202.0, -230.0, -153.0, -488.0, -264.0, -455.0, 21.0, -205.0]","[0, 1, 0, 1, 1, 2, 1, 2, 2, 2, 2, 2, 0, 2, 0, 0, 2, 2, 2, 1, 2, 2, 2, 0, 1, 0, 2, 0, 0, 0, 0, 2, 1, 0, 1, 2, 1, 2, 1, 0, 1, 1, 2, 2, 1, 1, 1, 2, 2, 2, 1, 0, 1, 2, 0, 1, 0, 2, 0, 2, 2, 2, 0, 1, 2, 2, 1, 2, 2, 0, 2, 2, 0, 2, 2, 2, 0, 0, 1, 1, 0, 2, 2, 2, 1, 0, 0, 1, 2, 2, 0, 2, 2, 2, 1, 1, 0, 1, 1, 0, 2, 1, 0, 2, 2, 2, 0, 1, 1, 2, 2, 2, 2, 2, 1, 2, 2, 0, 1, 2, 2, 2, 2, 1, 2, 0, 1, 2, 0, 0, 2, 2, 1, 2, 2, 0, 0, 2, 2, 0, 0, 1, 2, 0, 1, 1, 0, 1, 0, 2, 2, 2, 2, 2, 2, 2, 0, 1, 1, 0, 1, 0, 0, 1, 2, 2, 2, 1, 0, 2, 2, 2, 1, 2, 1, 1, 2, 1, 1, 0, 2, 2, 0, 0, 2, 1, 2, 2, 2, 1, 2, 1, 0, 2, 2, 0, 2, 1, 1, 0, 1, 0, 2, 2, 2, 1, 2, 0, 2, 0, 0, 1, 1, 2, 0, 1, 0, 2, 0, 1, 0, 2, 2, 1, 2, 0, 2, 0, 2, 1, 1, 1, 1, 0, 0, 2, 0, 0, 0, 1, 1, 2, 0, 2, 2, 2, 2, 2, 1, 1, 1, 2, 2, 2, 2, 1, 1, 0, 2, 2, 2, 2, 1, 1, 2, 1, 0, 2, 0, 2, 2, 1, 2, 2, 2, 0, 2, 2, 0, 1, 2, 2, 2, 1, 1, 2, 1, 2, 1, 0, 0, 2, 1, 0, 0, 0, 2, 1, 2, 0, 2, 2, 2, 2, 2, 2, 1, 2, 2, 1, 0, 1, 1, 1, 1, 2, 1, 0, 0, 2, 2, 0, 2, 2, 2, 1, 2, 2, 1, 0, 0, 1, 2, 1, 2, 2, 2, 1, 2, 0, 0, 2, 1, 2, 2, 2, 1, 2, 2, 2, 0, 2, 0, 1, 2, 1, 0, 1, 2, 2, 0, 1, 1, 0, 0, 2, 0, 1, 2, 1, 2, 2, 2, 2, 2, 1, 0, 2, 2, 1, 2, 2, 2, 2, 0, 0, 1, 2, 1, 1, 2, 1, 1, 2, 2, 1, 1, 2, 2, 1, 2, 2, 2, 1, 0, 0, 0, 2, 2, 2, 0, 0, 1, 2, 2, 2, 0, 2, 2, 2, 2, 0, 1, 2, 0, 0, 2, 0, 1, 2, 0, 1, 2, 2, 1, 2, 2, 2, 0, 0, 2, 0, 2, 2, 2, 2, 0, 2, 2, 2, 2, 1, 2, 0, 0, 2, 0, 1, 1, 2, 1, 0, 2, 2, 2, 0, 1, 1, 2, 1, 0, 1, 1, 1, 1, 0, 1, 2, 1, 1, 2, 2, 0, 2, 1, 1, 0, 2, 2, 2, 1, 2, 0, 2, 2, 2, 2, 2, 0, 0]",54583.0,479404.43,14747305.0,54583.0,1.4603328704833984,54583.0,54583.0,0.0
